# seven closed solids: six in a ring around a central torus
# flat-faced solids carry per-face duplicated vertices so averaged
# normals stay flat; spheres and the torus share vertices and stay smooth
mtllib solids_scene.mtl
v 1.800555 0.808118 0.000000
v 2.799445 0.808118 0.000000
v 1.800555 -0.808118 0.000000
v 2.799445 -0.808118 0.000000
v 2.300000 -0.499445 0.808118
v 2.300000 0.499445 0.808118
v 2.300000 -0.499445 -0.808118
v 2.300000 0.499445 -0.808118
v 3.108118 0.000000 -0.499445
v 3.108118 0.000000 0.499445
v 1.491882 0.000000 -0.499445
v 1.491882 0.000000 0.499445
v 1.531434 0.475000 0.293566
v 1.825000 0.293566 0.768566
v 2.006434 0.768566 0.475000
v 2.593566 0.768566 0.475000
v 2.300000 0.950000 0.000000
v 2.593566 0.768566 -0.475000
v 2.006434 0.768566 -0.475000
v 1.825000 0.293566 -0.768566
v 1.531434 0.475000 -0.293566
v 1.350000 0.000000 0.000000
v 2.775000 0.293566 0.768566
v 3.068566 0.475000 0.293566
v 1.825000 -0.293566 0.768566
v 2.300000 0.000000 0.950000
v 1.531434 -0.475000 -0.293566
v 1.531434 -0.475000 0.293566
v 2.300000 0.000000 -0.950000
v 1.825000 -0.293566 -0.768566
v 3.068566 0.475000 -0.293566
v 2.775000 0.293566 -0.768566
v 3.068566 -0.475000 0.293566
v 2.775000 -0.293566 0.768566
v 2.593566 -0.768566 0.475000
v 2.006434 -0.768566 0.475000
v 2.300000 -0.950000 0.000000
v 2.006434 -0.768566 -0.475000
v 2.593566 -0.768566 -0.475000
v 2.775000 -0.293566 -0.768566
v 3.068566 -0.475000 -0.293566
v 3.250000 0.000000 0.000000
v 1.640909 0.666944 0.152591
v 1.741604 0.653781 0.404059
v 1.887806 0.819535 0.246897
v 1.633056 0.152591 0.659091
v 1.646219 0.404059 0.558396
v 1.480465 0.246897 0.412194
v 2.147409 0.659091 0.666944
v 1.895941 0.558396 0.653781
v 2.053103 0.412194 0.819535
v 2.145663 0.903504 0.249722
v 2.040397 0.913841 0.000000
v 2.452591 0.659091 0.666944
v 2.300000 0.808118 0.499445
v 2.559603 0.913841 0.000000
v 2.454337 0.903504 0.249722
v 2.712194 0.819535 0.246897
v 2.145663 0.903504 -0.249722
v 1.887806 0.819535 -0.246897
v 2.712194 0.819535 -0.246897
v 2.454337 0.903504 -0.249722
v 2.147409 0.659091 -0.666944
v 2.300000 0.808118 -0.499445
v 2.452591 0.659091 -0.666944
v 1.741604 0.653781 -0.404059
v 1.640909 0.666944 -0.152591
v 2.053103 0.412194 -0.819535
v 1.895941 0.558396 -0.653781
v 1.480465 0.246897 -0.412194
v 1.646219 0.404059 -0.558396
v 1.633056 0.152591 -0.659091
v 1.491882 0.499445 0.000000
v 1.386159 0.000000 -0.259603
v 1.396496 0.249722 -0.154337
v 1.396496 0.249722 0.154337
v 1.386159 0.000000 0.259603
v 2.858396 0.653781 0.404059
v 2.959091 0.666944 0.152591
v 2.546897 0.412194 0.819535
v 2.704059 0.558396 0.653781
v 3.119535 0.246897 0.412194
v 2.953781 0.404059 0.558396
v 2.966944 0.152591 0.659091
v 2.050278 0.154337 0.903504
v 2.300000 0.259603 0.913841
v 1.633056 -0.152591 0.659091
v 1.800555 0.000000 0.808118
v 2.300000 -0.259603 0.913841
v 2.050278 -0.154337 0.903504
v 2.053103 -0.412194 0.819535
v 1.396496 -0.249722 0.154337
v 1.480465 -0.246897 0.412194
v 1.480465 -0.246897 -0.412194
v 1.396496 -0.249722 -0.154337
v 1.640909 -0.666944 0.152591
v 1.491882 -0.499445 0.000000
v 1.640909 -0.666944 -0.152591
v 1.800555 0.000000 -0.808118
v 1.633056 -0.152591 -0.659091
v 2.300000 0.259603 -0.913841
v 2.050278 0.154337 -0.903504
v 2.053103 -0.412194 -0.819535
v 2.050278 -0.154337 -0.903504
v 2.300000 -0.259603 -0.913841
v 2.704059 0.558396 -0.653781
v 2.546897 0.412194 -0.819535
v 2.959091 0.666944 -0.152591
v 2.858396 0.653781 -0.404059
v 2.966944 0.152591 -0.659091
v 2.953781 0.404059 -0.558396
v 3.119535 0.246897 -0.412194
v 2.959091 -0.666944 0.152591
v 2.858396 -0.653781 0.404059
v 2.712194 -0.819535 0.246897
v 2.966944 -0.152591 0.659091
v 2.953781 -0.404059 0.558396
v 3.119535 -0.246897 0.412194
v 2.452591 -0.659091 0.666944
v 2.704059 -0.558396 0.653781
v 2.546897 -0.412194 0.819535
v 2.454337 -0.903504 0.249722
v 2.559603 -0.913841 0.000000
v 2.147409 -0.659091 0.666944
v 2.300000 -0.808118 0.499445
v 2.040397 -0.913841 0.000000
v 2.145663 -0.903504 0.249722
v 1.887806 -0.819535 0.246897
v 2.454337 -0.903504 -0.249722
v 2.712194 -0.819535 -0.246897
v 1.887806 -0.819535 -0.246897
v 2.145663 -0.903504 -0.249722
v 2.452591 -0.659091 -0.666944
v 2.300000 -0.808118 -0.499445
v 2.147409 -0.659091 -0.666944
v 2.858396 -0.653781 -0.404059
v 2.959091 -0.666944 -0.152591
v 2.546897 -0.412194 -0.819535
v 2.704059 -0.558396 -0.653781
v 3.119535 -0.246897 -0.412194
v 2.953781 -0.404059 -0.558396
v 2.966944 -0.152591 -0.659091
v 3.108118 -0.499445 0.000000
v 3.213841 0.000000 -0.259603
v 3.203504 -0.249722 -0.154337
v 3.203504 -0.249722 0.154337
v 3.213841 0.000000 0.259603
v 2.549722 -0.154337 0.903504
v 2.799445 0.000000 0.808118
v 2.549722 0.154337 0.903504
v 1.741604 -0.653781 0.404059
v 1.895941 -0.558396 0.653781
v 1.646219 -0.404059 0.558396
v 1.895941 -0.558396 -0.653781
v 1.741604 -0.653781 -0.404059
v 1.646219 -0.404059 -0.558396
v 2.799445 0.000000 -0.808118
v 2.549722 -0.154337 -0.903504
v 2.549722 0.154337 -0.903504
v 3.203504 0.249722 0.154337
v 3.203504 0.249722 -0.154337
v 3.108118 0.499445 0.000000
v 1.715140 0.744651 0.077032
v 1.757311 0.753017 0.202372
v 1.839780 0.821683 0.124640
v 1.628249 0.571426 0.353161
v 1.684959 0.667194 0.281204
v 1.579280 0.576484 0.225232
v 1.943713 0.801716 0.364433
v 1.809684 0.744279 0.328845
v 1.868709 0.720039 0.445008
v 1.555349 0.077032 0.584860
v 1.546983 0.202372 0.542689
v 1.478317 0.124640 0.460220
v 1.728574 0.353161 0.671751
v 1.632806 0.281204 0.615041
v 1.723516 0.225232 0.720720
v 1.498284 0.364433 0.356287
v 1.555721 0.328845 0.490316
v 1.579961 0.445008 0.431291
v 2.222968 0.584860 0.744651
v 2.097628 0.542689 0.753017
v 2.175360 0.460220 0.821683
v 1.946839 0.671751 0.571426
v 2.018796 0.615041 0.667194
v 2.074768 0.720720 0.576484
v 1.935567 0.356287 0.801716
v 1.971155 0.490316 0.744279
v 1.854992 0.431291 0.720039
v 1.685751 0.536042 0.487707
v 1.763958 0.487707 0.614249
v 1.812293 0.614249 0.536042
v 1.959683 0.878089 0.125073
v 1.916812 0.869291 0.000000
v 2.073257 0.846456 0.366878
v 2.013804 0.870432 0.250879
v 2.168945 0.940917 0.000000
v 2.090889 0.918073 0.126153
v 2.221870 0.938304 0.126418
v 2.377032 0.584860 0.744651
v 2.300000 0.667762 0.675718
v 2.448613 0.798169 0.493296
v 2.377085 0.741194 0.589228
v 2.525232 0.720720 0.576484
v 2.222915 0.741194 0.589228
v 2.151387 0.798169 0.493296
v 2.683188 0.869291 0.000000
v 2.640317 0.878089 0.125073
v 2.760220 0.821683 0.124640
v 2.378130 0.938304 0.126418
v 2.509111 0.918073 0.126153
v 2.431055 0.940917 0.000000
v 2.656287 0.801716 0.364433
v 2.586196 0.870432 0.250879
v 2.526743 0.846456 0.366878
v 2.221793 0.867333 0.379627
v 2.378207 0.867333 0.379627
v 2.300000 0.915668 0.253084
v 1.959683 0.878089 -0.125073
v 1.839780 0.821683 -0.124640
v 2.221870 0.938304 -0.126418
v 2.090889 0.918073 -0.126153
v 1.943713 0.801716 -0.364433
v 2.013804 0.870432 -0.250879
v 2.073257 0.846456 -0.366878
v 2.760220 0.821683 -0.124640
v 2.640317 0.878089 -0.125073
v 2.526743 0.846456 -0.366878
v 2.586196 0.870432 -0.250879
v 2.656287 0.801716 -0.364433
v 2.509111 0.918073 -0.126153
v 2.378130 0.938304 -0.126418
v 2.222968 0.584860 -0.744651
v 2.300000 0.667762 -0.675718
v 2.377032 0.584860 -0.744651
v 2.151387 0.798169 -0.493296
v 2.222915 0.741194 -0.589228
v 2.074768 0.720720 -0.576484
v 2.525232 0.720720 -0.576484
v 2.377085 0.741194 -0.589228
v 2.448613 0.798169 -0.493296
v 2.300000 0.915668 -0.253084
v 2.378207 0.867333 -0.379627
v 2.221793 0.867333 -0.379627
v 1.757311 0.753017 -0.202372
v 1.715140 0.744651 -0.077032
v 1.868709 0.720039 -0.445008
v 1.809684 0.744279 -0.328845
v 1.579280 0.576484 -0.225232
v 1.684959 0.667194 -0.281204
v 1.628249 0.571426 -0.353161
v 2.175360 0.460220 -0.821683
v 2.097628 0.542689 -0.753017
v 1.854992 0.431291 -0.720039
v 1.971155 0.490316 -0.744279
v 1.935567 0.356287 -0.801716
v 2.018796 0.615041 -0.667194
v 1.946839 0.671751 -0.571426
v 1.478317 0.124640 -0.460220
v 1.546983 0.202372 -0.542689
v 1.555349 0.077032 -0.584860
v 1.579961 0.445008 -0.431291
v 1.555721 0.328845 -0.490316
v 1.498284 0.364433 -0.356287
v 1.723516 0.225232 -0.720720
v 1.632806 0.281204 -0.615041
v 1.728574 0.353161 -0.671751
v 1.812293 0.614249 -0.536042
v 1.763958 0.487707 -0.614249
v 1.685751 0.536042 -0.487707
v 1.632238 0.675718 0.000000
v 1.501831 0.493296 -0.148613
v 1.558806 0.589228 -0.077085
v 1.558806 0.589228 0.077085
v 1.501831 0.493296 0.148613
v 1.430709 0.000000 -0.383188
v 1.421911 0.125073 -0.340317
v 1.361696 0.126418 -0.078130
v 1.381927 0.126153 -0.209111
v 1.359083 0.000000 -0.131055
v 1.429568 0.250879 -0.286196
v 1.453544 0.366878 -0.226743
v 1.421911 0.125073 0.340317
v 1.430709 0.000000 0.383188
v 1.453544 0.366878 0.226743
v 1.429568 0.250879 0.286196
v 1.359083 0.000000 0.131055
v 1.381927 0.126153 0.209111
v 1.361696 0.126418 0.078130
v 1.432667 0.379627 -0.078207
v 1.384332 0.253084 0.000000
v 1.432667 0.379627 0.078207
v 2.842689 0.753017 0.202372
v 2.884860 0.744651 0.077032
v 2.731291 0.720039 0.445008
v 2.790316 0.744279 0.328845
v 3.020720 0.576484 0.225232
v 2.915041 0.667194 0.281204
v 2.971751 0.571426 0.353161
v 2.424640 0.460220 0.821683
v 2.502372 0.542689 0.753017
v 2.745008 0.431291 0.720039
v 2.628845 0.490316 0.744279
v 2.664433 0.356287 0.801716
v 2.581204 0.615041 0.667194
v 2.653161 0.671751 0.571426
v 3.121683 0.124640 0.460220
v 3.053017 0.202372 0.542689
v 3.044651 0.077032 0.584860
v 3.020039 0.445008 0.431291
v 3.044279 0.328845 0.490316
v 3.101716 0.364433 0.356287
v 2.876484 0.225232 0.720720
v 2.967194 0.281204 0.615041
v 2.871426 0.353161 0.671751
v 2.787707 0.614249 0.536042
v 2.836042 0.487707 0.614249
v 2.914249 0.536042 0.487707
v 2.174927 0.340317 0.878089
v 2.300000 0.383188 0.869291
v 1.933122 0.226743 0.846456
v 2.049121 0.286196 0.870432
v 2.300000 0.131055 0.940917
v 2.173847 0.209111 0.918073
v 2.173582 0.078130 0.938304
v 1.555349 -0.077032 0.584860
v 1.624282 0.000000 0.667762
v 1.806704 -0.148613 0.798169
v 1.710772 -0.077085 0.741194
v 1.723516 -0.225232 0.720720
v 1.710772 0.077085 0.741194
v 1.806704 0.148613 0.798169
v 2.300000 -0.383188 0.869291
v 2.174927 -0.340317 0.878089
v 2.175360 -0.460220 0.821683
v 2.173582 -0.078130 0.938304
v 2.173847 -0.209111 0.918073
v 2.300000 -0.131055 0.940917
v 1.935567 -0.356287 0.801716
v 2.049121 -0.286196 0.870432
v 1.933122 -0.226743 0.846456
v 1.920373 0.078207 0.867333
v 1.920373 -0.078207 0.867333
v 2.046916 0.000000 0.915668
v 1.421911 -0.125073 0.340317
v 1.478317 -0.124640 0.460220
v 1.361696 -0.126418 0.078130
v 1.381927 -0.126153 0.209111
v 1.498284 -0.364433 0.356287
v 1.429568 -0.250879 0.286196
v 1.453544 -0.366878 0.226743
v 1.478317 -0.124640 -0.460220
v 1.421911 -0.125073 -0.340317
v 1.453544 -0.366878 -0.226743
v 1.429568 -0.250879 -0.286196
v 1.498284 -0.364433 -0.356287
v 1.381927 -0.126153 -0.209111
v 1.361696 -0.126418 -0.078130
v 1.715140 -0.744651 0.077032
v 1.632238 -0.675718 0.000000
v 1.715140 -0.744651 -0.077032
v 1.501831 -0.493296 0.148613
v 1.558806 -0.589228 0.077085
v 1.579280 -0.576484 0.225232
v 1.579280 -0.576484 -0.225232
v 1.558806 -0.589228 -0.077085
v 1.501831 -0.493296 -0.148613
v 1.384332 -0.253084 0.000000
v 1.432667 -0.379627 -0.078207
v 1.432667 -0.379627 0.078207
v 1.624282 0.000000 -0.667762
v 1.555349 -0.077032 -0.584860
v 1.806704 0.148613 -0.798169
v 1.710772 0.077085 -0.741194
v 1.723516 -0.225232 -0.720720
v 1.710772 -0.077085 -0.741194
v 1.806704 -0.148613 -0.798169
v 2.300000 0.383188 -0.869291
v 2.174927 0.340317 -0.878089
v 2.173582 0.078130 -0.938304
v 2.173847 0.209111 -0.918073
v 2.300000 0.131055 -0.940917
v 2.049121 0.286196 -0.870432
v 1.933122 0.226743 -0.846456
v 2.175360 -0.460220 -0.821683
v 2.174927 -0.340317 -0.878089
v 2.300000 -0.383188 -0.869291
v 1.933122 -0.226743 -0.846456
v 2.049121 -0.286196 -0.870432
v 1.935567 -0.356287 -0.801716
v 2.300000 -0.131055 -0.940917
v 2.173847 -0.209111 -0.918073
v 2.173582 -0.078130 -0.938304
v 1.920373 0.078207 -0.867333
v 2.046916 0.000000 -0.915668
v 1.920373 -0.078207 -0.867333
v 2.502372 0.542689 -0.753017
v 2.424640 0.460220 -0.821683
v 2.653161 0.671751 -0.571426
v 2.581204 0.615041 -0.667194
v 2.664433 0.356287 -0.801716
v 2.628845 0.490316 -0.744279
v 2.745008 0.431291 -0.720039
v 2.884860 0.744651 -0.077032
v 2.842689 0.753017 -0.202372
v 2.971751 0.571426 -0.353161
v 2.915041 0.667194 -0.281204
v 3.020720 0.576484 -0.225232
v 2.790316 0.744279 -0.328845
v 2.731291 0.720039 -0.445008
v 3.044651 0.077032 -0.584860
v 3.053017 0.202372 -0.542689
v 3.121683 0.124640 -0.460220
v 2.871426 0.353161 -0.671751
v 2.967194 0.281204 -0.615041
v 2.876484 0.225232 -0.720720
v 3.101716 0.364433 -0.356287
v 3.044279 0.328845 -0.490316
v 3.020039 0.445008 -0.431291
v 2.787707 0.614249 -0.536042
v 2.914249 0.536042 -0.487707
v 2.836042 0.487707 -0.614249
v 2.884860 -0.744651 0.077032
v 2.842689 -0.753017 0.202372
v 2.760220 -0.821683 0.124640
v 2.971751 -0.571426 0.353161
v 2.915041 -0.667194 0.281204
v 3.020720 -0.576484 0.225232
v 2.656287 -0.801716 0.364433
v 2.790316 -0.744279 0.328845
v 2.731291 -0.720039 0.445008
v 3.044651 -0.077032 0.584860
v 3.053017 -0.202372 0.542689
v 3.121683 -0.124640 0.460220
v 2.871426 -0.353161 0.671751
v 2.967194 -0.281204 0.615041
v 2.876484 -0.225232 0.720720
v 3.101716 -0.364433 0.356287
v 3.044279 -0.328845 0.490316
v 3.020039 -0.445008 0.431291
v 2.377032 -0.584860 0.744651
v 2.502372 -0.542689 0.753017
v 2.424640 -0.460220 0.821683
v 2.653161 -0.671751 0.571426
v 2.581204 -0.615041 0.667194
v 2.525232 -0.720720 0.576484
v 2.664433 -0.356287 0.801716
v 2.628845 -0.490316 0.744279
v 2.745008 -0.431291 0.720039
v 2.914249 -0.536042 0.487707
v 2.836042 -0.487707 0.614249
v 2.787707 -0.614249 0.536042
v 2.640317 -0.878089 0.125073
v 2.683188 -0.869291 0.000000
v 2.526743 -0.846456 0.366878
v 2.586196 -0.870432 0.250879
v 2.431055 -0.940917 0.000000
v 2.509111 -0.918073 0.126153
v 2.378130 -0.938304 0.126418
v 2.222968 -0.584860 0.744651
v 2.300000 -0.667762 0.675718
v 2.151387 -0.798169 0.493296
v 2.222915 -0.741194 0.589228
v 2.074768 -0.720720 0.576484
v 2.377085 -0.741194 0.589228
v 2.448613 -0.798169 0.493296
v 1.916812 -0.869291 0.000000
v 1.959683 -0.878089 0.125073
v 1.839780 -0.821683 0.124640
v 2.221870 -0.938304 0.126418
v 2.090889 -0.918073 0.126153
v 2.168945 -0.940917 0.000000
v 1.943713 -0.801716 0.364433
v 2.013804 -0.870432 0.250879
v 2.073257 -0.846456 0.366878
v 2.378207 -0.867333 0.379627
v 2.221793 -0.867333 0.379627
v 2.300000 -0.915668 0.253084
v 2.640317 -0.878089 -0.125073
v 2.760220 -0.821683 -0.124640
v 2.378130 -0.938304 -0.126418
v 2.509111 -0.918073 -0.126153
v 2.656287 -0.801716 -0.364433
v 2.586196 -0.870432 -0.250879
v 2.526743 -0.846456 -0.366878
v 1.839780 -0.821683 -0.124640
v 1.959683 -0.878089 -0.125073
v 2.073257 -0.846456 -0.366878
v 2.013804 -0.870432 -0.250879
v 1.943713 -0.801716 -0.364433
v 2.090889 -0.918073 -0.126153
v 2.221870 -0.938304 -0.126418
v 2.377032 -0.584860 -0.744651
v 2.300000 -0.667762 -0.675718
v 2.222968 -0.584860 -0.744651
v 2.448613 -0.798169 -0.493296
v 2.377085 -0.741194 -0.589228
v 2.525232 -0.720720 -0.576484
v 2.074768 -0.720720 -0.576484
v 2.222915 -0.741194 -0.589228
v 2.151387 -0.798169 -0.493296
v 2.300000 -0.915668 -0.253084
v 2.221793 -0.867333 -0.379627
v 2.378207 -0.867333 -0.379627
v 2.842689 -0.753017 -0.202372
v 2.884860 -0.744651 -0.077032
v 2.731291 -0.720039 -0.445008
v 2.790316 -0.744279 -0.328845
v 3.020720 -0.576484 -0.225232
v 2.915041 -0.667194 -0.281204
v 2.971751 -0.571426 -0.353161
v 2.424640 -0.460220 -0.821683
v 2.502372 -0.542689 -0.753017
v 2.745008 -0.431291 -0.720039
v 2.628845 -0.490316 -0.744279
v 2.664433 -0.356287 -0.801716
v 2.581204 -0.615041 -0.667194
v 2.653161 -0.671751 -0.571426
v 3.121683 -0.124640 -0.460220
v 3.053017 -0.202372 -0.542689
v 3.044651 -0.077032 -0.584860
v 3.020039 -0.445008 -0.431291
v 3.044279 -0.328845 -0.490316
v 3.101716 -0.364433 -0.356287
v 2.876484 -0.225232 -0.720720
v 2.967194 -0.281204 -0.615041
v 2.871426 -0.353161 -0.671751
v 2.787707 -0.614249 -0.536042
v 2.836042 -0.487707 -0.614249
v 2.914249 -0.536042 -0.487707
v 2.967762 -0.675718 0.000000
v 3.098169 -0.493296 -0.148613
v 3.041194 -0.589228 -0.077085
v 3.041194 -0.589228 0.077085
v 3.098169 -0.493296 0.148613
v 3.169291 0.000000 -0.383188
v 3.178089 -0.125073 -0.340317
v 3.238304 -0.126418 -0.078130
v 3.218073 -0.126153 -0.209111
v 3.240917 0.000000 -0.131055
v 3.170432 -0.250879 -0.286196
v 3.146456 -0.366878 -0.226743
v 3.178089 -0.125073 0.340317
v 3.169291 0.000000 0.383188
v 3.146456 -0.366878 0.226743
v 3.170432 -0.250879 0.286196
v 3.240917 0.000000 0.131055
v 3.218073 -0.126153 0.209111
v 3.238304 -0.126418 0.078130
v 3.167333 -0.379627 -0.078207
v 3.215668 -0.253084 0.000000
v 3.167333 -0.379627 0.078207
v 2.425073 -0.340317 0.878089
v 2.666878 -0.226743 0.846456
v 2.550879 -0.286196 0.870432
v 2.426153 -0.209111 0.918073
v 2.426418 -0.078130 0.938304
v 2.975718 0.000000 0.667762
v 2.793296 0.148613 0.798169
v 2.889228 0.077085 0.741194
v 2.889228 -0.077085 0.741194
v 2.793296 -0.148613 0.798169
v 2.425073 0.340317 0.878089
v 2.426418 0.078130 0.938304
v 2.426153 0.209111 0.918073
v 2.550879 0.286196 0.870432
v 2.666878 0.226743 0.846456
v 2.679627 -0.078207 0.867333
v 2.679627 0.078207 0.867333
v 2.553084 0.000000 0.915668
v 1.757311 -0.753017 0.202372
v 1.868709 -0.720039 0.445008
v 1.809684 -0.744279 0.328845
v 1.684959 -0.667194 0.281204
v 1.628249 -0.571426 0.353161
v 2.097628 -0.542689 0.753017
v 1.854992 -0.431291 0.720039
v 1.971155 -0.490316 0.744279
v 2.018796 -0.615041 0.667194
v 1.946839 -0.671751 0.571426
v 1.546983 -0.202372 0.542689
v 1.579961 -0.445008 0.431291
v 1.555721 -0.328845 0.490316
v 1.632806 -0.281204 0.615041
v 1.728574 -0.353161 0.671751
v 1.812293 -0.614249 0.536042
v 1.763958 -0.487707 0.614249
v 1.685751 -0.536042 0.487707
v 2.097628 -0.542689 -0.753017
v 1.946839 -0.671751 -0.571426
v 2.018796 -0.615041 -0.667194
v 1.971155 -0.490316 -0.744279
v 1.854992 -0.431291 -0.720039
v 1.757311 -0.753017 -0.202372
v 1.628249 -0.571426 -0.353161
v 1.684959 -0.667194 -0.281204
v 1.809684 -0.744279 -0.328845
v 1.868709 -0.720039 -0.445008
v 1.546983 -0.202372 -0.542689
v 1.728574 -0.353161 -0.671751
v 1.632806 -0.281204 -0.615041
v 1.555721 -0.328845 -0.490316
v 1.579961 -0.445008 -0.431291
v 1.812293 -0.614249 -0.536042
v 1.685751 -0.536042 -0.487707
v 1.763958 -0.487707 -0.614249
v 2.975718 0.000000 -0.667762
v 2.793296 -0.148613 -0.798169
v 2.889228 -0.077085 -0.741194
v 2.889228 0.077085 -0.741194
v 2.793296 0.148613 -0.798169
v 2.425073 -0.340317 -0.878089
v 2.426418 -0.078130 -0.938304
v 2.426153 -0.209111 -0.918073
v 2.550879 -0.286196 -0.870432
v 2.666878 -0.226743 -0.846456
v 2.425073 0.340317 -0.878089
v 2.666878 0.226743 -0.846456
v 2.550879 0.286196 -0.870432
v 2.426153 0.209111 -0.918073
v 2.426418 0.078130 -0.938304
v 2.679627 -0.078207 -0.867333
v 2.553084 0.000000 -0.915668
v 2.679627 0.078207 -0.867333
v 3.178089 0.125073 0.340317
v 3.238304 0.126418 0.078130
v 3.218073 0.126153 0.209111
v 3.170432 0.250879 0.286196
v 3.146456 0.366878 0.226743
v 3.178089 0.125073 -0.340317
v 3.146456 0.366878 -0.226743
v 3.170432 0.250879 -0.286196
v 3.218073 0.126153 -0.209111
v 3.238304 0.126418 -0.078130
v 2.967762 0.675718 0.000000
v 3.098169 0.493296 0.148613
v 3.041194 0.589228 0.077085
v 3.041194 0.589228 -0.077085
v 3.098169 0.493296 -0.148613
v 3.215668 0.253084 0.000000
v 3.167333 0.379627 -0.078207
v 3.167333 0.379627 0.078207
v 0.350000 -0.800000 2.791858
v 1.950000 -0.800000 2.791858
v 1.950000 0.800000 2.791858
v 0.350000 0.800000 2.791858
v 1.950000 -0.800000 1.191858
v 0.350000 -0.800000 1.191858
v 0.350000 0.800000 1.191858
v 1.950000 0.800000 1.191858
v 0.350000 -0.800000 1.191858
v 0.350000 -0.800000 2.791858
v 0.350000 0.800000 2.791858
v 0.350000 0.800000 1.191858
v 1.950000 -0.800000 2.791858
v 1.950000 -0.800000 1.191858
v 1.950000 0.800000 1.191858
v 1.950000 0.800000 2.791858
v 0.350000 -0.800000 1.191858
v 1.950000 -0.800000 1.191858
v 1.950000 -0.800000 2.791858
v 0.350000 -0.800000 2.791858
v 0.350000 0.800000 1.191858
v 0.350000 0.800000 2.791858
v 1.950000 0.800000 2.791858
v 1.950000 0.800000 1.191858
v -0.100000 0.000000 1.991858
v -1.150000 1.050000 1.991858
v -1.150000 0.000000 3.041858
v -1.150000 1.050000 1.991858
v -2.200000 0.000000 1.991858
v -1.150000 0.000000 3.041858
v -2.200000 0.000000 1.991858
v -1.150000 -1.050000 1.991858
v -1.150000 0.000000 3.041858
v -1.150000 -1.050000 1.991858
v -0.100000 0.000000 1.991858
v -1.150000 0.000000 3.041858
v -1.150000 1.050000 1.991858
v -0.100000 0.000000 1.991858
v -1.150000 0.000000 0.941858
v -2.200000 0.000000 1.991858
v -1.150000 1.050000 1.991858
v -1.150000 0.000000 0.941858
v -1.150000 -1.050000 1.991858
v -2.200000 0.000000 1.991858
v -1.150000 0.000000 0.941858
v -0.100000 0.000000 1.991858
v -1.150000 -1.050000 1.991858
v -1.150000 0.000000 0.941858
v -1.580000 0.720000 0.720000
v -1.580000 -0.720000 -0.720000
v -3.020000 0.720000 -0.720000
v -1.580000 0.720000 0.720000
v -3.020000 -0.720000 0.720000
v -1.580000 -0.720000 -0.720000
v -1.580000 0.720000 0.720000
v -3.020000 0.720000 -0.720000
v -3.020000 -0.720000 0.720000
v -1.580000 -0.720000 -0.720000
v -3.020000 -0.720000 0.720000
v -3.020000 0.720000 -0.720000
v -0.370000 -0.950000 -1.991858
v -0.396578 -0.950000 -1.789980
v -0.396578 0.950000 -1.789980
v -0.370000 0.950000 -1.991858
v -0.396578 -0.950000 -1.789980
v -0.474500 -0.950000 -1.601858
v -0.474500 0.950000 -1.601858
v -0.396578 0.950000 -1.789980
v -0.474500 -0.950000 -1.601858
v -0.598457 -0.950000 -1.440315
v -0.598457 0.950000 -1.440315
v -0.474500 0.950000 -1.601858
v -0.598457 -0.950000 -1.440315
v -0.760000 -0.950000 -1.316359
v -0.760000 0.950000 -1.316359
v -0.598457 0.950000 -1.440315
v -0.760000 -0.950000 -1.316359
v -0.948121 -0.950000 -1.238436
v -0.948121 0.950000 -1.238436
v -0.760000 0.950000 -1.316359
v -0.948121 -0.950000 -1.238436
v -1.150000 -0.950000 -1.211858
v -1.150000 0.950000 -1.211858
v -0.948121 0.950000 -1.238436
v -1.150000 -0.950000 -1.211858
v -1.351879 -0.950000 -1.238436
v -1.351879 0.950000 -1.238436
v -1.150000 0.950000 -1.211858
v -1.351879 -0.950000 -1.238436
v -1.540000 -0.950000 -1.316359
v -1.540000 0.950000 -1.316359
v -1.351879 0.950000 -1.238436
v -1.540000 -0.950000 -1.316359
v -1.701543 -0.950000 -1.440315
v -1.701543 0.950000 -1.440315
v -1.540000 0.950000 -1.316359
v -1.701543 -0.950000 -1.440315
v -1.825500 -0.950000 -1.601858
v -1.825500 0.950000 -1.601858
v -1.701543 0.950000 -1.440315
v -1.825500 -0.950000 -1.601858
v -1.903422 -0.950000 -1.789980
v -1.903422 0.950000 -1.789980
v -1.825500 0.950000 -1.601858
v -1.903422 -0.950000 -1.789980
v -1.930000 -0.950000 -1.991858
v -1.930000 0.950000 -1.991858
v -1.903422 0.950000 -1.789980
v -1.930000 -0.950000 -1.991858
v -1.903422 -0.950000 -2.193737
v -1.903422 0.950000 -2.193737
v -1.930000 0.950000 -1.991858
v -1.903422 -0.950000 -2.193737
v -1.825500 -0.950000 -2.381858
v -1.825500 0.950000 -2.381858
v -1.903422 0.950000 -2.193737
v -1.825500 -0.950000 -2.381858
v -1.701543 -0.950000 -2.543402
v -1.701543 0.950000 -2.543402
v -1.825500 0.950000 -2.381858
v -1.701543 -0.950000 -2.543402
v -1.540000 -0.950000 -2.667358
v -1.540000 0.950000 -2.667358
v -1.701543 0.950000 -2.543402
v -1.540000 -0.950000 -2.667358
v -1.351879 -0.950000 -2.745281
v -1.351879 0.950000 -2.745281
v -1.540000 0.950000 -2.667358
v -1.351879 -0.950000 -2.745281
v -1.150000 -0.950000 -2.771858
v -1.150000 0.950000 -2.771858
v -1.351879 0.950000 -2.745281
v -1.150000 -0.950000 -2.771858
v -0.948121 -0.950000 -2.745281
v -0.948121 0.950000 -2.745281
v -1.150000 0.950000 -2.771858
v -0.948121 -0.950000 -2.745281
v -0.760000 -0.950000 -2.667358
v -0.760000 0.950000 -2.667358
v -0.948121 0.950000 -2.745281
v -0.760000 -0.950000 -2.667358
v -0.598457 -0.950000 -2.543402
v -0.598457 0.950000 -2.543402
v -0.760000 0.950000 -2.667358
v -0.598457 -0.950000 -2.543402
v -0.474500 -0.950000 -2.381858
v -0.474500 0.950000 -2.381858
v -0.598457 0.950000 -2.543402
v -0.474500 -0.950000 -2.381858
v -0.396578 -0.950000 -2.193737
v -0.396578 0.950000 -2.193737
v -0.474500 0.950000 -2.381858
v -0.396578 -0.950000 -2.193737
v -0.370000 -0.950000 -1.991858
v -0.370000 0.950000 -1.991858
v -0.396578 0.950000 -2.193737
v -0.370000 0.950000 -1.991858
v -0.396578 0.950000 -1.789980
v -0.474500 0.950000 -1.601858
v -0.598457 0.950000 -1.440315
v -0.760000 0.950000 -1.316359
v -0.948121 0.950000 -1.238436
v -1.150000 0.950000 -1.211858
v -1.351879 0.950000 -1.238436
v -1.540000 0.950000 -1.316359
v -1.701543 0.950000 -1.440315
v -1.825500 0.950000 -1.601858
v -1.903422 0.950000 -1.789980
v -1.930000 0.950000 -1.991858
v -1.903422 0.950000 -2.193737
v -1.825500 0.950000 -2.381858
v -1.701543 0.950000 -2.543402
v -1.540000 0.950000 -2.667358
v -1.351879 0.950000 -2.745281
v -1.150000 0.950000 -2.771858
v -0.948121 0.950000 -2.745281
v -0.760000 0.950000 -2.667358
v -0.598457 0.950000 -2.543402
v -0.474500 0.950000 -2.381858
v -0.396578 0.950000 -2.193737
v -0.396578 -0.950000 -2.193737
v -0.474500 -0.950000 -2.381858
v -0.598457 -0.950000 -2.543402
v -0.760000 -0.950000 -2.667358
v -0.948121 -0.950000 -2.745281
v -1.150000 -0.950000 -2.771858
v -1.351879 -0.950000 -2.745281
v -1.540000 -0.950000 -2.667358
v -1.701543 -0.950000 -2.543402
v -1.825500 -0.950000 -2.381858
v -1.903422 -0.950000 -2.193737
v -1.930000 -0.950000 -1.991858
v -1.903422 -0.950000 -1.789980
v -1.825500 -0.950000 -1.601858
v -1.701543 -0.950000 -1.440315
v -1.540000 -0.950000 -1.316359
v -1.351879 -0.950000 -1.238436
v -1.150000 -0.950000 -1.211858
v -0.948121 -0.950000 -1.238436
v -0.760000 -0.950000 -1.316359
v -0.598457 -0.950000 -1.440315
v -0.474500 -0.950000 -1.601858
v -0.396578 -0.950000 -1.789980
v -0.370000 -0.950000 -1.991858
v 0.650555 0.808118 -1.991858
v 1.649445 0.808118 -1.991858
v 0.650555 -0.808118 -1.991858
v 1.649445 -0.808118 -1.991858
v 1.150000 -0.499445 -1.183740
v 1.150000 0.499445 -1.183740
v 1.150000 -0.499445 -2.799977
v 1.150000 0.499445 -2.799977
v 1.958118 0.000000 -2.491303
v 1.958118 0.000000 -1.492414
v 0.341882 0.000000 -2.491303
v 0.341882 0.000000 -1.492414
v 0.381434 0.475000 -1.698292
v 0.675000 0.293566 -1.223292
v 0.856434 0.768566 -1.516858
v 1.443566 0.768566 -1.516858
v 1.150000 0.950000 -1.991858
v 1.443566 0.768566 -2.466858
v 0.856434 0.768566 -2.466858
v 0.675000 0.293566 -2.760425
v 0.381434 0.475000 -2.285425
v 0.200000 0.000000 -1.991858
v 1.625000 0.293566 -1.223292
v 1.918566 0.475000 -1.698292
v 0.675000 -0.293566 -1.223292
v 1.150000 0.000000 -1.041858
v 0.381434 -0.475000 -2.285425
v 0.381434 -0.475000 -1.698292
v 1.150000 0.000000 -2.941858
v 0.675000 -0.293566 -2.760425
v 1.918566 0.475000 -2.285425
v 1.625000 0.293566 -2.760425
v 1.918566 -0.475000 -1.698292
v 1.625000 -0.293566 -1.223292
v 1.443566 -0.768566 -1.516858
v 0.856434 -0.768566 -1.516858
v 1.150000 -0.950000 -1.991858
v 0.856434 -0.768566 -2.466858
v 1.443566 -0.768566 -2.466858
v 1.625000 -0.293566 -2.760425
v 1.918566 -0.475000 -2.285425
v 2.100000 0.000000 -1.991858
v 0.490909 0.666944 -1.839267
v 0.591604 0.653781 -1.587799
v 0.737806 0.819535 -1.744961
v 0.483056 0.152591 -1.332767
v 0.496219 0.404059 -1.433462
v 0.330465 0.246897 -1.579664
v 0.997409 0.659091 -1.324914
v 0.745941 0.558396 -1.338077
v 0.903103 0.412194 -1.172323
v 0.995663 0.903504 -1.742136
v 0.890397 0.913841 -1.991858
v 1.302591 0.659091 -1.324914
v 1.150000 0.808118 -1.492414
v 1.409603 0.913841 -1.991858
v 1.304337 0.903504 -1.742136
v 1.562194 0.819535 -1.744961
v 0.995663 0.903504 -2.241581
v 0.737806 0.819535 -2.238756
v 1.562194 0.819535 -2.238756
v 1.304337 0.903504 -2.241581
v 0.997409 0.659091 -2.658803
v 1.150000 0.808118 -2.491303
v 1.302591 0.659091 -2.658803
v 0.591604 0.653781 -2.395918
v 0.490909 0.666944 -2.144449
v 0.903103 0.412194 -2.811393
v 0.745941 0.558396 -2.645640
v 0.330465 0.246897 -2.404053
v 0.496219 0.404059 -2.550254
v 0.483056 0.152591 -2.650950
v 0.341882 0.499445 -1.991858
v 0.236159 0.000000 -2.251462
v 0.246496 0.249722 -2.146195
v 0.246496 0.249722 -1.837522
v 0.236159 0.000000 -1.732255
v 1.708396 0.653781 -1.587799
v 1.809091 0.666944 -1.839267
v 1.396897 0.412194 -1.172323
v 1.554059 0.558396 -1.338077
v 1.969535 0.246897 -1.579664
v 1.803781 0.404059 -1.433462
v 1.816944 0.152591 -1.332767
v 0.900278 0.154337 -1.088355
v 1.150000 0.259603 -1.078017
v 0.483056 -0.152591 -1.332767
v 0.650555 0.000000 -1.183740
v 1.150000 -0.259603 -1.078017
v 0.900278 -0.154337 -1.088355
v 0.903103 -0.412194 -1.172323
v 0.246496 -0.249722 -1.837522
v 0.330465 -0.246897 -1.579664
v 0.330465 -0.246897 -2.404053
v 0.246496 -0.249722 -2.146195
v 0.490909 -0.666944 -1.839267
v 0.341882 -0.499445 -1.991858
v 0.490909 -0.666944 -2.144449
v 0.650555 0.000000 -2.799977
v 0.483056 -0.152591 -2.650950
v 1.150000 0.259603 -2.905700
v 0.900278 0.154337 -2.895362
v 0.903103 -0.412194 -2.811393
v 0.900278 -0.154337 -2.895362
v 1.150000 -0.259603 -2.905700
v 1.554059 0.558396 -2.645640
v 1.396897 0.412194 -2.811393
v 1.809091 0.666944 -2.144449
v 1.708396 0.653781 -2.395918
v 1.816944 0.152591 -2.650950
v 1.803781 0.404059 -2.550254
v 1.969535 0.246897 -2.404053
v 1.809091 -0.666944 -1.839267
v 1.708396 -0.653781 -1.587799
v 1.562194 -0.819535 -1.744961
v 1.816944 -0.152591 -1.332767
v 1.803781 -0.404059 -1.433462
v 1.969535 -0.246897 -1.579664
v 1.302591 -0.659091 -1.324914
v 1.554059 -0.558396 -1.338077
v 1.396897 -0.412194 -1.172323
v 1.304337 -0.903504 -1.742136
v 1.409603 -0.913841 -1.991858
v 0.997409 -0.659091 -1.324914
v 1.150000 -0.808118 -1.492414
v 0.890397 -0.913841 -1.991858
v 0.995663 -0.903504 -1.742136
v 0.737806 -0.819535 -1.744961
v 1.304337 -0.903504 -2.241581
v 1.562194 -0.819535 -2.238756
v 0.737806 -0.819535 -2.238756
v 0.995663 -0.903504 -2.241581
v 1.302591 -0.659091 -2.658803
v 1.150000 -0.808118 -2.491303
v 0.997409 -0.659091 -2.658803
v 1.708396 -0.653781 -2.395918
v 1.809091 -0.666944 -2.144449
v 1.396897 -0.412194 -2.811393
v 1.554059 -0.558396 -2.645640
v 1.969535 -0.246897 -2.404053
v 1.803781 -0.404059 -2.550254
v 1.816944 -0.152591 -2.650950
v 1.958118 -0.499445 -1.991858
v 2.063841 0.000000 -2.251462
v 2.053504 -0.249722 -2.146195
v 2.053504 -0.249722 -1.837522
v 2.063841 0.000000 -1.732255
v 1.399722 -0.154337 -1.088355
v 1.649445 0.000000 -1.183740
v 1.399722 0.154337 -1.088355
v 0.591604 -0.653781 -1.587799
v 0.745941 -0.558396 -1.338077
v 0.496219 -0.404059 -1.433462
v 0.745941 -0.558396 -2.645640
v 0.591604 -0.653781 -2.395918
v 0.496219 -0.404059 -2.550254
v 1.649445 0.000000 -2.799977
v 1.399722 -0.154337 -2.895362
v 1.399722 0.154337 -2.895362
v 2.053504 0.249722 -1.837522
v 2.053504 0.249722 -2.146195
v 1.958118 0.499445 -1.991858
v 1.470000 0.000000 0.000000
v 1.449444 0.129787 0.000000
v 1.389787 0.246870 0.000000
v 1.296870 0.339787 0.000000
v 1.179787 0.399444 0.000000
v 1.050000 0.420000 0.000000
v 0.920213 0.399444 0.000000
v 0.803130 0.339787 0.000000
v 0.710213 0.246870 0.000000
v 0.650556 0.129787 0.000000
v 0.630000 0.000000 0.000000
v 0.650556 -0.129787 0.000000
v 0.710213 -0.246870 0.000000
v 0.803130 -0.339787 0.000000
v 0.920213 -0.399444 0.000000
v 1.050000 -0.420000 0.000000
v 1.179787 -0.399444 0.000000
v 1.296870 -0.339787 0.000000
v 1.389787 -0.246870 0.000000
v 1.449444 -0.129787 0.000000
v 1.457424 0.000000 0.191874
v 1.437044 0.129787 0.189190
v 1.377897 0.246870 0.181404
v 1.285775 0.339787 0.169275
v 1.169694 0.399444 0.153993
v 1.041017 0.420000 0.137053
v 0.912340 0.399444 0.120112
v 0.796259 0.339787 0.104830
v 0.704137 0.246870 0.092701
v 0.644991 0.129787 0.084915
v 0.624610 0.000000 0.082232
v 0.644991 -0.129787 0.084915
v 0.704137 -0.246870 0.092701
v 0.796259 -0.339787 0.104830
v 0.912340 -0.399444 0.120112
v 1.041017 -0.420000 0.137053
v 1.169694 -0.399444 0.153993
v 1.285775 -0.339787 0.169275
v 1.377897 -0.246870 0.181404
v 1.437044 -0.129787 0.189190
v 1.419911 0.000000 0.380464
v 1.400055 0.129787 0.375144
v 1.342431 0.246870 0.359703
v 1.252680 0.339787 0.335655
v 1.139587 0.399444 0.305351
v 1.014222 0.420000 0.271760
v 0.888857 0.399444 0.238169
v 0.775764 0.339787 0.207865
v 0.686013 0.246870 0.183817
v 0.628389 0.129787 0.168376
v 0.608533 0.000000 0.163056
v 0.628389 -0.129787 0.168376
v 0.686013 -0.246870 0.183817
v 0.775764 -0.339787 0.207865
v 0.888857 -0.399444 0.238169
v 1.014222 -0.420000 0.271760
v 1.139587 -0.399444 0.305351
v 1.252680 -0.339787 0.335655
v 1.342431 -0.246870 0.359703
v 1.400055 -0.129787 0.375144
v 1.358103 0.000000 0.562545
v 1.339111 0.129787 0.554678
v 1.283996 0.246870 0.531849
v 1.198151 0.339787 0.496291
v 1.089981 0.399444 0.451485
v 0.970074 0.420000 0.401818
v 0.850166 0.399444 0.352150
v 0.741996 0.339787 0.307345
v 0.656151 0.246870 0.271787
v 0.601036 0.129787 0.248957
v 0.582044 0.000000 0.241091
v 0.601036 -0.129787 0.248957
v 0.656151 -0.246870 0.271787
v 0.741996 -0.339787 0.307345
v 0.850166 -0.399444 0.352150
v 0.970074 -0.420000 0.401818
v 1.089981 -0.399444 0.451485
v 1.198151 -0.339787 0.496291
v 1.283996 -0.246870 0.531849
v 1.339111 -0.129787 0.554678
v 1.273057 0.000000 0.735000
v 1.255255 0.129787 0.724722
v 1.203591 0.246870 0.694894
v 1.123122 0.339787 0.648435
v 1.021726 0.399444 0.589894
v 0.909327 0.420000 0.525000
v 0.796928 0.399444 0.460106
v 0.695531 0.339787 0.401565
v 0.615062 0.246870 0.355106
v 0.563398 0.129787 0.325278
v 0.545596 0.000000 0.315000
v 0.563398 -0.129787 0.325278
v 0.615062 -0.246870 0.355106
v 0.695531 -0.339787 0.401565
v 0.796928 -0.399444 0.460106
v 0.909327 -0.420000 0.525000
v 1.021726 -0.399444 0.589894
v 1.123122 -0.339787 0.648435
v 1.203591 -0.246870 0.694894
v 1.255255 -0.129787 0.724722
v 1.166229 0.000000 0.894879
v 1.149921 0.129787 0.882365
v 1.102592 0.246870 0.846049
v 1.028876 0.339787 0.789484
v 0.935988 0.399444 0.718209
v 0.833021 0.420000 0.639200
v 0.730054 0.399444 0.560190
v 0.637166 0.339787 0.488915
v 0.563450 0.246870 0.432350
v 0.516121 0.129787 0.396034
v 0.499813 0.000000 0.383520
v 0.516121 -0.129787 0.396034
v 0.563450 -0.246870 0.432350
v 0.637166 -0.339787 0.488915
v 0.730054 -0.399444 0.560190
v 0.833021 -0.420000 0.639200
v 0.935988 -0.399444 0.718209
v 1.028876 -0.339787 0.789484
v 1.102592 -0.246870 0.846049
v 1.149921 -0.129787 0.882365
v 1.039447 0.000000 1.039447
v 1.024911 0.129787 1.024911
v 0.982728 0.246870 0.982728
v 0.917025 0.339787 0.917025
v 0.834235 0.399444 0.834235
v 0.742462 0.420000 0.742462
v 0.650689 0.399444 0.650689
v 0.567899 0.339787 0.567899
v 0.502196 0.246870 0.502196
v 0.460013 0.129787 0.460013
v 0.445477 0.000000 0.445477
v 0.460013 -0.129787 0.460013
v 0.502196 -0.246870 0.502196
v 0.567899 -0.339787 0.567899
v 0.650689 -0.399444 0.650689
v 0.742462 -0.420000 0.742462
v 0.834235 -0.399444 0.834235
v 0.917025 -0.339787 0.917025
v 0.982728 -0.246870 0.982728
v 1.024911 -0.129787 1.024911
v 0.894879 0.000000 1.166229
v 0.882365 0.129787 1.149921
v 0.846049 0.246870 1.102592
v 0.789484 0.339787 1.028876
v 0.718209 0.399444 0.935988
v 0.639200 0.420000 0.833021
v 0.560190 0.399444 0.730054
v 0.488915 0.339787 0.637166
v 0.432350 0.246870 0.563450
v 0.396034 0.129787 0.516121
v 0.383520 0.000000 0.499813
v 0.396034 -0.129787 0.516121
v 0.432350 -0.246870 0.563450
v 0.488915 -0.339787 0.637166
v 0.560190 -0.399444 0.730054
v 0.639200 -0.420000 0.833021
v 0.718209 -0.399444 0.935988
v 0.789484 -0.339787 1.028876
v 0.846049 -0.246870 1.102592
v 0.882365 -0.129787 1.149921
v 0.735000 0.000000 1.273057
v 0.724722 0.129787 1.255255
v 0.694894 0.246870 1.203591
v 0.648435 0.339787 1.123122
v 0.589894 0.399444 1.021726
v 0.525000 0.420000 0.909327
v 0.460106 0.399444 0.796928
v 0.401565 0.339787 0.695531
v 0.355106 0.246870 0.615062
v 0.325278 0.129787 0.563398
v 0.315000 0.000000 0.545596
v 0.325278 -0.129787 0.563398
v 0.355106 -0.246870 0.615062
v 0.401565 -0.339787 0.695531
v 0.460106 -0.399444 0.796928
v 0.525000 -0.420000 0.909327
v 0.589894 -0.399444 1.021726
v 0.648435 -0.339787 1.123122
v 0.694894 -0.246870 1.203591
v 0.724722 -0.129787 1.255255
v 0.562545 0.000000 1.358103
v 0.554678 0.129787 1.339111
v 0.531849 0.246870 1.283996
v 0.496291 0.339787 1.198151
v 0.451485 0.399444 1.089981
v 0.401818 0.420000 0.970074
v 0.352150 0.399444 0.850166
v 0.307345 0.339787 0.741996
v 0.271787 0.246870 0.656151
v 0.248957 0.129787 0.601036
v 0.241091 0.000000 0.582044
v 0.248957 -0.129787 0.601036
v 0.271787 -0.246870 0.656151
v 0.307345 -0.339787 0.741996
v 0.352150 -0.399444 0.850166
v 0.401818 -0.420000 0.970074
v 0.451485 -0.399444 1.089981
v 0.496291 -0.339787 1.198151
v 0.531849 -0.246870 1.283996
v 0.554678 -0.129787 1.339111
v 0.380464 0.000000 1.419911
v 0.375144 0.129787 1.400055
v 0.359703 0.246870 1.342431
v 0.335655 0.339787 1.252680
v 0.305351 0.399444 1.139587
v 0.271760 0.420000 1.014222
v 0.238169 0.399444 0.888857
v 0.207865 0.339787 0.775764
v 0.183817 0.246870 0.686013
v 0.168376 0.129787 0.628389
v 0.163056 0.000000 0.608533
v 0.168376 -0.129787 0.628389
v 0.183817 -0.246870 0.686013
v 0.207865 -0.339787 0.775764
v 0.238169 -0.399444 0.888857
v 0.271760 -0.420000 1.014222
v 0.305351 -0.399444 1.139587
v 0.335655 -0.339787 1.252680
v 0.359703 -0.246870 1.342431
v 0.375144 -0.129787 1.400055
v 0.191874 0.000000 1.457424
v 0.189190 0.129787 1.437044
v 0.181404 0.246870 1.377897
v 0.169275 0.339787 1.285775
v 0.153993 0.399444 1.169694
v 0.137053 0.420000 1.041017
v 0.120112 0.399444 0.912340
v 0.104830 0.339787 0.796259
v 0.092701 0.246870 0.704137
v 0.084915 0.129787 0.644991
v 0.082232 0.000000 0.624610
v 0.084915 -0.129787 0.644991
v 0.092701 -0.246870 0.704137
v 0.104830 -0.339787 0.796259
v 0.120112 -0.399444 0.912340
v 0.137053 -0.420000 1.041017
v 0.153993 -0.399444 1.169694
v 0.169275 -0.339787 1.285775
v 0.181404 -0.246870 1.377897
v 0.189190 -0.129787 1.437044
v 0.000000 0.000000 1.470000
v 0.000000 0.129787 1.449444
v 0.000000 0.246870 1.389787
v 0.000000 0.339787 1.296870
v 0.000000 0.399444 1.179787
v 0.000000 0.420000 1.050000
v 0.000000 0.399444 0.920213
v 0.000000 0.339787 0.803130
v 0.000000 0.246870 0.710213
v 0.000000 0.129787 0.650556
v 0.000000 0.000000 0.630000
v 0.000000 -0.129787 0.650556
v 0.000000 -0.246870 0.710213
v 0.000000 -0.339787 0.803130
v 0.000000 -0.399444 0.920213
v 0.000000 -0.420000 1.050000
v 0.000000 -0.399444 1.179787
v 0.000000 -0.339787 1.296870
v 0.000000 -0.246870 1.389787
v 0.000000 -0.129787 1.449444
v -0.191874 0.000000 1.457424
v -0.189190 0.129787 1.437044
v -0.181404 0.246870 1.377897
v -0.169275 0.339787 1.285775
v -0.153993 0.399444 1.169694
v -0.137053 0.420000 1.041017
v -0.120112 0.399444 0.912340
v -0.104830 0.339787 0.796259
v -0.092701 0.246870 0.704137
v -0.084915 0.129787 0.644991
v -0.082232 0.000000 0.624610
v -0.084915 -0.129787 0.644991
v -0.092701 -0.246870 0.704137
v -0.104830 -0.339787 0.796259
v -0.120112 -0.399444 0.912340
v -0.137053 -0.420000 1.041017
v -0.153993 -0.399444 1.169694
v -0.169275 -0.339787 1.285775
v -0.181404 -0.246870 1.377897
v -0.189190 -0.129787 1.437044
v -0.380464 0.000000 1.419911
v -0.375144 0.129787 1.400055
v -0.359703 0.246870 1.342431
v -0.335655 0.339787 1.252680
v -0.305351 0.399444 1.139587
v -0.271760 0.420000 1.014222
v -0.238169 0.399444 0.888857
v -0.207865 0.339787 0.775764
v -0.183817 0.246870 0.686013
v -0.168376 0.129787 0.628389
v -0.163056 0.000000 0.608533
v -0.168376 -0.129787 0.628389
v -0.183817 -0.246870 0.686013
v -0.207865 -0.339787 0.775764
v -0.238169 -0.399444 0.888857
v -0.271760 -0.420000 1.014222
v -0.305351 -0.399444 1.139587
v -0.335655 -0.339787 1.252680
v -0.359703 -0.246870 1.342431
v -0.375144 -0.129787 1.400055
v -0.562545 0.000000 1.358103
v -0.554678 0.129787 1.339111
v -0.531849 0.246870 1.283996
v -0.496291 0.339787 1.198151
v -0.451485 0.399444 1.089981
v -0.401818 0.420000 0.970074
v -0.352150 0.399444 0.850166
v -0.307345 0.339787 0.741996
v -0.271787 0.246870 0.656151
v -0.248957 0.129787 0.601036
v -0.241091 0.000000 0.582044
v -0.248957 -0.129787 0.601036
v -0.271787 -0.246870 0.656151
v -0.307345 -0.339787 0.741996
v -0.352150 -0.399444 0.850166
v -0.401818 -0.420000 0.970074
v -0.451485 -0.399444 1.089981
v -0.496291 -0.339787 1.198151
v -0.531849 -0.246870 1.283996
v -0.554678 -0.129787 1.339111
v -0.735000 0.000000 1.273057
v -0.724722 0.129787 1.255255
v -0.694894 0.246870 1.203591
v -0.648435 0.339787 1.123122
v -0.589894 0.399444 1.021726
v -0.525000 0.420000 0.909327
v -0.460106 0.399444 0.796928
v -0.401565 0.339787 0.695531
v -0.355106 0.246870 0.615062
v -0.325278 0.129787 0.563398
v -0.315000 0.000000 0.545596
v -0.325278 -0.129787 0.563398
v -0.355106 -0.246870 0.615062
v -0.401565 -0.339787 0.695531
v -0.460106 -0.399444 0.796928
v -0.525000 -0.420000 0.909327
v -0.589894 -0.399444 1.021726
v -0.648435 -0.339787 1.123122
v -0.694894 -0.246870 1.203591
v -0.724722 -0.129787 1.255255
v -0.894879 0.000000 1.166229
v -0.882365 0.129787 1.149921
v -0.846049 0.246870 1.102592
v -0.789484 0.339787 1.028876
v -0.718209 0.399444 0.935988
v -0.639200 0.420000 0.833021
v -0.560190 0.399444 0.730054
v -0.488915 0.339787 0.637166
v -0.432350 0.246870 0.563450
v -0.396034 0.129787 0.516121
v -0.383520 0.000000 0.499813
v -0.396034 -0.129787 0.516121
v -0.432350 -0.246870 0.563450
v -0.488915 -0.339787 0.637166
v -0.560190 -0.399444 0.730054
v -0.639200 -0.420000 0.833021
v -0.718209 -0.399444 0.935988
v -0.789484 -0.339787 1.028876
v -0.846049 -0.246870 1.102592
v -0.882365 -0.129787 1.149921
v -1.039447 0.000000 1.039447
v -1.024911 0.129787 1.024911
v -0.982728 0.246870 0.982728
v -0.917025 0.339787 0.917025
v -0.834235 0.399444 0.834235
v -0.742462 0.420000 0.742462
v -0.650689 0.399444 0.650689
v -0.567899 0.339787 0.567899
v -0.502196 0.246870 0.502196
v -0.460013 0.129787 0.460013
v -0.445477 0.000000 0.445477
v -0.460013 -0.129787 0.460013
v -0.502196 -0.246870 0.502196
v -0.567899 -0.339787 0.567899
v -0.650689 -0.399444 0.650689
v -0.742462 -0.420000 0.742462
v -0.834235 -0.399444 0.834235
v -0.917025 -0.339787 0.917025
v -0.982728 -0.246870 0.982728
v -1.024911 -0.129787 1.024911
v -1.166229 0.000000 0.894879
v -1.149921 0.129787 0.882365
v -1.102592 0.246870 0.846049
v -1.028876 0.339787 0.789484
v -0.935988 0.399444 0.718209
v -0.833021 0.420000 0.639200
v -0.730054 0.399444 0.560190
v -0.637166 0.339787 0.488915
v -0.563450 0.246870 0.432350
v -0.516121 0.129787 0.396034
v -0.499813 0.000000 0.383520
v -0.516121 -0.129787 0.396034
v -0.563450 -0.246870 0.432350
v -0.637166 -0.339787 0.488915
v -0.730054 -0.399444 0.560190
v -0.833021 -0.420000 0.639200
v -0.935988 -0.399444 0.718209
v -1.028876 -0.339787 0.789484
v -1.102592 -0.246870 0.846049
v -1.149921 -0.129787 0.882365
v -1.273057 0.000000 0.735000
v -1.255255 0.129787 0.724722
v -1.203591 0.246870 0.694894
v -1.123122 0.339787 0.648435
v -1.021726 0.399444 0.589894
v -0.909327 0.420000 0.525000
v -0.796928 0.399444 0.460106
v -0.695531 0.339787 0.401565
v -0.615062 0.246870 0.355106
v -0.563398 0.129787 0.325278
v -0.545596 0.000000 0.315000
v -0.563398 -0.129787 0.325278
v -0.615062 -0.246870 0.355106
v -0.695531 -0.339787 0.401565
v -0.796928 -0.399444 0.460106
v -0.909327 -0.420000 0.525000
v -1.021726 -0.399444 0.589894
v -1.123122 -0.339787 0.648435
v -1.203591 -0.246870 0.694894
v -1.255255 -0.129787 0.724722
v -1.358103 0.000000 0.562545
v -1.339111 0.129787 0.554678
v -1.283996 0.246870 0.531849
v -1.198151 0.339787 0.496291
v -1.089981 0.399444 0.451485
v -0.970074 0.420000 0.401818
v -0.850166 0.399444 0.352150
v -0.741996 0.339787 0.307345
v -0.656151 0.246870 0.271787
v -0.601036 0.129787 0.248957
v -0.582044 0.000000 0.241091
v -0.601036 -0.129787 0.248957
v -0.656151 -0.246870 0.271787
v -0.741996 -0.339787 0.307345
v -0.850166 -0.399444 0.352150
v -0.970074 -0.420000 0.401818
v -1.089981 -0.399444 0.451485
v -1.198151 -0.339787 0.496291
v -1.283996 -0.246870 0.531849
v -1.339111 -0.129787 0.554678
v -1.419911 0.000000 0.380464
v -1.400055 0.129787 0.375144
v -1.342431 0.246870 0.359703
v -1.252680 0.339787 0.335655
v -1.139587 0.399444 0.305351
v -1.014222 0.420000 0.271760
v -0.888857 0.399444 0.238169
v -0.775764 0.339787 0.207865
v -0.686013 0.246870 0.183817
v -0.628389 0.129787 0.168376
v -0.608533 0.000000 0.163056
v -0.628389 -0.129787 0.168376
v -0.686013 -0.246870 0.183817
v -0.775764 -0.339787 0.207865
v -0.888857 -0.399444 0.238169
v -1.014222 -0.420000 0.271760
v -1.139587 -0.399444 0.305351
v -1.252680 -0.339787 0.335655
v -1.342431 -0.246870 0.359703
v -1.400055 -0.129787 0.375144
v -1.457424 0.000000 0.191874
v -1.437044 0.129787 0.189190
v -1.377897 0.246870 0.181404
v -1.285775 0.339787 0.169275
v -1.169694 0.399444 0.153993
v -1.041017 0.420000 0.137053
v -0.912340 0.399444 0.120112
v -0.796259 0.339787 0.104830
v -0.704137 0.246870 0.092701
v -0.644991 0.129787 0.084915
v -0.624610 0.000000 0.082232
v -0.644991 -0.129787 0.084915
v -0.704137 -0.246870 0.092701
v -0.796259 -0.339787 0.104830
v -0.912340 -0.399444 0.120112
v -1.041017 -0.420000 0.137053
v -1.169694 -0.399444 0.153993
v -1.285775 -0.339787 0.169275
v -1.377897 -0.246870 0.181404
v -1.437044 -0.129787 0.189190
v -1.470000 0.000000 0.000000
v -1.449444 0.129787 0.000000
v -1.389787 0.246870 0.000000
v -1.296870 0.339787 0.000000
v -1.179787 0.399444 0.000000
v -1.050000 0.420000 0.000000
v -0.920213 0.399444 0.000000
v -0.803130 0.339787 0.000000
v -0.710213 0.246870 0.000000
v -0.650556 0.129787 0.000000
v -0.630000 0.000000 0.000000
v -0.650556 -0.129787 0.000000
v -0.710213 -0.246870 0.000000
v -0.803130 -0.339787 0.000000
v -0.920213 -0.399444 0.000000
v -1.050000 -0.420000 0.000000
v -1.179787 -0.399444 0.000000
v -1.296870 -0.339787 0.000000
v -1.389787 -0.246870 0.000000
v -1.449444 -0.129787 0.000000
v -1.457424 0.000000 -0.191874
v -1.437044 0.129787 -0.189190
v -1.377897 0.246870 -0.181404
v -1.285775 0.339787 -0.169275
v -1.169694 0.399444 -0.153993
v -1.041017 0.420000 -0.137053
v -0.912340 0.399444 -0.120112
v -0.796259 0.339787 -0.104830
v -0.704137 0.246870 -0.092701
v -0.644991 0.129787 -0.084915
v -0.624610 0.000000 -0.082232
v -0.644991 -0.129787 -0.084915
v -0.704137 -0.246870 -0.092701
v -0.796259 -0.339787 -0.104830
v -0.912340 -0.399444 -0.120112
v -1.041017 -0.420000 -0.137053
v -1.169694 -0.399444 -0.153993
v -1.285775 -0.339787 -0.169275
v -1.377897 -0.246870 -0.181404
v -1.437044 -0.129787 -0.189190
v -1.419911 0.000000 -0.380464
v -1.400055 0.129787 -0.375144
v -1.342431 0.246870 -0.359703
v -1.252680 0.339787 -0.335655
v -1.139587 0.399444 -0.305351
v -1.014222 0.420000 -0.271760
v -0.888857 0.399444 -0.238169
v -0.775764 0.339787 -0.207865
v -0.686013 0.246870 -0.183817
v -0.628389 0.129787 -0.168376
v -0.608533 0.000000 -0.163056
v -0.628389 -0.129787 -0.168376
v -0.686013 -0.246870 -0.183817
v -0.775764 -0.339787 -0.207865
v -0.888857 -0.399444 -0.238169
v -1.014222 -0.420000 -0.271760
v -1.139587 -0.399444 -0.305351
v -1.252680 -0.339787 -0.335655
v -1.342431 -0.246870 -0.359703
v -1.400055 -0.129787 -0.375144
v -1.358103 0.000000 -0.562545
v -1.339111 0.129787 -0.554678
v -1.283996 0.246870 -0.531849
v -1.198151 0.339787 -0.496291
v -1.089981 0.399444 -0.451485
v -0.970074 0.420000 -0.401818
v -0.850166 0.399444 -0.352150
v -0.741996 0.339787 -0.307345
v -0.656151 0.246870 -0.271787
v -0.601036 0.129787 -0.248957
v -0.582044 0.000000 -0.241091
v -0.601036 -0.129787 -0.248957
v -0.656151 -0.246870 -0.271787
v -0.741996 -0.339787 -0.307345
v -0.850166 -0.399444 -0.352150
v -0.970074 -0.420000 -0.401818
v -1.089981 -0.399444 -0.451485
v -1.198151 -0.339787 -0.496291
v -1.283996 -0.246870 -0.531849
v -1.339111 -0.129787 -0.554678
v -1.273057 0.000000 -0.735000
v -1.255255 0.129787 -0.724722
v -1.203591 0.246870 -0.694894
v -1.123122 0.339787 -0.648435
v -1.021726 0.399444 -0.589894
v -0.909327 0.420000 -0.525000
v -0.796928 0.399444 -0.460106
v -0.695531 0.339787 -0.401565
v -0.615062 0.246870 -0.355106
v -0.563398 0.129787 -0.325278
v -0.545596 0.000000 -0.315000
v -0.563398 -0.129787 -0.325278
v -0.615062 -0.246870 -0.355106
v -0.695531 -0.339787 -0.401565
v -0.796928 -0.399444 -0.460106
v -0.909327 -0.420000 -0.525000
v -1.021726 -0.399444 -0.589894
v -1.123122 -0.339787 -0.648435
v -1.203591 -0.246870 -0.694894
v -1.255255 -0.129787 -0.724722
v -1.166229 0.000000 -0.894879
v -1.149921 0.129787 -0.882365
v -1.102592 0.246870 -0.846049
v -1.028876 0.339787 -0.789484
v -0.935988 0.399444 -0.718209
v -0.833021 0.420000 -0.639200
v -0.730054 0.399444 -0.560190
v -0.637166 0.339787 -0.488915
v -0.563450 0.246870 -0.432350
v -0.516121 0.129787 -0.396034
v -0.499813 0.000000 -0.383520
v -0.516121 -0.129787 -0.396034
v -0.563450 -0.246870 -0.432350
v -0.637166 -0.339787 -0.488915
v -0.730054 -0.399444 -0.560190
v -0.833021 -0.420000 -0.639200
v -0.935988 -0.399444 -0.718209
v -1.028876 -0.339787 -0.789484
v -1.102592 -0.246870 -0.846049
v -1.149921 -0.129787 -0.882365
v -1.039447 0.000000 -1.039447
v -1.024911 0.129787 -1.024911
v -0.982728 0.246870 -0.982728
v -0.917025 0.339787 -0.917025
v -0.834235 0.399444 -0.834235
v -0.742462 0.420000 -0.742462
v -0.650689 0.399444 -0.650689
v -0.567899 0.339787 -0.567899
v -0.502196 0.246870 -0.502196
v -0.460013 0.129787 -0.460013
v -0.445477 0.000000 -0.445477
v -0.460013 -0.129787 -0.460013
v -0.502196 -0.246870 -0.502196
v -0.567899 -0.339787 -0.567899
v -0.650689 -0.399444 -0.650689
v -0.742462 -0.420000 -0.742462
v -0.834235 -0.399444 -0.834235
v -0.917025 -0.339787 -0.917025
v -0.982728 -0.246870 -0.982728
v -1.024911 -0.129787 -1.024911
v -0.894879 0.000000 -1.166229
v -0.882365 0.129787 -1.149921
v -0.846049 0.246870 -1.102592
v -0.789484 0.339787 -1.028876
v -0.718209 0.399444 -0.935988
v -0.639200 0.420000 -0.833021
v -0.560190 0.399444 -0.730054
v -0.488915 0.339787 -0.637166
v -0.432350 0.246870 -0.563450
v -0.396034 0.129787 -0.516121
v -0.383520 0.000000 -0.499813
v -0.396034 -0.129787 -0.516121
v -0.432350 -0.246870 -0.563450
v -0.488915 -0.339787 -0.637166
v -0.560190 -0.399444 -0.730054
v -0.639200 -0.420000 -0.833021
v -0.718209 -0.399444 -0.935988
v -0.789484 -0.339787 -1.028876
v -0.846049 -0.246870 -1.102592
v -0.882365 -0.129787 -1.149921
v -0.735000 0.000000 -1.273057
v -0.724722 0.129787 -1.255255
v -0.694894 0.246870 -1.203591
v -0.648435 0.339787 -1.123122
v -0.589894 0.399444 -1.021726
v -0.525000 0.420000 -0.909327
v -0.460106 0.399444 -0.796928
v -0.401565 0.339787 -0.695531
v -0.355106 0.246870 -0.615062
v -0.325278 0.129787 -0.563398
v -0.315000 0.000000 -0.545596
v -0.325278 -0.129787 -0.563398
v -0.355106 -0.246870 -0.615062
v -0.401565 -0.339787 -0.695531
v -0.460106 -0.399444 -0.796928
v -0.525000 -0.420000 -0.909327
v -0.589894 -0.399444 -1.021726
v -0.648435 -0.339787 -1.123122
v -0.694894 -0.246870 -1.203591
v -0.724722 -0.129787 -1.255255
v -0.562545 0.000000 -1.358103
v -0.554678 0.129787 -1.339111
v -0.531849 0.246870 -1.283996
v -0.496291 0.339787 -1.198151
v -0.451485 0.399444 -1.089981
v -0.401818 0.420000 -0.970074
v -0.352150 0.399444 -0.850166
v -0.307345 0.339787 -0.741996
v -0.271787 0.246870 -0.656151
v -0.248957 0.129787 -0.601036
v -0.241091 0.000000 -0.582044
v -0.248957 -0.129787 -0.601036
v -0.271787 -0.246870 -0.656151
v -0.307345 -0.339787 -0.741996
v -0.352150 -0.399444 -0.850166
v -0.401818 -0.420000 -0.970074
v -0.451485 -0.399444 -1.089981
v -0.496291 -0.339787 -1.198151
v -0.531849 -0.246870 -1.283996
v -0.554678 -0.129787 -1.339111
v -0.380464 0.000000 -1.419911
v -0.375144 0.129787 -1.400055
v -0.359703 0.246870 -1.342431
v -0.335655 0.339787 -1.252680
v -0.305351 0.399444 -1.139587
v -0.271760 0.420000 -1.014222
v -0.238169 0.399444 -0.888857
v -0.207865 0.339787 -0.775764
v -0.183817 0.246870 -0.686013
v -0.168376 0.129787 -0.628389
v -0.163056 0.000000 -0.608533
v -0.168376 -0.129787 -0.628389
v -0.183817 -0.246870 -0.686013
v -0.207865 -0.339787 -0.775764
v -0.238169 -0.399444 -0.888857
v -0.271760 -0.420000 -1.014222
v -0.305351 -0.399444 -1.139587
v -0.335655 -0.339787 -1.252680
v -0.359703 -0.246870 -1.342431
v -0.375144 -0.129787 -1.400055
v -0.191874 0.000000 -1.457424
v -0.189190 0.129787 -1.437044
v -0.181404 0.246870 -1.377897
v -0.169275 0.339787 -1.285775
v -0.153993 0.399444 -1.169694
v -0.137053 0.420000 -1.041017
v -0.120112 0.399444 -0.912340
v -0.104830 0.339787 -0.796259
v -0.092701 0.246870 -0.704137
v -0.084915 0.129787 -0.644991
v -0.082232 0.000000 -0.624610
v -0.084915 -0.129787 -0.644991
v -0.092701 -0.246870 -0.704137
v -0.104830 -0.339787 -0.796259
v -0.120112 -0.399444 -0.912340
v -0.137053 -0.420000 -1.041017
v -0.153993 -0.399444 -1.169694
v -0.169275 -0.339787 -1.285775
v -0.181404 -0.246870 -1.377897
v -0.189190 -0.129787 -1.437044
v -0.000000 0.000000 -1.470000
v -0.000000 0.129787 -1.449444
v -0.000000 0.246870 -1.389787
v -0.000000 0.339787 -1.296870
v -0.000000 0.399444 -1.179787
v -0.000000 0.420000 -1.050000
v -0.000000 0.399444 -0.920213
v -0.000000 0.339787 -0.803130
v -0.000000 0.246870 -0.710213
v -0.000000 0.129787 -0.650556
v -0.000000 0.000000 -0.630000
v -0.000000 -0.129787 -0.650556
v -0.000000 -0.246870 -0.710213
v -0.000000 -0.339787 -0.803130
v -0.000000 -0.399444 -0.920213
v -0.000000 -0.420000 -1.050000
v -0.000000 -0.399444 -1.179787
v -0.000000 -0.339787 -1.296870
v -0.000000 -0.246870 -1.389787
v -0.000000 -0.129787 -1.449444
v 0.191874 0.000000 -1.457424
v 0.189190 0.129787 -1.437044
v 0.181404 0.246870 -1.377897
v 0.169275 0.339787 -1.285775
v 0.153993 0.399444 -1.169694
v 0.137053 0.420000 -1.041017
v 0.120112 0.399444 -0.912340
v 0.104830 0.339787 -0.796259
v 0.092701 0.246870 -0.704137
v 0.084915 0.129787 -0.644991
v 0.082232 0.000000 -0.624610
v 0.084915 -0.129787 -0.644991
v 0.092701 -0.246870 -0.704137
v 0.104830 -0.339787 -0.796259
v 0.120112 -0.399444 -0.912340
v 0.137053 -0.420000 -1.041017
v 0.153993 -0.399444 -1.169694
v 0.169275 -0.339787 -1.285775
v 0.181404 -0.246870 -1.377897
v 0.189190 -0.129787 -1.437044
v 0.380464 0.000000 -1.419911
v 0.375144 0.129787 -1.400055
v 0.359703 0.246870 -1.342431
v 0.335655 0.339787 -1.252680
v 0.305351 0.399444 -1.139587
v 0.271760 0.420000 -1.014222
v 0.238169 0.399444 -0.888857
v 0.207865 0.339787 -0.775764
v 0.183817 0.246870 -0.686013
v 0.168376 0.129787 -0.628389
v 0.163056 0.000000 -0.608533
v 0.168376 -0.129787 -0.628389
v 0.183817 -0.246870 -0.686013
v 0.207865 -0.339787 -0.775764
v 0.238169 -0.399444 -0.888857
v 0.271760 -0.420000 -1.014222
v 0.305351 -0.399444 -1.139587
v 0.335655 -0.339787 -1.252680
v 0.359703 -0.246870 -1.342431
v 0.375144 -0.129787 -1.400055
v 0.562545 0.000000 -1.358103
v 0.554678 0.129787 -1.339111
v 0.531849 0.246870 -1.283996
v 0.496291 0.339787 -1.198151
v 0.451485 0.399444 -1.089981
v 0.401818 0.420000 -0.970074
v 0.352150 0.399444 -0.850166
v 0.307345 0.339787 -0.741996
v 0.271787 0.246870 -0.656151
v 0.248957 0.129787 -0.601036
v 0.241091 0.000000 -0.582044
v 0.248957 -0.129787 -0.601036
v 0.271787 -0.246870 -0.656151
v 0.307345 -0.339787 -0.741996
v 0.352150 -0.399444 -0.850166
v 0.401818 -0.420000 -0.970074
v 0.451485 -0.399444 -1.089981
v 0.496291 -0.339787 -1.198151
v 0.531849 -0.246870 -1.283996
v 0.554678 -0.129787 -1.339111
v 0.735000 0.000000 -1.273057
v 0.724722 0.129787 -1.255255
v 0.694894 0.246870 -1.203591
v 0.648435 0.339787 -1.123122
v 0.589894 0.399444 -1.021726
v 0.525000 0.420000 -0.909327
v 0.460106 0.399444 -0.796928
v 0.401565 0.339787 -0.695531
v 0.355106 0.246870 -0.615062
v 0.325278 0.129787 -0.563398
v 0.315000 0.000000 -0.545596
v 0.325278 -0.129787 -0.563398
v 0.355106 -0.246870 -0.615062
v 0.401565 -0.339787 -0.695531
v 0.460106 -0.399444 -0.796928
v 0.525000 -0.420000 -0.909327
v 0.589894 -0.399444 -1.021726
v 0.648435 -0.339787 -1.123122
v 0.694894 -0.246870 -1.203591
v 0.724722 -0.129787 -1.255255
v 0.894879 0.000000 -1.166229
v 0.882365 0.129787 -1.149921
v 0.846049 0.246870 -1.102592
v 0.789484 0.339787 -1.028876
v 0.718209 0.399444 -0.935988
v 0.639200 0.420000 -0.833021
v 0.560190 0.399444 -0.730054
v 0.488915 0.339787 -0.637166
v 0.432350 0.246870 -0.563450
v 0.396034 0.129787 -0.516121
v 0.383520 0.000000 -0.499813
v 0.396034 -0.129787 -0.516121
v 0.432350 -0.246870 -0.563450
v 0.488915 -0.339787 -0.637166
v 0.560190 -0.399444 -0.730054
v 0.639200 -0.420000 -0.833021
v 0.718209 -0.399444 -0.935988
v 0.789484 -0.339787 -1.028876
v 0.846049 -0.246870 -1.102592
v 0.882365 -0.129787 -1.149921
v 1.039447 0.000000 -1.039447
v 1.024911 0.129787 -1.024911
v 0.982728 0.246870 -0.982728
v 0.917025 0.339787 -0.917025
v 0.834235 0.399444 -0.834235
v 0.742462 0.420000 -0.742462
v 0.650689 0.399444 -0.650689
v 0.567899 0.339787 -0.567899
v 0.502196 0.246870 -0.502196
v 0.460013 0.129787 -0.460013
v 0.445477 0.000000 -0.445477
v 0.460013 -0.129787 -0.460013
v 0.502196 -0.246870 -0.502196
v 0.567899 -0.339787 -0.567899
v 0.650689 -0.399444 -0.650689
v 0.742462 -0.420000 -0.742462
v 0.834235 -0.399444 -0.834235
v 0.917025 -0.339787 -0.917025
v 0.982728 -0.246870 -0.982728
v 1.024911 -0.129787 -1.024911
v 1.166229 0.000000 -0.894879
v 1.149921 0.129787 -0.882365
v 1.102592 0.246870 -0.846049
v 1.028876 0.339787 -0.789484
v 0.935988 0.399444 -0.718209
v 0.833021 0.420000 -0.639200
v 0.730054 0.399444 -0.560190
v 0.637166 0.339787 -0.488915
v 0.563450 0.246870 -0.432350
v 0.516121 0.129787 -0.396034
v 0.499813 0.000000 -0.383520
v 0.516121 -0.129787 -0.396034
v 0.563450 -0.246870 -0.432350
v 0.637166 -0.339787 -0.488915
v 0.730054 -0.399444 -0.560190
v 0.833021 -0.420000 -0.639200
v 0.935988 -0.399444 -0.718209
v 1.028876 -0.339787 -0.789484
v 1.102592 -0.246870 -0.846049
v 1.149921 -0.129787 -0.882365
v 1.273057 0.000000 -0.735000
v 1.255255 0.129787 -0.724722
v 1.203591 0.246870 -0.694894
v 1.123122 0.339787 -0.648435
v 1.021726 0.399444 -0.589894
v 0.909327 0.420000 -0.525000
v 0.796928 0.399444 -0.460106
v 0.695531 0.339787 -0.401565
v 0.615062 0.246870 -0.355106
v 0.563398 0.129787 -0.325278
v 0.545596 0.000000 -0.315000
v 0.563398 -0.129787 -0.325278
v 0.615062 -0.246870 -0.355106
v 0.695531 -0.339787 -0.401565
v 0.796928 -0.399444 -0.460106
v 0.909327 -0.420000 -0.525000
v 1.021726 -0.399444 -0.589894
v 1.123122 -0.339787 -0.648435
v 1.203591 -0.246870 -0.694894
v 1.255255 -0.129787 -0.724722
v 1.358103 0.000000 -0.562545
v 1.339111 0.129787 -0.554678
v 1.283996 0.246870 -0.531849
v 1.198151 0.339787 -0.496291
v 1.089981 0.399444 -0.451485
v 0.970074 0.420000 -0.401818
v 0.850166 0.399444 -0.352150
v 0.741996 0.339787 -0.307345
v 0.656151 0.246870 -0.271787
v 0.601036 0.129787 -0.248957
v 0.582044 0.000000 -0.241091
v 0.601036 -0.129787 -0.248957
v 0.656151 -0.246870 -0.271787
v 0.741996 -0.339787 -0.307345
v 0.850166 -0.399444 -0.352150
v 0.970074 -0.420000 -0.401818
v 1.089981 -0.399444 -0.451485
v 1.198151 -0.339787 -0.496291
v 1.283996 -0.246870 -0.531849
v 1.339111 -0.129787 -0.554678
v 1.419911 0.000000 -0.380464
v 1.400055 0.129787 -0.375144
v 1.342431 0.246870 -0.359703
v 1.252680 0.339787 -0.335655
v 1.139587 0.399444 -0.305351
v 1.014222 0.420000 -0.271760
v 0.888857 0.399444 -0.238169
v 0.775764 0.339787 -0.207865
v 0.686013 0.246870 -0.183817
v 0.628389 0.129787 -0.168376
v 0.608533 0.000000 -0.163056
v 0.628389 -0.129787 -0.168376
v 0.686013 -0.246870 -0.183817
v 0.775764 -0.339787 -0.207865
v 0.888857 -0.399444 -0.238169
v 1.014222 -0.420000 -0.271760
v 1.139587 -0.399444 -0.305351
v 1.252680 -0.339787 -0.335655
v 1.342431 -0.246870 -0.359703
v 1.400055 -0.129787 -0.375144
v 1.457424 0.000000 -0.191874
v 1.437044 0.129787 -0.189190
v 1.377897 0.246870 -0.181404
v 1.285775 0.339787 -0.169275
v 1.169694 0.399444 -0.153993
v 1.041017 0.420000 -0.137053
v 0.912340 0.399444 -0.120112
v 0.796259 0.339787 -0.104830
v 0.704137 0.246870 -0.092701
v 0.644991 0.129787 -0.084915
v 0.624610 0.000000 -0.082232
v 0.644991 -0.129787 -0.084915
v 0.704137 -0.246870 -0.092701
v 0.796259 -0.339787 -0.104830
v 0.912340 -0.399444 -0.120112
v 1.041017 -0.420000 -0.137053
v 1.169694 -0.399444 -0.153993
v 1.285775 -0.339787 -0.169275
v 1.377897 -0.246870 -0.181404
v 1.437044 -0.129787 -0.189190
usemtl crimson
f 1 163 165
f 43 164 163
f 45 165 164
f 163 164 165
f 13 166 168
f 44 167 166
f 43 168 167
f 166 167 168
f 15 169 171
f 45 170 169
f 44 171 170
f 169 170 171
f 43 167 164
f 44 170 167
f 45 164 170
f 167 170 164
f 12 172 174
f 46 173 172
f 48 174 173
f 172 173 174
f 14 175 177
f 47 176 175
f 46 177 176
f 175 176 177
f 13 178 180
f 48 179 178
f 47 180 179
f 178 179 180
f 46 176 173
f 47 179 176
f 48 173 179
f 176 179 173
f 6 181 183
f 49 182 181
f 51 183 182
f 181 182 183
f 15 184 186
f 50 185 184
f 49 186 185
f 184 185 186
f 14 187 189
f 51 188 187
f 50 189 188
f 187 188 189
f 49 185 182
f 50 188 185
f 51 182 188
f 185 188 182
f 13 180 166
f 47 190 180
f 44 166 190
f 180 190 166
f 14 189 175
f 50 191 189
f 47 175 191
f 189 191 175
f 15 171 184
f 44 192 171
f 50 184 192
f 171 192 184
f 47 191 190
f 50 192 191
f 44 190 192
f 191 192 190
f 1 165 194
f 45 193 165
f 53 194 193
f 165 193 194
f 15 195 169
f 52 196 195
f 45 169 196
f 195 196 169
f 17 197 199
f 53 198 197
f 52 199 198
f 197 198 199
f 45 196 193
f 52 198 196
f 53 193 198
f 196 198 193
f 6 200 181
f 54 201 200
f 49 181 201
f 200 201 181
f 16 202 204
f 55 203 202
f 54 204 203
f 202 203 204
f 15 186 206
f 49 205 186
f 55 206 205
f 186 205 206
f 54 203 201
f 55 205 203
f 49 201 205
f 203 205 201
f 2 207 209
f 56 208 207
f 58 209 208
f 207 208 209
f 17 210 212
f 57 211 210
f 56 212 211
f 210 211 212
f 16 213 215
f 58 214 213
f 57 215 214
f 213 214 215
f 56 211 208
f 57 214 211
f 58 208 214
f 211 214 208
f 15 206 195
f 55 216 206
f 52 195 216
f 206 216 195
f 16 215 202
f 57 217 215
f 55 202 217
f 215 217 202
f 17 199 210
f 52 218 199
f 57 210 218
f 199 218 210
f 55 217 216
f 57 218 217
f 52 216 218
f 217 218 216
f 1 194 220
f 53 219 194
f 60 220 219
f 194 219 220
f 17 221 197
f 59 222 221
f 53 197 222
f 221 222 197
f 19 223 225
f 60 224 223
f 59 225 224
f 223 224 225
f 53 222 219
f 59 224 222
f 60 219 224
f 222 224 219
f 2 226 207
f 61 227 226
f 56 207 227
f 226 227 207
f 18 228 230
f 62 229 228
f 61 230 229
f 228 229 230
f 17 212 232
f 56 231 212
f 62 232 231
f 212 231 232
f 61 229 227
f 62 231 229
f 56 227 231
f 229 231 227
f 8 233 235
f 63 234 233
f 65 235 234
f 233 234 235
f 19 236 238
f 64 237 236
f 63 238 237
f 236 237 238
f 18 239 241
f 65 240 239
f 64 241 240
f 239 240 241
f 63 237 234
f 64 240 237
f 65 234 240
f 237 240 234
f 17 232 221
f 62 242 232
f 59 221 242
f 232 242 221
f 18 241 228
f 64 243 241
f 62 228 243
f 241 243 228
f 19 225 236
f 59 244 225
f 64 236 244
f 225 244 236
f 62 243 242
f 64 244 243
f 59 242 244
f 243 244 242
f 1 220 246
f 60 245 220
f 67 246 245
f 220 245 246
f 19 247 223
f 66 248 247
f 60 223 248
f 247 248 223
f 21 249 251
f 67 250 249
f 66 251 250
f 249 250 251
f 60 248 245
f 66 250 248
f 67 245 250
f 248 250 245
f 8 252 233
f 68 253 252
f 63 233 253
f 252 253 233
f 20 254 256
f 69 255 254
f 68 256 255
f 254 255 256
f 19 238 258
f 63 257 238
f 69 258 257
f 238 257 258
f 68 255 253
f 69 257 255
f 63 253 257
f 255 257 253
f 11 259 261
f 70 260 259
f 72 261 260
f 259 260 261
f 21 262 264
f 71 263 262
f 70 264 263
f 262 263 264
f 20 265 267
f 72 266 265
f 71 267 266
f 265 266 267
f 70 263 260
f 71 266 263
f 72 260 266
f 263 266 260
f 19 258 247
f 69 268 258
f 66 247 268
f 258 268 247
f 20 267 254
f 71 269 267
f 69 254 269
f 267 269 254
f 21 251 262
f 66 270 251
f 71 262 270
f 251 270 262
f 69 269 268
f 71 270 269
f 66 268 270
f 269 270 268
f 1 246 163
f 67 271 246
f 43 163 271
f 246 271 163
f 21 272 249
f 73 273 272
f 67 249 273
f 272 273 249
f 13 168 275
f 43 274 168
f 73 275 274
f 168 274 275
f 67 273 271
f 73 274 273
f 43 271 274
f 273 274 271
f 11 276 259
f 74 277 276
f 70 259 277
f 276 277 259
f 22 278 280
f 75 279 278
f 74 280 279
f 278 279 280
f 21 264 282
f 70 281 264
f 75 282 281
f 264 281 282
f 74 279 277
f 75 281 279
f 70 277 281
f 279 281 277
f 12 174 284
f 48 283 174
f 77 284 283
f 174 283 284
f 13 285 178
f 76 286 285
f 48 178 286
f 285 286 178
f 22 287 289
f 77 288 287
f 76 289 288
f 287 288 289
f 48 286 283
f 76 288 286
f 77 283 288
f 286 288 283
f 21 282 272
f 75 290 282
f 73 272 290
f 282 290 272
f 22 289 278
f 76 291 289
f 75 278 291
f 289 291 278
f 13 275 285
f 73 292 275
f 76 285 292
f 275 292 285
f 75 291 290
f 76 292 291
f 73 290 292
f 291 292 290
f 2 209 294
f 58 293 209
f 79 294 293
f 209 293 294
f 16 295 213
f 78 296 295
f 58 213 296
f 295 296 213
f 24 297 299
f 79 298 297
f 78 299 298
f 297 298 299
f 58 296 293
f 78 298 296
f 79 293 298
f 296 298 293
f 6 300 200
f 80 301 300
f 54 200 301
f 300 301 200
f 23 302 304
f 81 303 302
f 80 304 303
f 302 303 304
f 16 204 306
f 54 305 204
f 81 306 305
f 204 305 306
f 80 303 301
f 81 305 303
f 54 301 305
f 303 305 301
f 10 307 309
f 82 308 307
f 84 309 308
f 307 308 309
f 24 310 312
f 83 311 310
f 82 312 311
f 310 311 312
f 23 313 315
f 84 314 313
f 83 315 314
f 313 314 315
f 82 311 308
f 83 314 311
f 84 308 314
f 311 314 308
f 16 306 295
f 81 316 306
f 78 295 316
f 306 316 295
f 23 315 302
f 83 317 315
f 81 302 317
f 315 317 302
f 24 299 310
f 78 318 299
f 83 310 318
f 299 318 310
f 81 317 316
f 83 318 317
f 78 316 318
f 317 318 316
f 6 183 320
f 51 319 183
f 86 320 319
f 183 319 320
f 14 321 187
f 85 322 321
f 51 187 322
f 321 322 187
f 26 323 325
f 86 324 323
f 85 325 324
f 323 324 325
f 51 322 319
f 85 324 322
f 86 319 324
f 322 324 319
f 12 326 172
f 87 327 326
f 46 172 327
f 326 327 172
f 25 328 330
f 88 329 328
f 87 330 329
f 328 329 330
f 14 177 332
f 46 331 177
f 88 332 331
f 177 331 332
f 87 329 327
f 88 331 329
f 46 327 331
f 329 331 327
f 5 333 335
f 89 334 333
f 91 335 334
f 333 334 335
f 26 336 338
f 90 337 336
f 89 338 337
f 336 337 338
f 25 339 341
f 91 340 339
f 90 341 340
f 339 340 341
f 89 337 334
f 90 340 337
f 91 334 340
f 337 340 334
f 14 332 321
f 88 342 332
f 85 321 342
f 332 342 321
f 25 341 328
f 90 343 341
f 88 328 343
f 341 343 328
f 26 325 336
f 85 344 325
f 90 336 344
f 325 344 336
f 88 343 342
f 90 344 343
f 85 342 344
f 343 344 342
f 12 284 346
f 77 345 284
f 93 346 345
f 284 345 346
f 22 347 287
f 92 348 347
f 77 287 348
f 347 348 287
f 28 349 351
f 93 350 349
f 92 351 350
f 349 350 351
f 77 348 345
f 92 350 348
f 93 345 350
f 348 350 345
f 11 352 276
f 94 353 352
f 74 276 353
f 352 353 276
f 27 354 356
f 95 355 354
f 94 356 355
f 354 355 356
f 22 280 358
f 74 357 280
f 95 358 357
f 280 357 358
f 94 355 353
f 95 357 355
f 74 353 357
f 355 357 353
f 3 359 361
f 96 360 359
f 98 361 360
f 359 360 361
f 28 362 364
f 97 363 362
f 96 364 363
f 362 363 364
f 27 365 367
f 98 366 365
f 97 367 366
f 365 366 367
f 96 363 360
f 97 366 363
f 98 360 366
f 363 366 360
f 22 358 347
f 95 368 358
f 92 347 368
f 358 368 347
f 27 367 354
f 97 369 367
f 95 354 369
f 367 369 354
f 28 351 362
f 92 370 351
f 97 362 370
f 351 370 362
f 95 369 368
f 97 370 369
f 92 368 370
f 369 370 368
f 11 261 372
f 72 371 261
f 100 372 371
f 261 371 372
f 20 373 265
f 99 374 373
f 72 265 374
f 373 374 265
f 30 375 377
f 100 376 375
f 99 377 376
f 375 376 377
f 72 374 371
f 99 376 374
f 100 371 376
f 374 376 371
f 8 378 252
f 101 379 378
f 68 252 379
f 378 379 252
f 29 380 382
f 102 381 380
f 101 382 381
f 380 381 382
f 20 256 384
f 68 383 256
f 102 384 383
f 256 383 384
f 101 381 379
f 102 383 381
f 68 379 383
f 381 383 379
f 7 385 387
f 103 386 385
f 105 387 386
f 385 386 387
f 30 388 390
f 104 389 388
f 103 390 389
f 388 389 390
f 29 391 393
f 105 392 391
f 104 393 392
f 391 392 393
f 103 389 386
f 104 392 389
f 105 386 392
f 389 392 386
f 20 384 373
f 102 394 384
f 99 373 394
f 384 394 373
f 29 393 380
f 104 395 393
f 102 380 395
f 393 395 380
f 30 377 388
f 99 396 377
f 104 388 396
f 377 396 388
f 102 395 394
f 104 396 395
f 99 394 396
f 395 396 394
f 8 235 398
f 65 397 235
f 107 398 397
f 235 397 398
f 18 399 239
f 106 400 399
f 65 239 400
f 399 400 239
f 32 401 403
f 107 402 401
f 106 403 402
f 401 402 403
f 65 400 397
f 106 402 400
f 107 397 402
f 400 402 397
f 2 404 226
f 108 405 404
f 61 226 405
f 404 405 226
f 31 406 408
f 109 407 406
f 108 408 407
f 406 407 408
f 18 230 410
f 61 409 230
f 109 410 409
f 230 409 410
f 108 407 405
f 109 409 407
f 61 405 409
f 407 409 405
f 9 411 413
f 110 412 411
f 112 413 412
f 411 412 413
f 32 414 416
f 111 415 414
f 110 416 415
f 414 415 416
f 31 417 419
f 112 418 417
f 111 419 418
f 417 418 419
f 110 415 412
f 111 418 415
f 112 412 418
f 415 418 412
f 18 410 399
f 109 420 410
f 106 399 420
f 410 420 399
f 31 419 406
f 111 421 419
f 109 406 421
f 419 421 406
f 32 403 414
f 106 422 403
f 111 414 422
f 403 422 414
f 109 421 420
f 111 422 421
f 106 420 422
f 421 422 420
f 4 423 425
f 113 424 423
f 115 425 424
f 423 424 425
f 33 426 428
f 114 427 426
f 113 428 427
f 426 427 428
f 35 429 431
f 115 430 429
f 114 431 430
f 429 430 431
f 113 427 424
f 114 430 427
f 115 424 430
f 427 430 424
f 10 432 434
f 116 433 432
f 118 434 433
f 432 433 434
f 34 435 437
f 117 436 435
f 116 437 436
f 435 436 437
f 33 438 440
f 118 439 438
f 117 440 439
f 438 439 440
f 116 436 433
f 117 439 436
f 118 433 439
f 436 439 433
f 5 441 443
f 119 442 441
f 121 443 442
f 441 442 443
f 35 444 446
f 120 445 444
f 119 446 445
f 444 445 446
f 34 447 449
f 121 448 447
f 120 449 448
f 447 448 449
f 119 445 442
f 120 448 445
f 121 442 448
f 445 448 442
f 33 440 426
f 117 450 440
f 114 426 450
f 440 450 426
f 34 449 435
f 120 451 449
f 117 435 451
f 449 451 435
f 35 431 444
f 114 452 431
f 120 444 452
f 431 452 444
f 117 451 450
f 120 452 451
f 114 450 452
f 451 452 450
f 4 425 454
f 115 453 425
f 123 454 453
f 425 453 454
f 35 455 429
f 122 456 455
f 115 429 456
f 455 456 429
f 37 457 459
f 123 458 457
f 122 459 458
f 457 458 459
f 115 456 453
f 122 458 456
f 123 453 458
f 456 458 453
f 5 460 441
f 124 461 460
f 119 441 461
f 460 461 441
f 36 462 464
f 125 463 462
f 124 464 463
f 462 463 464
f 35 446 466
f 119 465 446
f 125 466 465
f 446 465 466
f 124 463 461
f 125 465 463
f 119 461 465
f 463 465 461
f 3 467 469
f 126 468 467
f 128 469 468
f 467 468 469
f 37 470 472
f 127 471 470
f 126 472 471
f 470 471 472
f 36 473 475
f 128 474 473
f 127 475 474
f 473 474 475
f 126 471 468
f 127 474 471
f 128 468 474
f 471 474 468
f 35 466 455
f 125 476 466
f 122 455 476
f 466 476 455
f 36 475 462
f 127 477 475
f 125 462 477
f 475 477 462
f 37 459 470
f 122 478 459
f 127 470 478
f 459 478 470
f 125 477 476
f 127 478 477
f 122 476 478
f 477 478 476
f 4 454 480
f 123 479 454
f 130 480 479
f 454 479 480
f 37 481 457
f 129 482 481
f 123 457 482
f 481 482 457
f 39 483 485
f 130 484 483
f 129 485 484
f 483 484 485
f 123 482 479
f 129 484 482
f 130 479 484
f 482 484 479
f 3 486 467
f 131 487 486
f 126 467 487
f 486 487 467
f 38 488 490
f 132 489 488
f 131 490 489
f 488 489 490
f 37 472 492
f 126 491 472
f 132 492 491
f 472 491 492
f 131 489 487
f 132 491 489
f 126 487 491
f 489 491 487
f 7 493 495
f 133 494 493
f 135 495 494
f 493 494 495
f 39 496 498
f 134 497 496
f 133 498 497
f 496 497 498
f 38 499 501
f 135 500 499
f 134 501 500
f 499 500 501
f 133 497 494
f 134 500 497
f 135 494 500
f 497 500 494
f 37 492 481
f 132 502 492
f 129 481 502
f 492 502 481
f 38 501 488
f 134 503 501
f 132 488 503
f 501 503 488
f 39 485 496
f 129 504 485
f 134 496 504
f 485 504 496
f 132 503 502
f 134 504 503
f 129 502 504
f 503 504 502
f 4 480 506
f 130 505 480
f 137 506 505
f 480 505 506
f 39 507 483
f 136 508 507
f 130 483 508
f 507 508 483
f 41 509 511
f 137 510 509
f 136 511 510
f 509 510 511
f 130 508 505
f 136 510 508
f 137 505 510
f 508 510 505
f 7 512 493
f 138 513 512
f 133 493 513
f 512 513 493
f 40 514 516
f 139 515 514
f 138 516 515
f 514 515 516
f 39 498 518
f 133 517 498
f 139 518 517
f 498 517 518
f 138 515 513
f 139 517 515
f 133 513 517
f 515 517 513
f 9 519 521
f 140 520 519
f 142 521 520
f 519 520 521
f 41 522 524
f 141 523 522
f 140 524 523
f 522 523 524
f 40 525 527
f 142 526 525
f 141 527 526
f 525 526 527
f 140 523 520
f 141 526 523
f 142 520 526
f 523 526 520
f 39 518 507
f 139 528 518
f 136 507 528
f 518 528 507
f 40 527 514
f 141 529 527
f 139 514 529
f 527 529 514
f 41 511 522
f 136 530 511
f 141 522 530
f 511 530 522
f 139 529 528
f 141 530 529
f 136 528 530
f 529 530 528
f 4 506 423
f 137 531 506
f 113 423 531
f 506 531 423
f 41 532 509
f 143 533 532
f 137 509 533
f 532 533 509
f 33 428 535
f 113 534 428
f 143 535 534
f 428 534 535
f 137 533 531
f 143 534 533
f 113 531 534
f 533 534 531
f 9 536 519
f 144 537 536
f 140 519 537
f 536 537 519
f 42 538 540
f 145 539 538
f 144 540 539
f 538 539 540
f 41 524 542
f 140 541 524
f 145 542 541
f 524 541 542
f 144 539 537
f 145 541 539
f 140 537 541
f 539 541 537
f 10 434 544
f 118 543 434
f 147 544 543
f 434 543 544
f 33 545 438
f 146 546 545
f 118 438 546
f 545 546 438
f 42 547 549
f 147 548 547
f 146 549 548
f 547 548 549
f 118 546 543
f 146 548 546
f 147 543 548
f 546 548 543
f 41 542 532
f 145 550 542
f 143 532 550
f 542 550 532
f 42 549 538
f 146 551 549
f 145 538 551
f 549 551 538
f 33 535 545
f 143 552 535
f 146 545 552
f 535 552 545
f 145 551 550
f 146 552 551
f 143 550 552
f 551 552 550
f 5 443 333
f 121 553 443
f 89 333 553
f 443 553 333
f 34 554 447
f 148 555 554
f 121 447 555
f 554 555 447
f 26 338 557
f 89 556 338
f 148 557 556
f 338 556 557
f 121 555 553
f 148 556 555
f 89 553 556
f 555 556 553
f 10 309 432
f 84 558 309
f 116 432 558
f 309 558 432
f 23 559 313
f 149 560 559
f 84 313 560
f 559 560 313
f 34 437 562
f 116 561 437
f 149 562 561
f 437 561 562
f 84 560 558
f 149 561 560
f 116 558 561
f 560 561 558
f 6 320 300
f 86 563 320
f 80 300 563
f 320 563 300
f 26 564 323
f 150 565 564
f 86 323 565
f 564 565 323
f 23 304 567
f 80 566 304
f 150 567 566
f 304 566 567
f 86 565 563
f 150 566 565
f 80 563 566
f 565 566 563
f 34 562 554
f 149 568 562
f 148 554 568
f 562 568 554
f 23 567 559
f 150 569 567
f 149 559 569
f 567 569 559
f 26 557 564
f 148 570 557
f 150 564 570
f 557 570 564
f 149 569 568
f 150 570 569
f 148 568 570
f 569 570 568
f 3 469 359
f 128 571 469
f 96 359 571
f 469 571 359
f 36 572 473
f 151 573 572
f 128 473 573
f 572 573 473
f 28 364 575
f 96 574 364
f 151 575 574
f 364 574 575
f 128 573 571
f 151 574 573
f 96 571 574
f 573 574 571
f 5 335 460
f 91 576 335
f 124 460 576
f 335 576 460
f 25 577 339
f 152 578 577
f 91 339 578
f 577 578 339
f 36 464 580
f 124 579 464
f 152 580 579
f 464 579 580
f 91 578 576
f 152 579 578
f 124 576 579
f 578 579 576
f 12 346 326
f 93 581 346
f 87 326 581
f 346 581 326
f 28 582 349
f 153 583 582
f 93 349 583
f 582 583 349
f 25 330 585
f 87 584 330
f 153 585 584
f 330 584 585
f 93 583 581
f 153 584 583
f 87 581 584
f 583 584 581
f 36 580 572
f 152 586 580
f 151 572 586
f 580 586 572
f 25 585 577
f 153 587 585
f 152 577 587
f 585 587 577
f 28 575 582
f 151 588 575
f 153 582 588
f 575 588 582
f 152 587 586
f 153 588 587
f 151 586 588
f 587 588 586
f 7 495 385
f 135 589 495
f 103 385 589
f 495 589 385
f 38 590 499
f 154 591 590
f 135 499 591
f 590 591 499
f 30 390 593
f 103 592 390
f 154 593 592
f 390 592 593
f 135 591 589
f 154 592 591
f 103 589 592
f 591 592 589
f 3 361 486
f 98 594 361
f 131 486 594
f 361 594 486
f 27 595 365
f 155 596 595
f 98 365 596
f 595 596 365
f 38 490 598
f 131 597 490
f 155 598 597
f 490 597 598
f 98 596 594
f 155 597 596
f 131 594 597
f 596 597 594
f 11 372 352
f 100 599 372
f 94 352 599
f 372 599 352
f 30 600 375
f 156 601 600
f 100 375 601
f 600 601 375
f 27 356 603
f 94 602 356
f 156 603 602
f 356 602 603
f 100 601 599
f 156 602 601
f 94 599 602
f 601 602 599
f 38 598 590
f 155 604 598
f 154 590 604
f 598 604 590
f 27 603 595
f 156 605 603
f 155 595 605
f 603 605 595
f 30 593 600
f 154 606 593
f 156 600 606
f 593 606 600
f 155 605 604
f 156 606 605
f 154 604 606
f 605 606 604
f 9 521 411
f 142 607 521
f 110 411 607
f 521 607 411
f 40 608 525
f 157 609 608
f 142 525 609
f 608 609 525
f 32 416 611
f 110 610 416
f 157 611 610
f 416 610 611
f 142 609 607
f 157 610 609
f 110 607 610
f 609 610 607
f 7 387 512
f 105 612 387
f 138 512 612
f 387 612 512
f 29 613 391
f 158 614 613
f 105 391 614
f 613 614 391
f 40 516 616
f 138 615 516
f 158 616 615
f 516 615 616
f 105 614 612
f 158 615 614
f 138 612 615
f 614 615 612
f 8 398 378
f 107 617 398
f 101 378 617
f 398 617 378
f 32 618 401
f 159 619 618
f 107 401 619
f 618 619 401
f 29 382 621
f 101 620 382
f 159 621 620
f 382 620 621
f 107 619 617
f 159 620 619
f 101 617 620
f 619 620 617
f 40 616 608
f 158 622 616
f 157 608 622
f 616 622 608
f 29 621 613
f 159 623 621
f 158 613 623
f 621 623 613
f 32 611 618
f 157 624 611
f 159 618 624
f 611 624 618
f 158 623 622
f 159 624 623
f 157 622 624
f 623 624 622
f 10 544 307
f 147 625 544
f 82 307 625
f 544 625 307
f 42 626 547
f 160 627 626
f 147 547 627
f 626 627 547
f 24 312 629
f 82 628 312
f 160 629 628
f 312 628 629
f 147 627 625
f 160 628 627
f 82 625 628
f 627 628 625
f 9 413 536
f 112 630 413
f 144 536 630
f 413 630 536
f 31 631 417
f 161 632 631
f 112 417 632
f 631 632 417
f 42 540 634
f 144 633 540
f 161 634 633
f 540 633 634
f 112 632 630
f 161 633 632
f 144 630 633
f 632 633 630
f 2 294 404
f 79 635 294
f 108 404 635
f 294 635 404
f 24 636 297
f 162 637 636
f 79 297 637
f 636 637 297
f 31 408 639
f 108 638 408
f 162 639 638
f 408 638 639
f 79 637 635
f 162 638 637
f 108 635 638
f 637 638 635
f 42 634 626
f 161 640 634
f 160 626 640
f 634 640 626
f 31 639 631
f 162 641 639
f 161 631 641
f 639 641 631
f 24 629 636
f 160 642 629
f 162 636 642
f 629 642 636
f 161 641 640
f 162 642 641
f 160 640 642
f 641 642 640
usemtl azure
f 643 644 645 646
f 647 648 649 650
f 651 652 653 654
f 655 656 657 658
f 659 660 661 662
f 663 664 665 666
usemtl amber
f 667 668 669
f 670 671 672
f 673 674 675
f 676 677 678
f 679 680 681
f 682 683 684
f 685 686 687
f 688 689 690
usemtl jade
f 691 692 693
f 694 695 696
f 697 698 699
f 700 701 702
usemtl violet
f 706 705 704 703
f 710 709 708 707
f 714 713 712 711
f 718 717 716 715
f 722 721 720 719
f 726 725 724 723
f 730 729 728 727
f 734 733 732 731
f 738 737 736 735
f 742 741 740 739
f 746 745 744 743
f 750 749 748 747
f 754 753 752 751
f 758 757 756 755
f 762 761 760 759
f 766 765 764 763
f 770 769 768 767
f 774 773 772 771
f 778 777 776 775
f 782 781 780 779
f 786 785 784 783
f 790 789 788 787
f 794 793 792 791
f 798 797 796 795
f 822 821 820 819 818 817 816 815 814 813 812 811 810 809 808 807 806 805 804 803 802 801 800 799
f 846 845 844 843 842 841 840 839 838 837 836 835 834 833 832 831 830 829 828 827 826 825 824 823
usemtl coral
f 847 889 891
f 859 890 889
f 861 891 890
f 889 890 891
f 858 892 894
f 860 893 892
f 859 894 893
f 892 893 894
f 852 895 897
f 861 896 895
f 860 897 896
f 895 896 897
f 859 893 890
f 860 896 893
f 861 890 896
f 893 896 890
f 847 891 899
f 861 898 891
f 863 899 898
f 891 898 899
f 852 900 895
f 862 901 900
f 861 895 901
f 900 901 895
f 848 902 904
f 863 903 902
f 862 904 903
f 902 903 904
f 861 901 898
f 862 903 901
f 863 898 903
f 901 903 898
f 847 899 906
f 863 905 899
f 865 906 905
f 899 905 906
f 848 907 902
f 864 908 907
f 863 902 908
f 907 908 902
f 854 909 911
f 865 910 909
f 864 911 910
f 909 910 911
f 863 908 905
f 864 910 908
f 865 905 910
f 908 910 905
f 847 906 913
f 865 912 906
f 867 913 912
f 906 912 913
f 854 914 909
f 866 915 914
f 865 909 915
f 914 915 909
f 857 916 918
f 867 917 916
f 866 918 917
f 916 917 918
f 865 915 912
f 866 917 915
f 867 912 917
f 915 917 912
f 847 913 889
f 867 919 913
f 859 889 919
f 913 919 889
f 857 920 916
f 868 921 920
f 867 916 921
f 920 921 916
f 858 894 923
f 859 922 894
f 868 923 922
f 894 922 923
f 867 921 919
f 868 922 921
f 859 919 922
f 921 922 919
f 848 904 925
f 862 924 904
f 870 925 924
f 904 924 925
f 852 926 900
f 869 927 926
f 862 900 927
f 926 927 900
f 856 928 930
f 870 929 928
f 869 930 929
f 928 929 930
f 862 927 924
f 869 929 927
f 870 924 929
f 927 929 924
f 852 897 932
f 860 931 897
f 872 932 931
f 897 931 932
f 858 933 892
f 871 934 933
f 860 892 934
f 933 934 892
f 851 935 937
f 872 936 935
f 871 937 936
f 935 936 937
f 860 934 931
f 871 936 934
f 872 931 936
f 934 936 931
f 858 923 939
f 868 938 923
f 874 939 938
f 923 938 939
f 857 940 920
f 873 941 940
f 868 920 941
f 940 941 920
f 849 942 944
f 874 943 942
f 873 944 943
f 942 943 944
f 868 941 938
f 873 943 941
f 874 938 943
f 941 943 938
f 857 918 946
f 866 945 918
f 876 946 945
f 918 945 946
f 854 947 914
f 875 948 947
f 866 914 948
f 947 948 914
f 853 949 951
f 876 950 949
f 875 951 950
f 949 950 951
f 866 948 945
f 875 950 948
f 876 945 950
f 948 950 945
f 854 911 953
f 864 952 911
f 878 953 952
f 911 952 953
f 848 954 907
f 877 955 954
f 864 907 955
f 954 955 907
f 855 956 958
f 878 957 956
f 877 958 957
f 956 957 958
f 864 955 952
f 877 957 955
f 878 952 957
f 955 957 952
f 850 959 961
f 879 960 959
f 881 961 960
f 959 960 961
f 856 962 964
f 880 963 962
f 879 964 963
f 962 963 964
f 851 965 967
f 881 966 965
f 880 967 966
f 965 966 967
f 879 963 960
f 880 966 963
f 881 960 966
f 963 966 960
f 850 961 969
f 881 968 961
f 883 969 968
f 961 968 969
f 851 970 965
f 882 971 970
f 881 965 971
f 970 971 965
f 849 972 974
f 883 973 972
f 882 974 973
f 972 973 974
f 881 971 968
f 882 973 971
f 883 968 973
f 971 973 968
f 850 969 976
f 883 975 969
f 885 976 975
f 969 975 976
f 849 977 972
f 884 978 977
f 883 972 978
f 977 978 972
f 853 979 981
f 885 980 979
f 884 981 980
f 979 980 981
f 883 978 975
f 884 980 978
f 885 975 980
f 978 980 975
f 850 976 983
f 885 982 976
f 887 983 982
f 976 982 983
f 853 984 979
f 886 985 984
f 885 979 985
f 984 985 979
f 855 986 988
f 887 987 986
f 886 988 987
f 986 987 988
f 885 985 982
f 886 987 985
f 887 982 987
f 985 987 982
f 850 983 959
f 887 989 983
f 879 959 989
f 983 989 959
f 855 990 986
f 888 991 990
f 887 986 991
f 990 991 986
f 856 964 993
f 879 992 964
f 888 993 992
f 964 992 993
f 887 991 989
f 888 992 991
f 879 989 992
f 991 992 989
f 851 967 935
f 880 994 967
f 872 935 994
f 967 994 935
f 856 930 962
f 869 995 930
f 880 962 995
f 930 995 962
f 852 932 926
f 872 996 932
f 869 926 996
f 932 996 926
f 880 995 994
f 869 996 995
f 872 994 996
f 995 996 994
f 849 974 942
f 882 997 974
f 874 942 997
f 974 997 942
f 851 937 970
f 871 998 937
f 882 970 998
f 937 998 970
f 858 939 933
f 874 999 939
f 871 933 999
f 939 999 933
f 882 998 997
f 871 999 998
f 874 997 999
f 998 999 997
f 853 981 949
f 884 1000 981
f 876 949 1000
f 981 1000 949
f 849 944 977
f 873 1001 944
f 884 977 1001
f 944 1001 977
f 857 946 940
f 876 1002 946
f 873 940 1002
f 946 1002 940
f 884 1001 1000
f 873 1002 1001
f 876 1000 1002
f 1001 1002 1000
f 855 988 956
f 886 1003 988
f 878 956 1003
f 988 1003 956
f 853 951 984
f 875 1004 951
f 886 984 1004
f 951 1004 984
f 854 953 947
f 878 1005 953
f 875 947 1005
f 953 1005 947
f 886 1004 1003
f 875 1005 1004
f 878 1003 1005
f 1004 1005 1003
f 856 993 928
f 888 1006 993
f 870 928 1006
f 993 1006 928
f 855 958 990
f 877 1007 958
f 888 990 1007
f 958 1007 990
f 848 925 954
f 870 1008 925
f 877 954 1008
f 925 1008 954
f 888 1007 1006
f 877 1008 1007
f 870 1006 1008
f 1007 1008 1006
usemtl teal
f 1010 1030 1029 1009
f 1011 1031 1030 1010
f 1012 1032 1031 1011
f 1013 1033 1032 1012
f 1014 1034 1033 1013
f 1015 1035 1034 1014
f 1016 1036 1035 1015
f 1017 1037 1036 1016
f 1018 1038 1037 1017
f 1019 1039 1038 1018
f 1020 1040 1039 1019
f 1021 1041 1040 1020
f 1022 1042 1041 1021
f 1023 1043 1042 1022
f 1024 1044 1043 1023
f 1025 1045 1044 1024
f 1026 1046 1045 1025
f 1027 1047 1046 1026
f 1028 1048 1047 1027
f 1009 1029 1048 1028
f 1030 1050 1049 1029
f 1031 1051 1050 1030
f 1032 1052 1051 1031
f 1033 1053 1052 1032
f 1034 1054 1053 1033
f 1035 1055 1054 1034
f 1036 1056 1055 1035
f 1037 1057 1056 1036
f 1038 1058 1057 1037
f 1039 1059 1058 1038
f 1040 1060 1059 1039
f 1041 1061 1060 1040
f 1042 1062 1061 1041
f 1043 1063 1062 1042
f 1044 1064 1063 1043
f 1045 1065 1064 1044
f 1046 1066 1065 1045
f 1047 1067 1066 1046
f 1048 1068 1067 1047
f 1029 1049 1068 1048
f 1050 1070 1069 1049
f 1051 1071 1070 1050
f 1052 1072 1071 1051
f 1053 1073 1072 1052
f 1054 1074 1073 1053
f 1055 1075 1074 1054
f 1056 1076 1075 1055
f 1057 1077 1076 1056
f 1058 1078 1077 1057
f 1059 1079 1078 1058
f 1060 1080 1079 1059
f 1061 1081 1080 1060
f 1062 1082 1081 1061
f 1063 1083 1082 1062
f 1064 1084 1083 1063
f 1065 1085 1084 1064
f 1066 1086 1085 1065
f 1067 1087 1086 1066
f 1068 1088 1087 1067
f 1049 1069 1088 1068
f 1070 1090 1089 1069
f 1071 1091 1090 1070
f 1072 1092 1091 1071
f 1073 1093 1092 1072
f 1074 1094 1093 1073
f 1075 1095 1094 1074
f 1076 1096 1095 1075
f 1077 1097 1096 1076
f 1078 1098 1097 1077
f 1079 1099 1098 1078
f 1080 1100 1099 1079
f 1081 1101 1100 1080
f 1082 1102 1101 1081
f 1083 1103 1102 1082
f 1084 1104 1103 1083
f 1085 1105 1104 1084
f 1086 1106 1105 1085
f 1087 1107 1106 1086
f 1088 1108 1107 1087
f 1069 1089 1108 1088
f 1090 1110 1109 1089
f 1091 1111 1110 1090
f 1092 1112 1111 1091
f 1093 1113 1112 1092
f 1094 1114 1113 1093
f 1095 1115 1114 1094
f 1096 1116 1115 1095
f 1097 1117 1116 1096
f 1098 1118 1117 1097
f 1099 1119 1118 1098
f 1100 1120 1119 1099
f 1101 1121 1120 1100
f 1102 1122 1121 1101
f 1103 1123 1122 1102
f 1104 1124 1123 1103
f 1105 1125 1124 1104
f 1106 1126 1125 1105
f 1107 1127 1126 1106
f 1108 1128 1127 1107
f 1089 1109 1128 1108
f 1110 1130 1129 1109
f 1111 1131 1130 1110
f 1112 1132 1131 1111
f 1113 1133 1132 1112
f 1114 1134 1133 1113
f 1115 1135 1134 1114
f 1116 1136 1135 1115
f 1117 1137 1136 1116
f 1118 1138 1137 1117
f 1119 1139 1138 1118
f 1120 1140 1139 1119
f 1121 1141 1140 1120
f 1122 1142 1141 1121
f 1123 1143 1142 1122
f 1124 1144 1143 1123
f 1125 1145 1144 1124
f 1126 1146 1145 1125
f 1127 1147 1146 1126
f 1128 1148 1147 1127
f 1109 1129 1148 1128
f 1130 1150 1149 1129
f 1131 1151 1150 1130
f 1132 1152 1151 1131
f 1133 1153 1152 1132
f 1134 1154 1153 1133
f 1135 1155 1154 1134
f 1136 1156 1155 1135
f 1137 1157 1156 1136
f 1138 1158 1157 1137
f 1139 1159 1158 1138
f 1140 1160 1159 1139
f 1141 1161 1160 1140
f 1142 1162 1161 1141
f 1143 1163 1162 1142
f 1144 1164 1163 1143
f 1145 1165 1164 1144
f 1146 1166 1165 1145
f 1147 1167 1166 1146
f 1148 1168 1167 1147
f 1129 1149 1168 1148
f 1150 1170 1169 1149
f 1151 1171 1170 1150
f 1152 1172 1171 1151
f 1153 1173 1172 1152
f 1154 1174 1173 1153
f 1155 1175 1174 1154
f 1156 1176 1175 1155
f 1157 1177 1176 1156
f 1158 1178 1177 1157
f 1159 1179 1178 1158
f 1160 1180 1179 1159
f 1161 1181 1180 1160
f 1162 1182 1181 1161
f 1163 1183 1182 1162
f 1164 1184 1183 1163
f 1165 1185 1184 1164
f 1166 1186 1185 1165
f 1167 1187 1186 1166
f 1168 1188 1187 1167
f 1149 1169 1188 1168
f 1170 1190 1189 1169
f 1171 1191 1190 1170
f 1172 1192 1191 1171
f 1173 1193 1192 1172
f 1174 1194 1193 1173
f 1175 1195 1194 1174
f 1176 1196 1195 1175
f 1177 1197 1196 1176
f 1178 1198 1197 1177
f 1179 1199 1198 1178
f 1180 1200 1199 1179
f 1181 1201 1200 1180
f 1182 1202 1201 1181
f 1183 1203 1202 1182
f 1184 1204 1203 1183
f 1185 1205 1204 1184
f 1186 1206 1205 1185
f 1187 1207 1206 1186
f 1188 1208 1207 1187
f 1169 1189 1208 1188
f 1190 1210 1209 1189
f 1191 1211 1210 1190
f 1192 1212 1211 1191
f 1193 1213 1212 1192
f 1194 1214 1213 1193
f 1195 1215 1214 1194
f 1196 1216 1215 1195
f 1197 1217 1216 1196
f 1198 1218 1217 1197
f 1199 1219 1218 1198
f 1200 1220 1219 1199
f 1201 1221 1220 1200
f 1202 1222 1221 1201
f 1203 1223 1222 1202
f 1204 1224 1223 1203
f 1205 1225 1224 1204
f 1206 1226 1225 1205
f 1207 1227 1226 1206
f 1208 1228 1227 1207
f 1189 1209 1228 1208
f 1210 1230 1229 1209
f 1211 1231 1230 1210
f 1212 1232 1231 1211
f 1213 1233 1232 1212
f 1214 1234 1233 1213
f 1215 1235 1234 1214
f 1216 1236 1235 1215
f 1217 1237 1236 1216
f 1218 1238 1237 1217
f 1219 1239 1238 1218
f 1220 1240 1239 1219
f 1221 1241 1240 1220
f 1222 1242 1241 1221
f 1223 1243 1242 1222
f 1224 1244 1243 1223
f 1225 1245 1244 1224
f 1226 1246 1245 1225
f 1227 1247 1246 1226
f 1228 1248 1247 1227
f 1209 1229 1248 1228
f 1230 1250 1249 1229
f 1231 1251 1250 1230
f 1232 1252 1251 1231
f 1233 1253 1252 1232
f 1234 1254 1253 1233
f 1235 1255 1254 1234
f 1236 1256 1255 1235
f 1237 1257 1256 1236
f 1238 1258 1257 1237
f 1239 1259 1258 1238
f 1240 1260 1259 1239
f 1241 1261 1260 1240
f 1242 1262 1261 1241
f 1243 1263 1262 1242
f 1244 1264 1263 1243
f 1245 1265 1264 1244
f 1246 1266 1265 1245
f 1247 1267 1266 1246
f 1248 1268 1267 1247
f 1229 1249 1268 1248
f 1250 1270 1269 1249
f 1251 1271 1270 1250
f 1252 1272 1271 1251
f 1253 1273 1272 1252
f 1254 1274 1273 1253
f 1255 1275 1274 1254
f 1256 1276 1275 1255
f 1257 1277 1276 1256
f 1258 1278 1277 1257
f 1259 1279 1278 1258
f 1260 1280 1279 1259
f 1261 1281 1280 1260
f 1262 1282 1281 1261
f 1263 1283 1282 1262
f 1264 1284 1283 1263
f 1265 1285 1284 1264
f 1266 1286 1285 1265
f 1267 1287 1286 1266
f 1268 1288 1287 1267
f 1249 1269 1288 1268
f 1270 1290 1289 1269
f 1271 1291 1290 1270
f 1272 1292 1291 1271
f 1273 1293 1292 1272
f 1274 1294 1293 1273
f 1275 1295 1294 1274
f 1276 1296 1295 1275
f 1277 1297 1296 1276
f 1278 1298 1297 1277
f 1279 1299 1298 1278
f 1280 1300 1299 1279
f 1281 1301 1300 1280
f 1282 1302 1301 1281
f 1283 1303 1302 1282
f 1284 1304 1303 1283
f 1285 1305 1304 1284
f 1286 1306 1305 1285
f 1287 1307 1306 1286
f 1288 1308 1307 1287
f 1269 1289 1308 1288
f 1290 1310 1309 1289
f 1291 1311 1310 1290
f 1292 1312 1311 1291
f 1293 1313 1312 1292
f 1294 1314 1313 1293
f 1295 1315 1314 1294
f 1296 1316 1315 1295
f 1297 1317 1316 1296
f 1298 1318 1317 1297
f 1299 1319 1318 1298
f 1300 1320 1319 1299
f 1301 1321 1320 1300
f 1302 1322 1321 1301
f 1303 1323 1322 1302
f 1304 1324 1323 1303
f 1305 1325 1324 1304
f 1306 1326 1325 1305
f 1307 1327 1326 1306
f 1308 1328 1327 1307
f 1289 1309 1328 1308
f 1310 1330 1329 1309
f 1311 1331 1330 1310
f 1312 1332 1331 1311
f 1313 1333 1332 1312
f 1314 1334 1333 1313
f 1315 1335 1334 1314
f 1316 1336 1335 1315
f 1317 1337 1336 1316
f 1318 1338 1337 1317
f 1319 1339 1338 1318
f 1320 1340 1339 1319
f 1321 1341 1340 1320
f 1322 1342 1341 1321
f 1323 1343 1342 1322
f 1324 1344 1343 1323
f 1325 1345 1344 1324
f 1326 1346 1345 1325
f 1327 1347 1346 1326
f 1328 1348 1347 1327
f 1309 1329 1348 1328
f 1330 1350 1349 1329
f 1331 1351 1350 1330
f 1332 1352 1351 1331
f 1333 1353 1352 1332
f 1334 1354 1353 1333
f 1335 1355 1354 1334
f 1336 1356 1355 1335
f 1337 1357 1356 1336
f 1338 1358 1357 1337
f 1339 1359 1358 1338
f 1340 1360 1359 1339
f 1341 1361 1360 1340
f 1342 1362 1361 1341
f 1343 1363 1362 1342
f 1344 1364 1363 1343
f 1345 1365 1364 1344
f 1346 1366 1365 1345
f 1347 1367 1366 1346
f 1348 1368 1367 1347
f 1329 1349 1368 1348
f 1350 1370 1369 1349
f 1351 1371 1370 1350
f 1352 1372 1371 1351
f 1353 1373 1372 1352
f 1354 1374 1373 1353
f 1355 1375 1374 1354
f 1356 1376 1375 1355
f 1357 1377 1376 1356
f 1358 1378 1377 1357
f 1359 1379 1378 1358
f 1360 1380 1379 1359
f 1361 1381 1380 1360
f 1362 1382 1381 1361
f 1363 1383 1382 1362
f 1364 1384 1383 1363
f 1365 1385 1384 1364
f 1366 1386 1385 1365
f 1367 1387 1386 1366
f 1368 1388 1387 1367
f 1349 1369 1388 1368
f 1370 1390 1389 1369
f 1371 1391 1390 1370
f 1372 1392 1391 1371
f 1373 1393 1392 1372
f 1374 1394 1393 1373
f 1375 1395 1394 1374
f 1376 1396 1395 1375
f 1377 1397 1396 1376
f 1378 1398 1397 1377
f 1379 1399 1398 1378
f 1380 1400 1399 1379
f 1381 1401 1400 1380
f 1382 1402 1401 1381
f 1383 1403 1402 1382
f 1384 1404 1403 1383
f 1385 1405 1404 1384
f 1386 1406 1405 1385
f 1387 1407 1406 1386
f 1388 1408 1407 1387
f 1369 1389 1408 1388
f 1390 1410 1409 1389
f 1391 1411 1410 1390
f 1392 1412 1411 1391
f 1393 1413 1412 1392
f 1394 1414 1413 1393
f 1395 1415 1414 1394
f 1396 1416 1415 1395
f 1397 1417 1416 1396
f 1398 1418 1417 1397
f 1399 1419 1418 1398
f 1400 1420 1419 1399
f 1401 1421 1420 1400
f 1402 1422 1421 1401
f 1403 1423 1422 1402
f 1404 1424 1423 1403
f 1405 1425 1424 1404
f 1406 1426 1425 1405
f 1407 1427 1426 1406
f 1408 1428 1427 1407
f 1389 1409 1428 1408
f 1410 1430 1429 1409
f 1411 1431 1430 1410
f 1412 1432 1431 1411
f 1413 1433 1432 1412
f 1414 1434 1433 1413
f 1415 1435 1434 1414
f 1416 1436 1435 1415
f 1417 1437 1436 1416
f 1418 1438 1437 1417
f 1419 1439 1438 1418
f 1420 1440 1439 1419
f 1421 1441 1440 1420
f 1422 1442 1441 1421
f 1423 1443 1442 1422
f 1424 1444 1443 1423
f 1425 1445 1444 1424
f 1426 1446 1445 1425
f 1427 1447 1446 1426
f 1428 1448 1447 1427
f 1409 1429 1448 1428
f 1430 1450 1449 1429
f 1431 1451 1450 1430
f 1432 1452 1451 1431
f 1433 1453 1452 1432
f 1434 1454 1453 1433
f 1435 1455 1454 1434
f 1436 1456 1455 1435
f 1437 1457 1456 1436
f 1438 1458 1457 1437
f 1439 1459 1458 1438
f 1440 1460 1459 1439
f 1441 1461 1460 1440
f 1442 1462 1461 1441
f 1443 1463 1462 1442
f 1444 1464 1463 1443
f 1445 1465 1464 1444
f 1446 1466 1465 1445
f 1447 1467 1466 1446
f 1448 1468 1467 1447
f 1429 1449 1468 1448
f 1450 1470 1469 1449
f 1451 1471 1470 1450
f 1452 1472 1471 1451
f 1453 1473 1472 1452
f 1454 1474 1473 1453
f 1455 1475 1474 1454
f 1456 1476 1475 1455
f 1457 1477 1476 1456
f 1458 1478 1477 1457
f 1459 1479 1478 1458
f 1460 1480 1479 1459
f 1461 1481 1480 1460
f 1462 1482 1481 1461
f 1463 1483 1482 1462
f 1464 1484 1483 1463
f 1465 1485 1484 1464
f 1466 1486 1485 1465
f 1467 1487 1486 1466
f 1468 1488 1487 1467
f 1449 1469 1488 1468
f 1470 1490 1489 1469
f 1471 1491 1490 1470
f 1472 1492 1491 1471
f 1473 1493 1492 1472
f 1474 1494 1493 1473
f 1475 1495 1494 1474
f 1476 1496 1495 1475
f 1477 1497 1496 1476
f 1478 1498 1497 1477
f 1479 1499 1498 1478
f 1480 1500 1499 1479
f 1481 1501 1500 1480
f 1482 1502 1501 1481
f 1483 1503 1502 1482
f 1484 1504 1503 1483
f 1485 1505 1504 1484
f 1486 1506 1505 1485
f 1487 1507 1506 1486
f 1488 1508 1507 1487
f 1469 1489 1508 1488
f 1490 1510 1509 1489
f 1491 1511 1510 1490
f 1492 1512 1511 1491
f 1493 1513 1512 1492
f 1494 1514 1513 1493
f 1495 1515 1514 1494
f 1496 1516 1515 1495
f 1497 1517 1516 1496
f 1498 1518 1517 1497
f 1499 1519 1518 1498
f 1500 1520 1519 1499
f 1501 1521 1520 1500
f 1502 1522 1521 1501
f 1503 1523 1522 1502
f 1504 1524 1523 1503
f 1505 1525 1524 1504
f 1506 1526 1525 1505
f 1507 1527 1526 1506
f 1508 1528 1527 1507
f 1489 1509 1528 1508
f 1510 1530 1529 1509
f 1511 1531 1530 1510
f 1512 1532 1531 1511
f 1513 1533 1532 1512
f 1514 1534 1533 1513
f 1515 1535 1534 1514
f 1516 1536 1535 1515
f 1517 1537 1536 1516
f 1518 1538 1537 1517
f 1519 1539 1538 1518
f 1520 1540 1539 1519
f 1521 1541 1540 1520
f 1522 1542 1541 1521
f 1523 1543 1542 1522
f 1524 1544 1543 1523
f 1525 1545 1544 1524
f 1526 1546 1545 1525
f 1527 1547 1546 1526
f 1528 1548 1547 1527
f 1509 1529 1548 1528
f 1530 1550 1549 1529
f 1531 1551 1550 1530
f 1532 1552 1551 1531
f 1533 1553 1552 1532
f 1534 1554 1553 1533
f 1535 1555 1554 1534
f 1536 1556 1555 1535
f 1537 1557 1556 1536
f 1538 1558 1557 1537
f 1539 1559 1558 1538
f 1540 1560 1559 1539
f 1541 1561 1560 1540
f 1542 1562 1561 1541
f 1543 1563 1562 1542
f 1544 1564 1563 1543
f 1545 1565 1564 1544
f 1546 1566 1565 1545
f 1547 1567 1566 1546
f 1548 1568 1567 1547
f 1529 1549 1568 1548
f 1550 1570 1569 1549
f 1551 1571 1570 1550
f 1552 1572 1571 1551
f 1553 1573 1572 1552
f 1554 1574 1573 1553
f 1555 1575 1574 1554
f 1556 1576 1575 1555
f 1557 1577 1576 1556
f 1558 1578 1577 1557
f 1559 1579 1578 1558
f 1560 1580 1579 1559
f 1561 1581 1580 1560
f 1562 1582 1581 1561
f 1563 1583 1582 1562
f 1564 1584 1583 1563
f 1565 1585 1584 1564
f 1566 1586 1585 1565
f 1567 1587 1586 1566
f 1568 1588 1587 1567
f 1549 1569 1588 1568
f 1570 1590 1589 1569
f 1571 1591 1590 1570
f 1572 1592 1591 1571
f 1573 1593 1592 1572
f 1574 1594 1593 1573
f 1575 1595 1594 1574
f 1576 1596 1595 1575
f 1577 1597 1596 1576
f 1578 1598 1597 1577
f 1579 1599 1598 1578
f 1580 1600 1599 1579
f 1581 1601 1600 1580
f 1582 1602 1601 1581
f 1583 1603 1602 1582
f 1584 1604 1603 1583
f 1585 1605 1604 1584
f 1586 1606 1605 1585
f 1587 1607 1606 1586
f 1588 1608 1607 1587
f 1569 1589 1608 1588
f 1590 1610 1609 1589
f 1591 1611 1610 1590
f 1592 1612 1611 1591
f 1593 1613 1612 1592
f 1594 1614 1613 1593
f 1595 1615 1614 1594
f 1596 1616 1615 1595
f 1597 1617 1616 1596
f 1598 1618 1617 1597
f 1599 1619 1618 1598
f 1600 1620 1619 1599
f 1601 1621 1620 1600
f 1602 1622 1621 1601
f 1603 1623 1622 1602
f 1604 1624 1623 1603
f 1605 1625 1624 1604
f 1606 1626 1625 1605
f 1607 1627 1626 1606
f 1608 1628 1627 1607
f 1589 1609 1628 1608
f 1610 1630 1629 1609
f 1611 1631 1630 1610
f 1612 1632 1631 1611
f 1613 1633 1632 1612
f 1614 1634 1633 1613
f 1615 1635 1634 1614
f 1616 1636 1635 1615
f 1617 1637 1636 1616
f 1618 1638 1637 1617
f 1619 1639 1638 1618
f 1620 1640 1639 1619
f 1621 1641 1640 1620
f 1622 1642 1641 1621
f 1623 1643 1642 1622
f 1624 1644 1643 1623
f 1625 1645 1644 1624
f 1626 1646 1645 1625
f 1627 1647 1646 1626
f 1628 1648 1647 1627
f 1609 1629 1648 1628
f 1630 1650 1649 1629
f 1631 1651 1650 1630
f 1632 1652 1651 1631
f 1633 1653 1652 1632
f 1634 1654 1653 1633
f 1635 1655 1654 1634
f 1636 1656 1655 1635
f 1637 1657 1656 1636
f 1638 1658 1657 1637
f 1639 1659 1658 1638
f 1640 1660 1659 1639
f 1641 1661 1660 1640
f 1642 1662 1661 1641
f 1643 1663 1662 1642
f 1644 1664 1663 1643
f 1645 1665 1664 1644
f 1646 1666 1665 1645
f 1647 1667 1666 1646
f 1648 1668 1667 1647
f 1629 1649 1668 1648
f 1650 1670 1669 1649
f 1651 1671 1670 1650
f 1652 1672 1671 1651
f 1653 1673 1672 1652
f 1654 1674 1673 1653
f 1655 1675 1674 1654
f 1656 1676 1675 1655
f 1657 1677 1676 1656
f 1658 1678 1677 1657
f 1659 1679 1678 1658
f 1660 1680 1679 1659
f 1661 1681 1680 1660
f 1662 1682 1681 1661
f 1663 1683 1682 1662
f 1664 1684 1683 1663
f 1665 1685 1684 1664
f 1666 1686 1685 1665
f 1667 1687 1686 1666
f 1668 1688 1687 1667
f 1649 1669 1688 1668
f 1670 1690 1689 1669
f 1671 1691 1690 1670
f 1672 1692 1691 1671
f 1673 1693 1692 1672
f 1674 1694 1693 1673
f 1675 1695 1694 1674
f 1676 1696 1695 1675
f 1677 1697 1696 1676
f 1678 1698 1697 1677
f 1679 1699 1698 1678
f 1680 1700 1699 1679
f 1681 1701 1700 1680
f 1682 1702 1701 1681
f 1683 1703 1702 1682
f 1684 1704 1703 1683
f 1685 1705 1704 1684
f 1686 1706 1705 1685
f 1687 1707 1706 1686
f 1688 1708 1707 1687
f 1669 1689 1708 1688
f 1690 1710 1709 1689
f 1691 1711 1710 1690
f 1692 1712 1711 1691
f 1693 1713 1712 1692
f 1694 1714 1713 1693
f 1695 1715 1714 1694
f 1696 1716 1715 1695
f 1697 1717 1716 1696
f 1698 1718 1717 1697
f 1699 1719 1718 1698
f 1700 1720 1719 1699
f 1701 1721 1720 1700
f 1702 1722 1721 1701
f 1703 1723 1722 1702
f 1704 1724 1723 1703
f 1705 1725 1724 1704
f 1706 1726 1725 1705
f 1707 1727 1726 1706
f 1708 1728 1727 1707
f 1689 1709 1728 1708
f 1710 1730 1729 1709
f 1711 1731 1730 1710
f 1712 1732 1731 1711
f 1713 1733 1732 1712
f 1714 1734 1733 1713
f 1715 1735 1734 1714
f 1716 1736 1735 1715
f 1717 1737 1736 1716
f 1718 1738 1737 1717
f 1719 1739 1738 1718
f 1720 1740 1739 1719
f 1721 1741 1740 1720
f 1722 1742 1741 1721
f 1723 1743 1742 1722
f 1724 1744 1743 1723
f 1725 1745 1744 1724
f 1726 1746 1745 1725
f 1727 1747 1746 1726
f 1728 1748 1747 1727
f 1709 1729 1748 1728
f 1730 1750 1749 1729
f 1731 1751 1750 1730
f 1732 1752 1751 1731
f 1733 1753 1752 1732
f 1734 1754 1753 1733
f 1735 1755 1754 1734
f 1736 1756 1755 1735
f 1737 1757 1756 1736
f 1738 1758 1757 1737
f 1739 1759 1758 1738
f 1740 1760 1759 1739
f 1741 1761 1760 1740
f 1742 1762 1761 1741
f 1743 1763 1762 1742
f 1744 1764 1763 1743
f 1745 1765 1764 1744
f 1746 1766 1765 1745
f 1747 1767 1766 1746
f 1748 1768 1767 1747
f 1729 1749 1768 1748
f 1750 1770 1769 1749
f 1751 1771 1770 1750
f 1752 1772 1771 1751
f 1753 1773 1772 1752
f 1754 1774 1773 1753
f 1755 1775 1774 1754
f 1756 1776 1775 1755
f 1757 1777 1776 1756
f 1758 1778 1777 1757
f 1759 1779 1778 1758
f 1760 1780 1779 1759
f 1761 1781 1780 1760
f 1762 1782 1781 1761
f 1763 1783 1782 1762
f 1764 1784 1783 1763
f 1765 1785 1784 1764
f 1766 1786 1785 1765
f 1767 1787 1786 1766
f 1768 1788 1787 1767
f 1749 1769 1788 1768
f 1770 1790 1789 1769
f 1771 1791 1790 1770
f 1772 1792 1791 1771
f 1773 1793 1792 1772
f 1774 1794 1793 1773
f 1775 1795 1794 1774
f 1776 1796 1795 1775
f 1777 1797 1796 1776
f 1778 1798 1797 1777
f 1779 1799 1798 1778
f 1780 1800 1799 1779
f 1781 1801 1800 1780
f 1782 1802 1801 1781
f 1783 1803 1802 1782
f 1784 1804 1803 1783
f 1785 1805 1804 1784
f 1786 1806 1805 1785
f 1787 1807 1806 1786
f 1788 1808 1807 1787
f 1769 1789 1808 1788
f 1790 1810 1809 1789
f 1791 1811 1810 1790
f 1792 1812 1811 1791
f 1793 1813 1812 1792
f 1794 1814 1813 1793
f 1795 1815 1814 1794
f 1796 1816 1815 1795
f 1797 1817 1816 1796
f 1798 1818 1817 1797
f 1799 1819 1818 1798
f 1800 1820 1819 1799
f 1801 1821 1820 1800
f 1802 1822 1821 1801
f 1803 1823 1822 1802
f 1804 1824 1823 1803
f 1805 1825 1824 1804
f 1806 1826 1825 1805
f 1807 1827 1826 1806
f 1808 1828 1827 1807
f 1789 1809 1828 1808
f 1810 1830 1829 1809
f 1811 1831 1830 1810
f 1812 1832 1831 1811
f 1813 1833 1832 1812
f 1814 1834 1833 1813
f 1815 1835 1834 1814
f 1816 1836 1835 1815
f 1817 1837 1836 1816
f 1818 1838 1837 1817
f 1819 1839 1838 1818
f 1820 1840 1839 1819
f 1821 1841 1840 1820
f 1822 1842 1841 1821
f 1823 1843 1842 1822
f 1824 1844 1843 1823
f 1825 1845 1844 1824
f 1826 1846 1845 1825
f 1827 1847 1846 1826
f 1828 1848 1847 1827
f 1809 1829 1848 1828
f 1830 1850 1849 1829
f 1831 1851 1850 1830
f 1832 1852 1851 1831
f 1833 1853 1852 1832
f 1834 1854 1853 1833
f 1835 1855 1854 1834
f 1836 1856 1855 1835
f 1837 1857 1856 1836
f 1838 1858 1857 1837
f 1839 1859 1858 1838
f 1840 1860 1859 1839
f 1841 1861 1860 1840
f 1842 1862 1861 1841
f 1843 1863 1862 1842
f 1844 1864 1863 1843
f 1845 1865 1864 1844
f 1846 1866 1865 1845
f 1847 1867 1866 1846
f 1848 1868 1867 1847
f 1829 1849 1868 1848
f 1850 1870 1869 1849
f 1851 1871 1870 1850
f 1852 1872 1871 1851
f 1853 1873 1872 1852
f 1854 1874 1873 1853
f 1855 1875 1874 1854
f 1856 1876 1875 1855
f 1857 1877 1876 1856
f 1858 1878 1877 1857
f 1859 1879 1878 1858
f 1860 1880 1879 1859
f 1861 1881 1880 1860
f 1862 1882 1881 1861
f 1863 1883 1882 1862
f 1864 1884 1883 1863
f 1865 1885 1884 1864
f 1866 1886 1885 1865
f 1867 1887 1886 1866
f 1868 1888 1887 1867
f 1849 1869 1888 1868
f 1870 1890 1889 1869
f 1871 1891 1890 1870
f 1872 1892 1891 1871
f 1873 1893 1892 1872
f 1874 1894 1893 1873
f 1875 1895 1894 1874
f 1876 1896 1895 1875
f 1877 1897 1896 1876
f 1878 1898 1897 1877
f 1879 1899 1898 1878
f 1880 1900 1899 1879
f 1881 1901 1900 1880
f 1882 1902 1901 1881
f 1883 1903 1902 1882
f 1884 1904 1903 1883
f 1885 1905 1904 1884
f 1886 1906 1905 1885
f 1887 1907 1906 1886
f 1888 1908 1907 1887
f 1869 1889 1908 1888
f 1890 1910 1909 1889
f 1891 1911 1910 1890
f 1892 1912 1911 1891
f 1893 1913 1912 1892
f 1894 1914 1913 1893
f 1895 1915 1914 1894
f 1896 1916 1915 1895
f 1897 1917 1916 1896
f 1898 1918 1917 1897
f 1899 1919 1918 1898
f 1900 1920 1919 1899
f 1901 1921 1920 1900
f 1902 1922 1921 1901
f 1903 1923 1922 1902
f 1904 1924 1923 1903
f 1905 1925 1924 1904
f 1906 1926 1925 1905
f 1907 1927 1926 1906
f 1908 1928 1927 1907
f 1889 1909 1928 1908
f 1910 1930 1929 1909
f 1911 1931 1930 1910
f 1912 1932 1931 1911
f 1913 1933 1932 1912
f 1914 1934 1933 1913
f 1915 1935 1934 1914
f 1916 1936 1935 1915
f 1917 1937 1936 1916
f 1918 1938 1937 1917
f 1919 1939 1938 1918
f 1920 1940 1939 1919
f 1921 1941 1940 1920
f 1922 1942 1941 1921
f 1923 1943 1942 1922
f 1924 1944 1943 1923
f 1925 1945 1944 1924
f 1926 1946 1945 1925
f 1927 1947 1946 1926
f 1928 1948 1947 1927
f 1909 1929 1948 1928
f 1930 1950 1949 1929
f 1931 1951 1950 1930
f 1932 1952 1951 1931
f 1933 1953 1952 1932
f 1934 1954 1953 1933
f 1935 1955 1954 1934
f 1936 1956 1955 1935
f 1937 1957 1956 1936
f 1938 1958 1957 1937
f 1939 1959 1958 1938
f 1940 1960 1959 1939
f 1941 1961 1960 1940
f 1942 1962 1961 1941
f 1943 1963 1962 1942
f 1944 1964 1963 1943
f 1945 1965 1964 1944
f 1946 1966 1965 1945
f 1947 1967 1966 1946
f 1948 1968 1967 1947
f 1929 1949 1968 1948
f 1950 1010 1009 1949
f 1951 1011 1010 1950
f 1952 1012 1011 1951
f 1953 1013 1012 1952
f 1954 1014 1013 1953
f 1955 1015 1014 1954
f 1956 1016 1015 1955
f 1957 1017 1016 1956
f 1958 1018 1017 1957
f 1959 1019 1018 1958
f 1960 1020 1019 1959
f 1961 1021 1020 1960
f 1962 1022 1021 1961
f 1963 1023 1022 1962
f 1964 1024 1023 1963
f 1965 1025 1024 1964
f 1966 1026 1025 1965
f 1967 1027 1026 1966
f 1968 1028 1027 1967
f 1949 1009 1028 1968
