# (2,3) torus knot, tube swept by parallel-transport frame
# smooth: ring vertices shared, so averaged normals are correct
mtllib torus_knot.mtl
v 2.380000 0.000000 0.000000
v 2.410345 -0.171355 -0.085700
v 2.498409 -0.325937 -0.163010
v 2.635573 -0.448613 -0.224364
v 2.808409 -0.527376 -0.263756
v 3.000000 -0.554516 -0.277329
v 3.191591 -0.527376 -0.263756
v 3.364427 -0.448613 -0.224364
v 3.501591 -0.325937 -0.163010
v 3.589655 -0.171355 -0.085700
v 3.620000 -0.000000 -0.000000
v 3.589655 0.171355 0.085700
v 3.501591 0.325937 0.163010
v 3.364427 0.448613 0.224364
v 3.191591 0.527376 0.263756
v 3.000000 0.554516 0.277329
v 2.808409 0.527376 0.263756
v 2.635573 0.448613 0.224364
v 2.498409 0.325937 0.163010
v 2.410345 0.171355 0.085700
v 2.377152 -0.036577 0.086292
v 2.405627 -0.208939 0.001981
v 2.491887 -0.366612 -0.071001
v 2.627489 -0.494160 -0.125510
v 2.799159 -0.579100 -0.156211
v 2.990092 -0.613115 -0.160099
v 3.181599 -0.592878 -0.136793
v 3.354934 -0.520368 -0.088574
v 3.493130 -0.402683 -0.020162
v 3.582658 -0.251344 0.061745
v 3.614756 -0.081164 0.149131
v 3.586281 0.091198 0.233441
v 3.500021 0.248870 0.306423
v 3.364419 0.376419 0.360933
v 3.192749 0.461358 0.391634
v 3.001816 0.495374 0.395522
v 2.810309 0.475136 0.372216
v 2.636974 0.402626 0.323997
v 2.498778 0.284942 0.255585
v 2.409250 0.133602 0.173678
v 2.368629 -0.073000 0.172144
v 2.395152 -0.246200 0.088920
v 2.479300 -0.406805 0.019979
v 2.612836 -0.539094 -0.027930
v 2.782689 -0.630119 -0.050118
v 2.972232 -0.670969 -0.044414
v 3.162911 -0.657645 -0.011374
v 3.336062 -0.591451 0.045766
v 3.474735 -0.478868 0.121413
v 3.565356 -0.330915 0.208162
v 3.599054 -0.162075 0.297523
v 3.572531 0.011125 0.380747
v 3.488383 0.171730 0.449687
v 3.354847 0.304020 0.497597
v 3.184995 0.395044 0.519785
v 2.995452 0.435894 0.514081
v 2.804772 0.422570 0.481041
v 2.631622 0.356376 0.423901
v 2.492949 0.243793 0.348254
v 2.402328 0.095840 0.261504
v 2.354493 -0.109114 0.257122
v 2.379018 -0.282981 0.174681
v 2.460779 -0.446356 0.109477
v 2.591774 -0.583247 0.067894
v 2.759179 -0.680253 0.054002
v 2.946608 -0.727880 0.069161
v 3.135714 -0.721465 0.111887
v 3.307986 -0.661636 0.177997
v 3.446561 -0.554250 0.261021
v 3.537874 -0.409818 0.352832
v 3.572986 -0.242478 0.444441
v 3.548462 -0.068612 0.526883
v 3.466701 0.094763 0.592086
v 3.335706 0.231654 0.633669
v 3.168301 0.328660 0.647561
v 2.980872 0.376287 0.632403
v 2.791766 0.369872 0.589677
v 2.619494 0.310043 0.523566
v 2.480919 0.202657 0.440542
v 2.389606 0.058225 0.348732
v 2.334847 -0.144767 0.340799
v 2.357361 -0.319132 0.258838
v 2.436495 -0.485110 0.197055
v 2.564502 -0.626453 0.161499
v 2.728851 -0.729325 0.155650
v 2.913456 -0.783658 0.180081
v 3.100245 -0.784131 0.232399
v 3.270935 -0.730700 0.307484
v 3.408817 -0.628594 0.397986
v 3.500395 -0.487808 0.495046
v 3.536703 -0.322124 0.589163
v 3.514189 -0.147759 0.671125
v 3.435055 0.018219 0.732907
v 3.307049 0.159562 0.768463
v 3.142699 0.262434 0.774312
v 2.958094 0.316767 0.749882
v 2.771305 0.317241 0.697563
v 2.600615 0.263810 0.622478
v 2.462733 0.161704 0.531976
v 2.371155 0.020918 0.434916
v 2.309832 -0.179808 0.422758
v 2.330359 -0.354505 0.340981
v 2.406658 -0.522915 0.282295
v 2.531261 -0.668554 0.252444
v 2.691971 -0.777166 0.254350
v 2.873056 -0.838118 0.287827
v 3.056791 -0.845444 0.349597
v 3.225190 -0.798428 0.433614
v 3.361770 -0.701670 0.531654
v 3.453160 -0.564644 0.634121
v 3.490415 -0.400761 0.730983
v 3.469889 -0.226065 0.812759
v 3.393589 -0.057654 0.871446
v 3.268986 0.087985 0.901297
v 3.108276 0.196596 0.899391
v 2.927191 0.257548 0.865914
v 2.743456 0.264875 0.804144
v 2.575057 0.217858 0.720127
v 2.438477 0.121101 0.622086
v 2.347087 -0.015925 0.519620
v 2.279629 -0.214089 0.502600
v 2.298223 -0.388955 0.420722
v 2.371515 -0.559627 0.364802
v 2.492330 -0.709400 0.340314
v 2.648842 -0.823612 0.349655
v 2.825731 -0.891083 0.391911
v 3.005682 -0.905209 0.462945
v 3.171080 -0.864608 0.555805
v 3.305734 -0.773253 0.661399
v 3.396464 -0.640087 0.769393
v 3.434388 -0.478145 0.869215
v 3.415795 -0.303279 0.951093
v 3.342503 -0.132607 1.007013
v 3.221688 0.017166 1.031500
v 3.065176 0.131378 1.022159
v 2.888287 0.198849 0.979903
v 2.708336 0.212975 0.908869
v 2.542938 0.172374 0.816010
v 2.408284 0.081019 0.710415
v 2.317554 -0.052147 0.602421
v 2.244457 -0.247466 0.579943
v 2.261203 -0.422343 0.497690
v 2.331346 -0.595105 0.444205
v 2.448020 -0.748843 0.424722
v 2.599804 -0.868507 0.441149
v 2.771841 -0.942384 0.491878
v 2.947290 -0.963241 0.571942
v 3.108977 -0.929038 0.673506
v 3.241075 -0.843122 0.786627
v 3.330654 -0.713904 0.900231
v 3.368944 -0.554032 1.003200
v 3.352198 -0.379155 1.085452
v 3.282055 -0.206392 1.138938
v 3.165381 -0.052654 1.158421
v 3.013597 0.067010 1.141994
v 2.841560 0.140886 1.091265
v 2.666111 0.161744 1.011200
v 2.504424 0.127540 0.909637
v 2.372326 0.041625 0.796516
v 2.282747 -0.087594 0.682911
v 2.204566 -0.279798 0.654429
v 2.219578 -0.454534 0.571545
v 2.286463 -0.629217 0.520164
v 2.398675 -0.786747 0.505314
v 2.545229 -0.911705 0.528451
v 2.711779 -0.991859 0.587308
v 2.882023 -1.019362 0.676124
v 3.039295 -0.991523 0.786207
v 3.168202 -0.911066 0.906779
v 3.256124 -0.785867 1.026038
v 3.294455 -0.628183 1.132311
v 3.279443 -0.453447 1.215195
v 3.212558 -0.278764 1.266576
v 3.100346 -0.121234 1.281426
v 2.953792 0.003724 1.258290
v 2.787242 0.083878 1.199432
v 2.616998 0.111381 1.110616
v 2.459726 0.083542 1.000534
v 2.330819 0.003085 0.879962
v 2.242897 -0.122114 0.760702
v 2.160243 -0.310951 0.725725
v 2.173659 -0.485402 0.641973
v 2.237207 -0.661836 0.592370
v 2.344666 -0.822982 0.581772
v 2.485516 -0.953066 0.611217
v 2.645971 -1.039355 0.677822
v 2.810324 -1.073402 0.775068
v 2.962487 -1.051874 0.893435
v 3.087565 -0.976878 1.021336
v 3.173315 -0.855756 1.146253
v 3.211343 -0.700364 1.255957
v 3.197926 -0.525913 1.339710
v 3.134378 -0.349479 1.389313
v 3.026919 -0.188333 1.399910
v 2.886069 -0.058248 1.370465
v 2.725614 0.028040 1.303860
v 2.561261 0.062087 1.206615
v 2.409098 0.040559 1.088248
v 2.284020 -0.034437 0.960346
v 2.198270 -0.155559 0.835429
v 2.111800 -0.340793 0.793528
v 2.123783 -0.514824 0.708691
v 2.183941 -0.692843 0.660548
v 2.286386 -0.857426 0.653813
v 2.421090 -0.992461 0.689143
v 2.574867 -1.084729 0.763082
v 2.732664 -1.125200 0.868391
v 2.879035 -1.109912 0.994762
v 2.999652 -1.040361 1.129825
v 3.082708 -0.923355 1.260358
v 3.120074 -0.770348 1.373585
v 3.108091 -0.596317 1.458422
v 3.047932 -0.418297 1.506565
v 2.945487 -0.253715 1.513300
v 2.810783 -0.118680 1.477970
v 2.657007 -0.026411 1.404031
v 2.499210 0.014060 1.298722
v 2.352839 -0.001228 1.172351
v 2.232222 -0.070779 1.037288
v 2.149166 -0.187785 0.906755
v 2.059580 -0.369200 0.857564
v 2.070309 -0.542686 0.771451
v 2.127051 -0.722129 0.724461
v 2.224251 -0.889966 0.721193
v 2.352395 -1.029767 0.761968
v 2.498939 -1.127848 0.842794
v 2.649538 -1.174607 0.955759
v 2.789451 -1.165468 1.089806
v 2.904982 -1.101325 1.231813
v 2.984822 -0.988456 1.367880
v 3.021155 -0.837911 1.484687
v 3.010426 -0.664426 1.570800
v 2.953684 -0.484983 1.617791
v 2.856484 -0.317146 1.621058
v 2.728341 -0.177345 1.580283
v 2.581797 -0.079264 1.499457
v 2.431197 -0.032505 1.386492
v 2.291284 -0.041644 1.252445
v 2.175754 -0.105787 1.110438
v 2.095914 -0.218656 0.974371
v 2.003947 -0.396057 0.917597
v 2.013617 -0.568881 0.830041
v 2.066938 -0.749592 0.783906
v 2.158689 -0.920500 0.783710
v 2.279889 -1.064875 0.829470
v 2.418675 -1.168586 0.916707
v 2.561461 -1.221479 1.036883
v 2.694270 -1.218379 1.178233
v 2.804102 -1.159587 1.326921
v 2.880206 -1.050859 1.468393
v 2.915132 -0.902839 1.588800
v 2.905462 -0.730015 1.676355
v 2.852142 -0.549304 1.722490
v 2.760391 -0.378396 1.722687
v 2.639191 -0.234021 1.676927
v 2.500405 -0.130310 1.589689
v 2.357619 -0.077417 1.469514
v 2.224809 -0.080518 1.328163
v 2.114977 -0.139309 1.179475
v 2.038873 -0.248037 1.038004
v 1.945286 -0.421254 0.973423
v 1.954103 -0.593313 0.884285
v 2.004016 -0.775139 0.838724
v 2.090139 -0.948933 0.841201
v 2.204042 -1.097683 0.891473
v 2.334575 -1.206829 0.984618
v 2.468961 -1.265686 1.111520
v 2.594045 -1.268493 1.259756
v 2.697583 -1.214975 1.414816
v 2.769440 -1.110371 1.561521
v 2.802582 -0.964921 1.685511
v 2.793765 -0.792862 1.774649
v 2.743852 -0.611036 1.820209
v 2.657729 -0.437241 1.817733
v 2.543826 -0.288491 1.767461
v 2.413293 -0.179346 1.674315
v 2.278907 -0.120489 1.547414
v 2.153823 -0.117682 1.399178
v 2.050285 -0.171200 1.244118
v 1.978428 -0.275803 1.097413
v 1.883997 -0.444689 1.024879
v 1.892173 -0.615892 0.934047
v 1.938708 -0.798688 0.888794
v 2.019049 -0.975183 0.893548
v 2.125330 -1.128101 0.947845
v 2.247147 -1.242474 1.046370
v 2.372578 -1.307105 1.179478
v 2.489343 -1.315668 1.334141
v 2.586012 -1.267325 1.495217
v 2.653124 -1.166808 1.646941
v 2.684109 -1.023956 1.774460
v 2.675933 -0.852753 1.865292
v 2.629398 -0.669957 1.910545
v 2.549057 -0.493462 1.905791
v 2.442777 -0.340544 1.851494
v 2.320959 -0.226171 1.752969
v 2.195528 -0.161540 1.619861
v 2.078764 -0.152977 1.465199
v 1.982094 -0.201320 1.304122
v 1.914982 -0.301837 1.152398
v 1.820494 -0.466271 1.071841
v 1.828242 -0.636539 0.979231
v 1.871442 -0.820165 0.934033
v 1.945866 -0.999176 0.940672
v 2.044228 -1.156048 0.998498
v 2.156900 -1.275425 1.101851
v 2.272853 -1.345623 1.240613
v 2.380737 -1.359769 1.401201
v 2.469991 -1.316480 1.567897
v 2.531879 -1.219992 1.724382
v 2.560342 -1.079750 1.855340
v 2.552594 -0.909482 1.947950
v 2.509394 -0.725856 1.993148
v 2.434970 -0.546845 1.986509
v 2.336608 -0.389973 1.928683
v 2.223936 -0.270595 1.825330
v 2.107983 -0.200398 1.686568
v 2.000099 -0.186251 1.525980
v 1.910845 -0.229541 1.359284
v 1.848957 -0.326029 1.202799
v 1.755197 -0.485918 1.114225
v 1.762727 -0.655184 1.019780
v 1.802642 -0.839509 0.974403
v 1.871034 -1.020849 0.982538
v 1.961209 -1.181453 1.043386
v 2.064339 -1.305600 1.150993
v 2.170330 -1.381139 1.294825
v 2.268806 -1.400674 1.460803
v 2.350128 -1.362294 1.632679
v 2.406336 -1.269755 1.793629
v 2.431927 -1.132116 1.927899
v 2.424397 -0.962850 2.022344
v 2.384482 -0.778525 2.067721
v 2.316090 -0.597185 2.059586
v 2.225916 -0.436581 1.998738
v 2.122785 -0.312434 1.891131
v 2.016795 -0.236895 1.747299
v 1.918318 -0.217360 1.581321
v 1.836996 -0.255740 1.409445
v 1.780788 -0.348279 1.248495
v 1.688530 -0.503557 1.151989
v 1.696045 -0.671770 1.055677
v 1.732730 -0.856666 1.009903
v 1.794991 -1.040148 1.019147
v 1.876736 -1.204256 1.082506
v 1.969963 -1.332924 1.193776
v 2.065545 -1.413559 1.342065
v 2.154126 -1.438267 1.512859
v 2.227036 -1.404629 1.689439
v 2.277138 -1.315939 1.854520
v 2.299527 -1.180877 1.991942
v 2.292011 -1.012665 2.088254
v 2.255327 -0.827768 2.134028
v 2.193065 -0.644286 2.124783
v 2.111320 -0.480179 2.061425
v 2.018094 -0.351510 1.950155
v 1.922512 -0.270875 1.801865
v 1.833930 -0.246168 1.631071
v 1.761020 -0.279805 1.454491
v 1.710919 -0.368496 1.289411
v 1.620916 -0.519129 1.185129
v 1.628606 -0.686247 1.086944
v 1.662115 -0.871596 1.040569
v 1.718162 -1.057033 1.050544
v 1.791261 -1.224406 1.115893
v 1.874257 -1.357332 1.230218
v 1.959025 -1.442799 1.382328
v 2.037267 -1.472441 1.557334
v 2.101325 -1.443356 1.738106
v 2.144929 -1.358391 1.906947
v 2.163809 -1.225863 2.047331
v 2.156119 -1.058745 2.145516
v 2.122610 -0.873396 2.191891
v 2.066563 -0.687959 2.181916
v 1.993464 -0.520586 2.116568
v 1.910468 -0.387660 2.002243
v 1.825700 -0.302193 1.850132
v 1.747458 -0.272551 1.675126
v 1.683400 -0.301636 1.494355
v 1.639796 -0.386601 1.325513
v 1.552771 -0.532583 1.213685
v 1.560809 -0.698578 1.113643
v 1.591195 -0.884266 1.066478
v 1.640955 -1.071469 1.076808
v 1.705217 -1.241863 1.143622
v 1.777691 -1.378769 1.260379
v 1.851282 -1.468784 1.415650
v 1.918788 -1.503098 1.594237
v 1.973601 -1.478353 1.778657
v 2.010353 -1.396969 1.950860
v 2.025450 -1.266914 2.093988
v 2.017411 -1.100918 2.194030
v 1.987025 -0.915230 2.241195
v 1.937266 -0.728027 2.230865
v 1.873004 -0.557633 2.164051
v 1.800530 -0.420728 2.047294
v 1.726938 -0.330712 1.892023
v 1.659432 -0.296398 1.713436
v 1.604620 -0.321144 1.529015
v 1.567867 -0.402528 1.356813
v 1.484501 -0.543881 1.237736
v 1.493038 -0.708739 1.135869
v 1.520348 -0.894657 1.087737
v 1.563756 -1.083434 1.098051
v 1.619014 -1.256594 1.165801
v 1.680713 -1.397185 1.284356
v 1.742813 -1.491446 1.442109
v 1.799235 -1.530149 1.623621
v 1.844457 -1.509507 1.811122
v 1.874052 -1.431539 1.986259
v 1.885122 -1.303878 2.131888
v 1.876585 -1.139020 2.233754
v 1.849275 -0.953102 2.281886
v 1.805867 -0.764325 2.271572
v 1.750609 -0.591165 2.203822
v 1.688910 -0.450574 2.085268
v 1.626810 -0.356313 1.927514
v 1.570388 -0.317610 1.746003
v 1.525166 -0.338252 1.558502
v 1.495571 -0.416220 1.383365
v 1.416497 -0.553000 1.257396
v 1.425658 -0.716714 1.153755
v 1.449927 -0.902756 1.104489
v 1.486929 -1.092914 1.114418
v 1.533040 -1.268574 1.182573
v 1.583748 -1.412541 1.302280
v 1.634089 -1.510724 1.461822
v 1.679135 -1.553510 1.645583
v 1.714476 -1.536712 1.835574
v 1.736654 -1.461974 2.013197
v 1.743497 -1.336613 2.161067
v 1.734336 -1.172898 2.264707
v 1.710067 -0.986856 2.313974
v 1.673065 -0.796698 2.304044
v 1.626954 -0.621038 2.235890
v 1.576246 -0.477071 2.116183
v 1.525905 -0.378888 1.956640
v 1.480859 -0.336102 1.772880
v 1.445518 -0.352900 1.582889
v 1.423340 -0.427638 1.405265
v 1.349128 -0.559924 1.272817
v 1.359009 -0.722499 1.167463
v 1.380263 -0.908562 1.116901
v 1.410807 -1.099901 1.126081
v 1.447653 -1.277786 1.194104
v 1.487194 -1.424803 1.314313
v 1.525559 -1.526563 1.474939
v 1.558993 -1.573105 1.660260
v 1.584223 -1.559871 1.852135
v 1.598779 -1.488158 2.031782
v 1.601237 -1.364986 2.181617
v 1.591356 -1.202412 2.286971
v 1.570103 -1.016348 2.337533
v 1.539558 -0.825010 2.328353
v 1.502712 -0.647125 2.260329
v 1.463171 -0.500107 2.140121
v 1.424806 -0.398347 1.979495
v 1.391372 -0.351806 1.794174
v 1.366142 -0.365039 1.602299
v 1.351586 -0.436752 1.422652
v 1.282740 -0.564655 1.284184
v 1.293405 -0.726100 1.177181
v 1.311651 -0.912082 1.125168
v 1.335694 -1.104396 1.133234
v 1.363180 -1.284217 1.200590
v 1.391418 -1.433942 1.320643
v 1.417644 -1.538915 1.481641
v 1.439292 -1.588862 1.667825
v 1.454241 -1.578892 1.860970
v 1.461029 -1.509982 2.042169
v 1.458991 -1.388877 2.193685
v 1.448326 -1.227432 2.300687
v 1.430079 -1.041450 2.352701
v 1.406036 -0.849136 2.344635
v 1.378551 -0.669315 2.277279
v 1.350313 -0.519590 2.157226
v 1.324086 -0.414616 1.996228
v 1.302439 -0.364670 1.810044
v 1.287490 -0.374640 1.616899
v 1.280702 -0.443550 1.435700
v 1.217649 -0.567202 1.291708
v 1.229124 -0.727533 1.183125
v 1.244358 -0.913330 1.129503
v 1.261860 -1.106405 1.136090
v 1.279915 -1.287859 1.202242
v 1.296757 -1.439931 1.321482
v 1.310737 -1.547734 1.482140
v 1.320487 -1.600716 1.668488
v 1.325052 -1.593690 1.862286
v 1.323986 -1.527345 2.044563
v 1.317392 -1.408174 2.197477
v 1.305916 -1.247844 2.306059
v 1.290682 -1.062047 2.359681
v 1.273181 -0.868972 2.353094
v 1.255126 -0.687517 2.286942
v 1.238284 -0.535446 2.167702
v 1.224303 -0.427643 2.007044
v 1.214554 -0.374661 1.820696
v 1.209989 -0.381686 1.626899
v 1.211055 -0.448032 1.444621
v 1.154137 -0.567589 1.295627
v 1.166415 -0.726822 1.185527
v 1.178613 -0.912324 1.130137
v 1.189537 -1.105937 1.134880
v 1.198117 -1.288708 1.199290
v 1.203514 -1.442748 1.317063
v 1.205200 -1.552977 1.476670
v 1.203008 -1.608605 1.662488
v 1.197155 -1.604188 1.856328
v 1.188212 -1.540157 2.039216
v 1.177055 -1.422780 2.193248
v 1.164777 -1.263547 2.303348
v 1.152579 -1.078045 2.358738
v 1.141655 -0.884433 2.353995
v 1.133074 -0.701661 2.289585
v 1.127677 -0.547622 2.171812
v 1.125992 -0.437393 2.012205
v 1.128184 -0.381764 1.826387
v 1.134037 -0.386182 1.632547
v 1.142980 -0.450213 1.449659
v 1.092449 -0.565849 1.296198
v 1.105484 -0.723998 1.184634
v 1.114607 -0.909089 1.127310
v 1.118923 -1.103003 1.129839
v 1.118012 -1.286759 1.191973
v 1.111960 -1.442370 1.307630
v 1.101363 -1.554603 1.465488
v 1.087255 -1.612472 1.650096
v 1.071019 -1.610312 1.843382
v 1.054244 -1.548336 2.026426
v 1.038572 -1.432609 2.181311
v 1.025536 -1.274460 2.292876
v 1.016414 -1.089369 2.350199
v 1.012097 -0.895455 2.347670
v 1.013009 -0.711699 2.285536
v 1.019060 -0.556088 2.169880
v 1.029658 -0.443855 2.012021
v 1.043765 -0.385986 1.827414
v 1.060001 -0.388146 1.634128
v 1.076777 -0.450122 1.451084
v 1.032792 -0.562023 1.293694
v 1.046502 -0.719098 1.180701
v 1.052493 -0.903650 1.121269
v 1.050180 -1.097615 1.121213
v 1.039787 -1.282006 1.180541
v 1.022333 -1.438773 1.293444
v 0.999526 -1.552571 1.448871
v 0.973599 -1.612261 1.631608
v 0.947090 -1.612000 1.823766
v 0.922593 -1.551813 2.006537
v 0.902506 -1.437591 2.162029
v 0.888796 -1.280517 2.275022
v 0.882805 -1.095964 2.334455
v 0.885119 -0.901999 2.334510
v 0.895511 -0.717609 2.275183
v 0.912965 -0.560841 2.162279
v 0.935772 -0.447043 2.006852
v 0.961699 -0.387353 1.824116
v 0.988208 -0.387615 1.631957
v 1.012705 -0.447802 1.449186
v 0.975329 -0.556160 1.288395
v 0.989596 -0.712159 1.173989
v 0.992387 -0.896032 1.112259
v 0.983429 -1.089781 1.109245
v 0.963599 -1.274439 1.165244
v 0.934838 -1.431931 1.274773
v 0.899961 -1.546842 1.427112
v 0.862383 -1.607922 1.607347
v 0.825781 -1.609192 1.797837
v 0.793739 -1.550529 1.979935
v 0.769393 -1.437674 2.135816
v 0.755127 -1.281675 2.250222
v 0.752336 -1.097802 2.311952
v 0.761294 -0.904054 2.314966
v 0.781124 -0.719396 2.258967
v 0.809885 -0.561903 2.149438
v 0.844761 -0.446993 1.997099
v 0.882340 -0.385913 1.816864
v 0.918941 -0.384643 1.626374
v 0.950983 -0.443306 1.444276
v 0.920181 -0.548315 1.280583
v 0.934854 -0.703222 1.164755
v 0.934364 -0.886257 1.100524
v 0.918761 -1.079503 1.094177
v 0.889570 -1.264044 1.146335
v 0.849650 -1.421815 1.251893
v 0.802907 -1.537372 1.400518
v 0.753919 -1.599405 1.577661
v 0.707479 -1.601841 1.765983
v 0.668134 -1.544441 1.947049
v 0.639735 -1.432824 2.103136
v 0.625062 -1.277917 2.218964
v 0.625552 -1.094881 2.283195
v 0.641155 -0.901635 2.289542
v 0.670346 -0.717095 2.237384
v 0.710266 -0.559324 2.131826
v 0.757008 -0.443767 1.983201
v 0.805997 -0.381734 1.806058
v 0.852437 -0.379298 1.617736
v 0.891782 -0.436698 1.436670
v 0.867422 -0.538541 1.270540
v 0.882322 -0.692323 1.153249
v 0.878466 -0.874341 1.086299
v 0.856230 -1.066778 1.076243
v 0.817792 -1.250798 1.124065
v 0.766915 -1.408387 1.225084
v 0.708578 -1.524120 1.369411
v 0.648491 -1.586667 1.542920
v 0.592538 -1.589906 1.728625
v 0.546194 -1.533521 1.908349
v 0.513996 -1.423029 2.064499
v 0.499096 -1.269248 2.181789
v 0.502952 -1.087230 2.248739
v 0.525188 -0.894792 2.258796
v 0.563626 -0.710772 2.210974
v 0.614503 -0.553183 2.109955
v 0.672840 -0.437451 1.965627
v 0.732927 -0.374903 1.792118
v 0.788880 -0.371664 1.606413
v 0.835224 -0.428050 1.426689
v 0.817086 -0.526895 1.258534
v 0.832010 -0.679491 1.139709
v 0.824697 -0.860289 1.069806
v 0.795863 -1.051591 1.055668
v 0.748331 -1.234671 1.098680
v 0.686754 -1.391609 1.194631
v 0.617158 -1.507041 1.334128
v 0.546357 -1.569669 1.503517
v 0.481280 -1.573363 1.686217
v 0.428299 -1.517760 1.864343
v 0.392599 -1.408303 2.020460
v 0.377675 -1.255707 2.139286
v 0.384988 -1.074910 2.209189
v 0.413821 -0.883608 2.223326
v 0.461353 -0.700527 2.180315
v 0.522931 -0.543589 2.084364
v 0.592527 -0.428157 1.944867
v 0.663328 -0.365529 1.775478
v 0.728405 -0.361835 1.592778
v 0.781386 -0.417438 1.414651
v 0.769161 -0.513424 1.244823
v 0.783889 -0.664747 1.124356
v 0.773034 -0.844095 1.051253
v 0.737660 -1.033913 1.032669
v 0.681228 -1.215621 1.070425
v 0.609263 -1.371432 1.160823
v 0.528810 -1.486093 1.295016
v 0.447742 -1.548381 1.459868
v 0.373997 -1.552199 1.639241
v 0.314793 -1.497173 1.815578
v 0.275924 -1.388689 1.971617
v 0.261196 -1.237366 2.092085
v 0.272051 -1.058018 2.165188
v 0.307425 -0.868200 2.183772
v 0.363857 -0.686492 2.146016
v 0.435822 -0.530681 2.055617
v 0.516275 -0.416020 1.921424
v 0.597343 -0.353732 1.756573
v 0.671088 -0.349914 1.577199
v 0.730292 -0.404940 1.400863
v 0.723599 -0.498170 1.229643
v 0.737900 -0.648097 1.107393
v 0.723427 -0.825739 1.030831
v 0.681596 -1.013705 1.007450
v 0.616503 -1.193597 1.039539
v 0.534519 -1.347804 1.123957
v 0.443670 -1.461233 1.252440
v 0.352848 -1.522781 1.412412
v 0.270943 -1.526421 1.588214
v 0.205974 -1.471799 1.762636
v 0.164299 -1.364260 1.918605
v 0.149998 -1.214332 2.040854
v 0.164471 -1.036691 2.117417
v 0.206302 -0.848725 2.140798
v 0.271395 -0.668833 2.108709
v 0.353378 -0.514625 2.024291
v 0.444228 -0.401196 1.895807
v 0.535050 -0.339649 1.735835
v 0.616955 -0.336009 1.560034
v 0.681924 -0.390631 1.385612
v 0.680315 -0.481157 1.213204
v 0.693954 -0.629533 1.089002
v 0.675801 -0.805182 1.008717
v 0.627631 -0.990909 0.980206
v 0.554159 -1.168534 1.006262
v 0.462579 -1.320671 1.084334
v 0.361853 -1.432426 1.206779
v 0.261843 -1.492861 1.361612
v 0.172337 -1.496060 1.533677
v 0.102097 -1.441709 1.706130
v 0.057999 -1.335129 1.862091
v 0.044359 -1.186753 1.986293
v 0.062512 -1.011105 2.066579
v 0.110682 -0.825377 2.095089
v 0.184154 -0.647752 2.069033
v 0.275734 -0.495616 1.990961
v 0.376460 -0.383860 1.868516
v 0.476470 -0.323425 1.713683
v 0.565976 -0.320226 1.541619
v 0.636216 -0.374577 1.369165
v 0.639191 -0.462396 1.195696
v 0.651941 -0.609024 1.069342
v 0.630067 -0.782366 0.985068
v 0.575708 -0.965452 0.951125
v 0.494186 -1.140362 0.970834
v 0.393481 -1.289974 1.042266
v 0.283452 -1.399643 1.158430
v 0.174867 -1.458634 1.307953
v 0.078357 -1.461172 1.476200
v 0.003367 -1.407009 1.646701
v -0.042760 -1.301447 1.802767
v -0.055510 -1.154818 1.929121
v -0.033635 -0.981477 2.013395
v 0.020724 -0.798390 2.047338
v 0.102245 -0.623480 2.027629
v 0.202950 -0.473868 1.956197
v 0.312980 -0.364199 1.840034
v 0.421564 -0.305209 1.690510
v 0.518075 -0.302670 1.522263
v 0.593064 -0.356833 1.351762
v 0.600087 -0.441874 1.177277
v 0.611731 -0.586518 1.048551
v 0.586120 -0.757213 0.960034
v 0.525760 -0.937248 0.920390
v 0.436560 -1.109001 0.933499
v 0.327251 -1.255660 0.998078
v 0.208534 -1.362869 1.107806
v 0.092028 -1.420133 1.251941
v -0.010861 -1.421846 1.416376
v -0.090062 -1.367842 1.585013
v -0.137823 -1.263406 1.741345
v -0.149467 -1.118762 1.870070
v -0.123856 -0.948068 1.958587
v -0.063496 -0.768032 1.998232
v 0.025704 -0.596279 1.985123
v 0.135013 -0.449620 1.920544
v 0.253731 -0.342411 1.810816
v 0.370236 -0.285148 1.666680
v 0.473125 -0.283434 1.502246
v 0.552327 -0.337438 1.333609
v 0.562839 -0.419555 1.158081
v 0.573182 -0.561940 1.026753
v 0.543850 -0.729626 0.933753
v 0.477714 -0.906197 0.888185
v 0.381249 -1.074370 0.894510
v 0.263896 -1.217683 0.952108
v 0.137143 -1.322107 1.055342
v 0.013398 -1.377421 1.194105
v -0.095226 -1.378209 1.354816
v -0.178097 -1.324396 1.521742
v -0.227102 -1.221248 1.678543
v -0.237445 -1.078863 1.809872
v -0.208113 -0.911177 1.902872
v -0.141978 -0.734606 1.948439
v -0.045512 -0.566433 1.942115
v 0.071841 -0.423120 1.884516
v 0.198593 -0.318696 1.781283
v 0.322338 -0.263382 1.642519
v 0.430963 -0.262594 1.481809
v 0.513833 -0.316407 1.314883
v 0.527270 -0.395376 1.138222
v 0.536142 -0.535191 1.004055
v 0.503138 -0.699490 0.906360
v 0.431489 -0.872191 0.854700
v 0.328208 -1.036387 0.854133
v 0.203406 -1.176008 0.904713
v 0.069299 -1.277384 1.001489
v -0.060987 -1.330594 1.134989
v -0.174697 -1.330428 1.292144
v -0.260701 -1.276903 1.457571
v -0.310580 -1.175258 1.615077
v -0.319452 -1.035443 1.749244
v -0.286449 -0.871144 1.846939
v -0.214800 -0.698443 1.898598
v -0.111519 -0.534247 1.899166
v 0.013283 -0.394626 1.848586
v 0.147391 -0.293250 1.751809
v 0.277676 -0.240040 1.618310
v 0.391386 -0.240206 1.461155
v 0.477390 -0.293731 1.295727
v 0.493191 -0.369247 1.117790
v 0.500454 -0.506149 0.980557
v 0.463863 -0.666677 0.877992
v 0.386999 -0.835117 0.820135
v 0.277386 -0.994981 0.812648
v 0.145754 -1.130622 0.856265
v 0.004987 -1.228760 0.946717
v -0.131134 -1.279790 1.075148
v -0.249285 -1.278717 1.228989
v -0.337902 -1.225645 1.393178
v -0.388309 -1.125770 1.551645
v -0.395572 -0.988868 1.688878
v -0.358981 -0.828340 1.791443
v -0.282116 -0.659900 1.849301
v -0.172503 -0.500035 1.856788
v -0.040871 -0.364395 1.813170
v 0.099895 -0.266257 1.722719
v 0.236016 -0.215226 1.594287
v 0.354168 -0.216300 1.440447
v 0.442784 -0.269372 1.276257
v 0.460410 -0.341052 1.096867
v 0.465962 -0.474674 0.956361
v 0.425902 -0.631048 0.848796
v 0.344152 -0.794867 0.784703
v 0.228715 -0.950096 0.770355
v 0.090888 -1.081539 0.807157
v -0.055834 -1.176330 0.891506
v -0.197092 -1.225191 1.015146
v -0.319057 -1.223338 1.165973
v -0.409790 -1.170952 1.329224
v -0.460410 -1.073162 1.488919
v -0.465962 -0.939540 1.629426
v -0.425902 -0.783166 1.736990
v -0.344152 -0.619347 1.801083
v -0.228715 -0.464118 1.815431
v -0.090888 -0.332674 1.778629
v 0.055834 -0.237883 1.694280
v 0.197092 -0.189023 1.570641
v 0.319057 -0.190876 1.419813
v 0.409790 -0.243262 1.256562
v 0.428729 -0.310651 1.075527
v 0.432504 -0.440611 0.931569
v 0.389129 -0.592464 0.818932
v 0.302850 -0.751343 0.748639
v 0.182113 -0.901697 0.727573
v 0.038736 -1.028809 0.757795
v -0.113247 -1.120235 0.836346
v -0.258957 -1.167027 0.955539
v -0.384132 -1.164603 1.103704
v -0.476519 -1.113202 1.266340
v -0.527074 -1.017854 1.427525
v -0.530849 -0.887893 1.571483
v -0.487474 -0.736041 1.684120
v -0.401195 -0.577162 1.754413
v -0.280458 -0.426807 1.775479
v -0.137081 -0.299696 1.745257
v 0.014902 -0.208270 1.666706
v 0.160612 -0.161478 1.547513
v 0.285787 -0.163902 1.399348
v 0.378174 -0.215303 1.236712
v 0.397950 -0.277886 1.053844
v 0.399919 -0.403801 0.906300
v 0.353412 -0.550791 0.788576
v 0.262981 -0.704467 0.712196
v 0.137480 -0.849785 0.684637
v -0.010808 -0.972523 0.708595
v -0.167367 -1.060664 0.781726
v -0.316872 -1.105581 0.896872
v -0.444688 -1.102877 1.042761
v -0.538304 -1.052817 1.205112
v -0.588556 -0.960302 1.368033
v -0.590525 -0.834386 1.515577
v -0.544018 -0.687397 1.633301
v -0.453587 -0.533721 1.709681
v -0.328086 -0.388402 1.737240
v -0.179797 -0.265665 1.713282
v -0.023238 -0.177524 1.640151
v 0.126266 -0.132607 1.525005
v 0.254082 -0.135311 1.379117
v 0.347698 -0.185371 1.216766
v 0.367872 -0.242587 1.031902
v 0.368040 -0.364084 0.880686
v 0.318610 -0.505912 0.757929
v 0.224421 -0.654189 0.675648
v 0.094692 -0.794400 0.641897
v -0.057878 -0.912819 0.659979
v -0.218354 -0.997857 0.728125
v -0.371027 -1.041187 0.839664
v -0.500954 -1.038570 0.983678
v -0.595416 -0.990261 1.146069
v -0.645166 -0.900988 1.310942
v -0.645334 -0.779492 1.462158
v -0.595904 -0.637664 1.584915
v -0.501715 -0.489387 1.667196
v -0.371986 -0.349176 1.700947
v -0.219416 -0.230757 1.682865
v -0.058940 -0.145719 1.614719
v 0.093734 -0.102389 1.503180
v 0.223660 -0.105006 1.359167
v 0.318122 -0.153315 1.196775
v 0.338289 -0.204581 1.009797
v 0.336694 -0.321312 0.854880
v 0.284572 -0.457736 0.727210
v 0.187025 -0.600499 0.639285
v 0.053600 -0.735627 0.599711
v -0.102640 -0.849893 0.612362
v -0.266403 -0.932111 0.676000
v -0.421657 -0.974233 0.784394
v -0.553207 -0.972137 0.926936
v -0.648174 -0.926026 1.089671
v -0.697263 -0.840416 1.256671
v -0.695668 -0.723685 1.411588
v -0.643545 -0.587261 1.539258
v -0.545998 -0.444498 1.627183
v -0.412574 -0.309370 1.666757
v -0.256333 -0.195104 1.654106
v -0.092571 -0.112886 1.590468
v 0.062684 -0.070764 1.482074
v 0.194234 -0.072861 1.339532
v 0.289201 -0.118971 1.176796
v 0.308991 -0.163701 0.987641
v 0.305698 -0.275359 0.829055
v 0.251129 -0.406206 0.696658
v 0.150626 -0.543434 0.603409
v 0.014027 -0.673611 0.558437
v -0.145296 -0.783994 0.566144
v -0.311749 -0.863777 0.625774
v -0.469038 -0.905152 0.731492
v -0.601765 -0.904067 0.872949
v -0.696939 -0.860630 1.036298
v -0.745244 -0.779092 1.205549
v -0.741950 -0.667435 1.364135
v -0.687381 -0.536587 1.496532
v -0.586879 -0.399359 1.589781
v -0.450280 -0.269182 1.634753
v -0.290956 -0.158800 1.627047
v -0.124503 -0.079016 1.567416
v 0.032785 -0.037642 1.461698
v 0.165512 -0.038726 1.320241
v 0.260686 -0.082163 1.156892
v 0.279754 -0.119799 0.965567
v 0.274849 -0.226133 0.803404
v 0.218091 -0.351313 0.666524
v 0.115033 -0.483086 0.568326
v -0.024235 -0.608552 0.518421
v -0.186080 -0.715430 0.521695
v -0.354662 -0.793258 0.577828
v -0.513477 -0.834418 0.681324
v -0.646979 -0.834881 0.822053
v -0.742101 -0.794600 0.986239
v -0.789532 -0.717521 1.157811
v -0.784627 -0.611186 1.319973
v -0.727868 -0.486006 1.456853
v -0.624811 -0.354233 1.555051
v -0.485543 -0.228767 1.604956
v -0.323697 -0.121889 1.601682
v -0.155116 -0.044061 1.545550
v 0.003699 -0.002901 1.442053
v 0.137201 -0.002439 1.301325
v 0.232323 -0.042719 1.137139
v 0.250340 -0.072754 0.943722
v 0.243930 -0.173586 0.778134
v 0.185245 -0.293103 0.637068
v 0.080029 -0.419606 0.534334
v -0.061419 -0.540712 0.479988
v -0.225254 -0.644566 0.479349
v -0.395437 -0.721002 0.532481
v -0.555310 -0.762539 0.634182
v -0.689223 -0.765110 0.774497
v -0.784069 -0.728463 0.939691
v -0.830563 -0.656187 1.113593
v -0.824153 -0.555355 1.279182
v -0.765468 -0.435838 1.420248
v -0.660252 -0.309335 1.522982
v -0.518804 -0.188229 1.577328
v -0.354969 -0.084375 1.577966
v -0.184786 -0.007939 1.524835
v -0.024913 0.033598 1.423134
v 0.109000 0.036169 1.282819
v 0.203846 -0.000478 1.117625
v 0.220493 -0.022490 0.922268
v 0.212699 -0.117723 0.753456
v 0.152356 -0.231682 0.608542
v 0.045370 -0.353211 0.501713
v -0.097787 -0.470413 0.443425
v -0.263100 -0.571817 0.439384
v -0.434389 -0.647497 0.489986
v -0.594886 -0.690044 0.590277
v -0.728881 -0.695293 0.730440
v -0.823257 -0.662730 0.896754
v -0.868776 -0.595544 1.072941
v -0.860982 -0.500311 1.241754
v -0.800639 -0.386352 1.386667
v -0.693653 -0.264823 1.493496
v -0.550496 -0.147621 1.551784
v -0.385182 -0.046217 1.555825
v -0.213894 0.029463 1.505223
v -0.053397 0.072010 1.404932
v 0.080598 0.077259 1.264770
v 0.174974 0.044696 1.098455
v 0.189936 0.031023 0.901370
v 0.180892 -0.058610 0.729580
v 0.119163 -0.167221 0.581185
v 0.010791 -0.284179 0.470713
v -0.133615 -0.398036 0.408976
v -0.299920 -0.497645 0.402018
v -0.471844 -0.573257 0.450520
v -0.632560 -0.617470 0.549734
v -0.766334 -0.625957 0.689949
v -0.860072 -0.597886 0.857439
v -0.904599 -0.536006 1.035809
v -0.895555 -0.446373 1.207600
v -0.833826 -0.337762 1.355994
v -0.725454 -0.220804 1.466467
v -0.581049 -0.106948 1.528203
v -0.414744 -0.007338 1.535161
v -0.242819 0.068274 1.486659
v -0.082103 0.112487 1.387445
v 0.051671 0.120974 1.247230
v 0.145409 0.092903 1.079740
v 0.158369 0.087750 0.881191
v 0.148222 0.003619 0.706701
v 0.085386 -0.099962 0.555207
v -0.023988 -0.212855 0.441539
v -0.169192 -0.324009 0.376824
v -0.336015 -0.422544 0.367396
v -0.508126 -0.498814 0.414178
v -0.668677 -0.545353 0.512591
v -0.801953 -0.557607 0.653002
v -0.894907 -0.534374 0.821666
v -0.938442 -0.477930 1.002072
v -0.928295 -0.393800 1.176563
v -0.865459 -0.290219 1.328056
v -0.756086 -0.177326 1.441724
v -0.610881 -0.066171 1.506439
v -0.444058 0.032363 1.515867
v -0.271948 0.108633 1.469085
v -0.111396 0.155173 1.370672
v 0.021880 0.167426 1.230261
v 0.114834 0.144194 1.061598
v 0.125474 0.147593 0.861877
v 0.114385 0.068763 0.684986
v 0.050731 -0.030209 0.530776
v -0.059256 -0.139636 0.414345
v -0.204810 -0.248806 0.347088
v -0.371685 -0.347033 0.335590
v -0.543544 -0.424702 0.380975
v -0.703565 -0.474209 0.478802
v -0.836084 -0.490710 0.619494
v -0.928129 -0.472588 0.789279
v -0.970690 -0.421617 0.971538
v -0.959601 -0.342788 1.148430
v -0.895947 -0.243815 1.302639
v -0.785960 -0.134388 1.419070
v -0.640405 -0.025218 1.486327
v -0.473531 0.073009 1.497825
v -0.301672 0.150677 1.452440
v -0.141651 0.200185 1.354613
v -0.009132 0.216685 1.213921
v 0.082913 0.198563 1.044136
v 0.090916 0.210382 0.843549
v 0.079067 0.136548 0.664563
v 0.014900 0.041668 0.508012
v -0.095301 -0.064971 0.389220
v -0.240750 -0.172930 0.319815
v -0.407210 -0.271642 0.306591
v -0.578386 -0.351444 0.350843
v -0.737522 -0.404524 0.448239
v -0.869042 -0.425686 0.589244
v -0.960070 -0.412860 0.760057
v -1.001696 -0.367300 0.943958
v -0.989847 -0.293466 1.122943
v -0.925680 -0.198586 1.279495
v -0.815479 -0.091947 1.398287
v -0.670030 0.016012 1.467691
v -0.503570 0.114724 1.480915
v -0.332394 0.194525 1.436663
v -0.173258 0.247605 1.339268
v -0.041738 0.268768 1.198262
v 0.049290 0.255942 1.027449
v 0.054353 0.275876 0.826286
v 0.041948 0.206636 0.645511
v -0.022402 0.115247 0.486971
v -0.132398 0.010655 0.366186
v -0.277273 -0.096902 0.294978
v -0.442845 -0.196895 0.280318
v -0.612908 -0.279537 0.323641
v -0.770813 -0.336737 0.420706
v -0.901105 -0.362898 0.562012
v -0.991029 -0.355457 0.733727
v -1.031784 -0.315143 0.919042
v -1.019379 -0.245903 1.099817
v -0.955029 -0.154514 1.258357
v -0.845033 -0.049922 1.379143
v -0.700158 0.057634 1.450351
v -0.534586 0.157628 1.465011
v -0.364523 0.240269 1.421688
v -0.206618 0.297470 1.324622
v -0.076326 0.323630 1.183316
v 0.013599 0.316189 1.011601
v 0.015441 0.343764 0.810121
v 0.002719 0.278627 0.627849
v -0.061456 0.190059 0.467646
v -0.170799 0.086729 0.345193
v -0.314609 -0.021247 0.272476
v -0.478808 -0.123300 0.256615
v -0.647323 -0.209441 0.299161
v -0.803659 -0.271237 0.395950
v -0.932512 -0.302640 0.537507
v -1.021270 -0.300575 0.709976
v -1.061244 -0.265245 0.896474
v -1.048521 -0.200107 1.078746
v -0.984347 -0.111539 1.238949
v -0.875004 -0.008210 1.361402
v -0.731194 0.099766 1.434119
v -0.566995 0.201820 1.449980
v -0.398480 0.287960 1.407434
v -0.242144 0.349757 1.310645
v -0.113291 0.381159 1.169088
v -0.024533 0.379095 0.996619
v -0.026150 0.413673 0.795026
v -0.038913 0.352072 0.611531
v -0.102512 0.265602 0.449958
v -0.210721 0.162729 0.326121
v -0.352949 0.053520 0.252144
v -0.515272 -0.051332 0.235267
v -0.681802 -0.141565 0.277142
v -0.836237 -0.208347 0.373670
v -0.963461 -0.245139 0.515404
v -1.051019 -0.248340 0.688467
v -1.090341 -0.217638 0.875921
v -1.077578 -0.156038 1.059415
v -1.013979 -0.069568 1.220989
v -0.905770 0.033306 1.344825
v -0.763542 0.142514 1.418803
v -0.601219 0.247366 1.435680
v -0.434689 0.337600 1.393805
v -0.280254 0.404381 1.297276
v -0.153030 0.441173 1.155543
v -0.065472 0.444375 0.982479
v -0.070728 0.485169 0.780910
v -0.083207 0.426479 0.596444
v -0.145786 0.341356 0.433762
v -0.252339 0.238131 0.308787
v -0.392437 0.126908 0.233753
v -0.552364 0.018576 0.216005
v -0.716468 -0.076261 0.257280
v -0.868684 -0.148321 0.353538
v -0.994111 -0.190549 0.495357
v -1.080473 -0.198812 0.668853
v -1.119316 -0.172300 0.857045
v -1.106837 -0.113611 1.041510
v -1.044258 -0.028487 1.204193
v -0.937705 0.074738 1.329168
v -0.797607 0.185961 1.404202
v -0.637679 0.294293 1.421950
v -0.473576 0.389130 1.380674
v -0.321360 0.461190 1.284417
v -0.195933 0.503418 1.142598
v -0.109571 0.511680 0.969102
v -0.118563 0.557778 0.767615
v -0.130380 0.501332 0.582407
v -0.191443 0.416791 0.418847
v -0.295776 0.312429 0.292946
v -0.433165 0.198463 0.217028
v -0.590162 0.086048 0.198524
v -0.751400 -0.013813 0.239245
v -0.901094 -0.091343 0.335206
v -1.024592 -0.138953 0.477012
v -1.109806 -0.151984 0.650784
v -1.148393 -0.129160 0.839511
v -1.136576 -0.072714 1.024719
v -1.075513 0.011827 1.188279
v -0.971180 0.116189 1.314180
v -0.833791 0.230156 1.390098
v -0.676794 0.342571 1.408602
v -0.515557 0.442431 1.367881
v -0.365862 0.519961 1.271921
v -0.242364 0.567571 1.130114
v -0.157151 0.580602 0.956342
v -0.169879 0.630987 0.754919
v -0.180597 0.576099 0.569177
v -0.239595 0.491388 0.404948
v -0.341100 0.385148 0.278308
v -0.475174 0.267777 0.201655
v -0.628695 0.150765 0.182490
v -0.786634 0.045565 0.222690
v -0.933531 -0.037524 0.318321
v -1.055007 -0.090370 0.460020
v -1.139170 -0.107800 0.633918
v -1.177784 -0.088106 0.822992
v -1.167066 -0.033218 1.008734
v -1.108068 0.051492 1.172963
v -1.006563 0.157733 1.299602
v -0.872489 0.275104 1.376256
v -0.718968 0.392116 1.395420
v -0.561029 0.497316 1.355220
v -0.414132 0.580405 1.259590
v -0.292656 0.633251 1.117891
v -0.208492 0.650680 0.943993
v -0.224839 0.704266 0.742536
v -0.233960 0.650248 0.556453
v -0.290293 0.564650 0.391750
v -0.388323 0.455851 0.264546
v -0.518455 0.334501 0.187296
v -0.667949 0.212478 0.167559
v -0.822174 0.101728 0.207269
v -0.966031 0.013090 0.302537
v -1.085440 -0.044759 0.444039
v -1.168711 -0.066155 0.617924
v -1.207694 -0.049005 0.807170
v -1.198573 0.005012 0.993252
v -1.142240 0.090610 1.157956
v -1.044210 0.199409 1.285159
v -0.914078 0.320759 1.362410
v -0.764584 0.442782 1.382146
v -0.610359 0.553533 1.342437
v -0.466502 0.642171 1.247168
v -0.347093 0.700019 1.105666
v -0.263822 0.721416 0.931782
v -0.283538 0.777076 0.730127
v -0.290508 0.723263 0.543893
v -0.343526 0.636112 0.378903
v -0.437403 0.524154 0.251310
v -0.562949 0.398347 0.173601
v -0.707875 0.271007 0.153385
v -0.857995 0.154599 0.192640
v -0.998614 0.060517 0.287523
v -1.115966 -0.002029 0.428747
v -1.198566 -0.026916 0.602487
v -1.238326 -0.011709 0.791737
v -1.231356 0.042103 0.977972
v -1.178338 0.129255 1.142961
v -1.084461 0.241213 1.270555
v -0.958915 0.367020 1.348263
v -0.813989 0.494360 1.368479
v -0.663869 0.610768 1.329224
v -0.523250 0.704850 1.234341
v -0.405898 0.767396 1.093118
v -0.323299 0.792283 0.919377
v -0.346000 0.848888 0.717310
v -0.350209 0.794655 0.531115
v -0.399223 0.705354 0.366037
v -0.488246 0.589727 0.238236
v -0.608563 0.459092 0.160222
v -0.748396 0.326237 0.139631
v -0.894058 0.204166 0.178480
v -1.031289 0.104829 0.272964
v -1.146658 0.037949 0.413836
v -1.228871 0.010073 0.587306
v -1.269880 0.023930 0.776393
v -1.265671 0.078164 0.962589
v -1.216656 0.167465 1.127666
v -1.127633 0.283092 1.255467
v -1.007316 0.413727 1.333481
v -0.867483 0.546582 1.354072
v -0.721822 0.668652 1.315224
v -0.584590 0.767990 1.220739
v -0.469221 0.834869 1.079867
v -0.387009 0.862745 0.906397
v -0.412172 0.919191 0.703669
v -0.412965 0.863969 0.517718
v -0.457258 0.772006 0.352767
v -0.540716 0.652303 0.224964
v -0.655170 0.516578 0.146818
v -0.789415 0.378117 0.125978
v -0.930312 0.250472 0.164485
v -1.064067 0.146139 0.258569
v -1.177589 0.075330 0.399021
v -1.259764 0.044978 0.572093
v -1.302549 0.058052 0.760842
v -1.301757 0.113273 0.946793
v -1.257463 0.205236 1.111743
v -1.174005 0.324939 1.239547
v -1.059552 0.460664 1.317693
v -0.925306 0.599126 1.338533
v -0.784410 0.726771 1.300026
v -0.650654 0.831104 1.205941
v -0.537133 0.901912 1.065489
v -0.454958 0.932265 0.892418
v -0.481928 0.987504 0.688768
v -0.478616 0.930800 0.503292
v -0.517454 0.835757 0.338713
v -0.594642 0.711678 0.211142
v -0.702623 0.570711 0.133065
v -0.830829 0.426653 0.112127
v -0.966708 0.293606 0.150376
v -1.096961 0.184593 0.244068
v -1.208837 0.110286 0.384032
v -1.291385 0.077957 0.556567
v -1.336525 0.090773 0.744785
v -1.339837 0.147477 0.930261
v -1.300999 0.242520 1.094840
v -1.223811 0.366598 1.222411
v -1.115829 0.507566 1.300487
v -0.987624 0.651624 1.321426
v -0.851745 0.784671 1.283177
v -0.721492 0.893684 1.189485
v -0.609616 0.967991 1.049521
v -0.527068 1.000319 0.876985
v -0.555070 1.053389 0.672164
v -0.546943 0.994791 0.487427
v -0.579593 0.896352 0.323502
v -0.649826 0.767708 0.196435
v -0.750765 0.621452 0.118665
v -0.872531 0.471900 0.097804
v -1.003204 0.333693 0.135895
v -1.129993 0.220357 0.229208
v -1.240487 0.142988 0.368610
v -1.323870 0.109159 0.540454
v -1.371981 0.122181 0.727920
v -1.380108 0.180780 0.912658
v -1.347458 0.279219 1.076583
v -1.277225 0.407863 1.203649
v -1.176286 0.554119 1.281420
v -1.054520 0.703670 1.302280
v -0.923847 0.841878 1.264190
v -0.797058 0.955213 1.170877
v -0.686564 1.032582 1.031475
v -0.603181 1.066412 0.859630
v -0.631337 1.116455 0.653420
v -0.617681 1.055643 0.469726
v -0.643427 0.953596 0.306781
v -0.706055 0.820303 0.180533
v -0.799434 0.668812 0.103340
v -0.914424 0.513952 0.082760
v -1.039768 0.370882 0.120805
v -1.163197 0.253606 0.213753
v -1.272629 0.173604 0.352505
v -1.357352 0.138707 0.523479
v -1.409073 0.152332 0.709938
v -1.422728 0.213144 0.893631
v -1.396982 0.315191 1.056577
v -1.334354 0.448483 1.182825
v -1.240975 0.599974 1.260018
v -1.125985 0.754834 1.280598
v -1.000641 0.897904 1.242552
v -0.877212 1.015180 1.149604
v -0.767780 1.095182 1.010853
v -0.683057 1.130079 0.839879
v -0.710408 1.176359 0.632111
v -0.690525 1.113110 0.449814
v -0.708685 1.007349 0.288221
v -0.763111 0.869427 0.163148
v -0.848474 0.712845 0.086840
v -0.956419 0.552931 0.066765
v -1.076380 0.405338 0.104888
v -1.196613 0.284513 0.197479
v -1.305351 0.202284 0.335473
v -1.391947 0.166699 0.505363
v -1.447927 0.181243 0.690518
v -1.467810 0.244491 0.872815
v -1.449649 0.350253 1.034409
v -1.395224 0.488175 1.159481
v -1.309861 0.644756 1.235790
v -1.201916 0.804671 1.255865
v -1.081955 0.952264 1.217741
v -0.961721 1.073089 1.125150
v -0.852984 1.155318 0.987156
v -0.766388 1.190902 0.817266
v -0.791921 1.232814 0.607839
v -0.765142 1.167004 0.427340
v -0.775084 1.057522 0.267520
v -0.820774 0.915084 0.144022
v -0.897739 0.753634 0.068935
v -0.998445 0.588975 0.049610
v -1.113034 0.437225 0.087938
v -1.230290 0.313239 0.180166
v -1.338735 0.229153 0.317268
v -1.427754 0.193198 0.485823
v -1.488632 0.208894 0.669332
v -1.515410 0.274703 0.849830
v -1.505468 0.384185 1.009651
v -1.459778 0.526623 1.133149
v -1.382813 0.688073 1.208235
v -1.282107 0.852732 1.227561
v -1.167518 1.004482 1.189233
v -1.050262 1.128468 1.097004
v -0.941817 1.212554 0.959902
v -0.852799 1.248509 0.791347
v -0.875472 1.285585 0.580235
v -0.841178 1.217183 0.401986
v -0.842335 1.104069 0.244405
v -0.878831 0.957314 0.122919
v -0.947093 0.791285 0.049419
v -1.040440 0.622233 0.031100
v -1.149733 0.466706 0.069754
v -1.264275 0.339929 0.161599
v -1.372853 0.254311 0.297643
v -1.464839 0.218233 0.464571
v -1.531229 0.235227 0.646041
v -1.565524 0.303629 0.824290
v -1.564366 0.416743 0.981870
v -1.527870 0.563498 1.103356
v -1.459608 0.729527 1.176856
v -1.366261 0.898579 1.195176
v -1.256968 1.054106 1.156521
v -1.142426 1.180883 1.064677
v -1.033848 1.266501 0.928632
v -0.941862 1.302579 0.761705
v -0.960635 1.334488 0.548965
v -0.918267 1.263554 0.373463
v -0.910150 1.146981 0.218632
v -0.937078 0.996181 0.099628
v -0.996417 0.825915 0.028099
v -1.082356 0.652850 0.011049
v -1.186485 0.493927 0.050145
v -1.298609 0.364703 0.141560
v -1.407754 0.277825 0.276347
v -1.503236 0.241800 0.441311
v -1.575708 0.260153 0.620305
v -1.618076 0.331088 0.795807
v -1.626193 0.447661 0.950638
v -1.599264 0.598460 1.069642
v -1.539926 0.768726 1.141170
v -1.453986 0.941791 1.158221
v -1.349858 1.100714 1.119125
v -1.237733 1.229939 1.027709
v -1.128588 1.316816 0.892923
v -1.033107 1.352841 0.727958
v -1.046961 1.379384 0.513733
v -0.996039 1.306059 0.341518
v -0.978245 1.186278 0.189980
v -0.995323 1.031765 0.073954
v -1.045599 0.857647 0.004797
v -1.124152 0.680966 -0.010722
v -1.223294 0.519017 0.028917
v -1.333320 0.387653 0.119833
v -1.443459 0.299733 0.253126
v -1.542930 0.263863 0.415751
v -1.621997 0.283555 0.591786
v -1.672919 0.356880 0.764001
v -1.690713 0.476661 0.915539
v -1.673636 0.631174 1.031565
v -1.623360 0.805293 1.100722
v -1.544806 0.981974 1.116241
v -1.445664 1.143922 1.076602
v -1.335638 1.275286 0.985686
v -1.225499 1.363206 0.852392
v -1.126028 1.399076 0.689768
v -1.133995 1.420176 0.474282
v -1.074124 1.344676 0.305928
v -1.046346 1.222001 0.158257
v -1.053380 1.064158 0.045723
v -1.094537 0.886598 -0.020658
v -1.165789 0.706702 -0.034388
v -1.260160 0.542080 0.005878
v -1.368414 0.408846 0.096196
v -1.479954 0.320041 0.227728
v -1.583860 0.284359 0.387596
v -1.669963 0.305293 0.560153
v -1.729834 0.380792 0.728507
v -1.757612 0.503468 0.876178
v -1.750578 0.661311 0.988712
v -1.709421 0.838871 1.055093
v -1.638170 1.018766 1.068822
v -1.543798 1.183389 1.028557
v -1.435544 1.316623 0.938238
v -1.324005 1.405427 0.806707
v -1.220098 1.441109 0.646839
v -1.221274 1.456801 0.430394
v -1.152156 1.379407 0.266502
v -1.114184 1.254204 0.123288
v -1.111075 1.093450 0.014771
v -1.143133 0.912879 -0.048428
v -1.207221 0.730167 -0.060121
v -1.297066 0.563199 -0.019164
v -1.403872 0.428319 0.070433
v -1.517184 0.338730 0.199901
v -1.625911 0.303202 0.356566
v -1.719410 0.325212 0.525092
v -1.788529 0.402606 0.688984
v -1.826501 0.527809 0.832198
v -1.829610 0.688563 0.940716
v -1.797552 0.869134 1.003914
v -1.733463 1.051846 1.015607
v -1.643619 1.218814 0.974651
v -1.536813 1.353694 0.885053
v -1.423501 1.443283 0.755586
v -1.314774 1.478811 0.598921
v -1.308337 1.489226 0.381889
v -1.229771 1.410271 0.223078
v -1.181494 1.282951 0.084923
v -1.168233 1.119730 -0.019052
v -1.191285 0.936585 -0.078670
v -1.248395 0.751443 -0.088093
v -1.333971 0.582428 -0.046401
v -1.439638 0.446083 0.042327
v -1.555051 0.355756 0.169404
v -1.668913 0.320287 0.322391
v -1.770078 0.343150 0.486314
v -1.848645 0.422105 0.645125
v -1.896921 0.549425 0.783280
v -1.910182 0.712646 0.887255
v -1.887130 0.895791 0.946872
v -1.830020 1.080933 0.956296
v -1.744444 1.249948 0.914603
v -1.638778 1.386293 0.825876
v -1.523365 1.476620 0.698799
v -1.409503 1.512088 0.545812
v -1.394723 1.517442 0.328623
v -1.306611 1.437301 0.175517
v -1.248018 1.308305 0.043024
v -1.224681 1.143079 -0.055887
v -1.238884 0.957797 -0.111535
v -1.289238 0.770596 -0.118471
v -1.370812 0.599800 -0.076018
v -1.475622 0.462129 0.011670
v -1.593408 0.371058 0.136009
v -1.712641 0.335501 0.284828
v -1.821649 0.358941 0.443559
v -1.909762 0.439081 0.596665
v -1.968354 0.568078 0.729159
v -1.991691 0.733304 0.828070
v -1.977488 0.918586 0.883718
v -1.927134 1.105787 0.890654
v -1.845560 1.276582 0.848200
v -1.740751 1.414254 0.760512
v -1.622964 1.505325 0.636173
v -1.503731 1.540881 0.487354
v -1.479978 1.541457 0.270488
v -1.382321 1.460540 0.123711
v -1.313496 1.330328 -0.002525
v -1.280240 1.163566 -0.095864
v -1.285808 0.976578 -0.147169
v -1.329655 0.787668 -0.151418
v -1.407490 0.615327 -0.108195
v -1.511692 0.476426 -0.021731
v -1.632063 0.384561 0.099510
v -1.756819 0.348724 0.243660
v -1.873749 0.372424 0.396610
v -1.971406 0.453340 0.543387
v -2.040231 0.583553 0.669623
v -2.073487 0.750315 0.762962
v -2.067919 0.937303 0.814267
v -2.024072 1.126213 0.818516
v -1.946238 1.298554 0.775293
v -1.842035 1.437455 0.688829
v -1.721664 1.529320 0.567588
v -1.596908 1.565157 0.423437
v -1.563651 1.561293 0.207409
v -1.456550 1.480033 0.067574
v -1.377666 1.349079 -0.051825
v -1.334720 1.181250 -0.139100
v -1.331916 0.992975 -0.185708
v -1.369528 0.802683 -0.187086
v -1.443875 0.629000 -0.143100
v -1.547679 0.488930 -0.058055
v -1.670780 0.396181 0.059723
v -1.801126 0.359835 0.198707
v -1.925960 0.383447 0.345291
v -2.033060 0.464707 0.485126
v -2.111945 0.595661 0.604525
v -2.154891 0.763490 0.691800
v -2.157695 0.951765 0.738408
v -2.120083 1.142057 0.739786
v -2.045736 1.315739 0.695800
v -1.941931 1.455810 0.610755
v -1.818831 1.548558 0.492977
v -1.688485 1.584905 0.353993
v -1.645296 1.576982 0.139346
v -1.528945 1.495824 0.007044
v -1.440259 1.364608 -0.104959
v -1.387918 1.196177 -0.185700
v -1.377046 1.007018 -0.227275
v -1.408707 0.815648 -0.225615
v -1.479803 0.640799 -0.180882
v -1.583372 0.499587 -0.097455
v -1.709279 0.405834 0.016500
v -1.845197 0.368718 0.149828
v -1.977823 0.391871 0.289478
v -2.094173 0.473029 0.421780
v -2.182860 0.604245 0.533783
v -2.235200 0.772676 0.614525
v -2.246072 0.961835 0.656100
v -2.214411 1.153205 0.654440
v -2.143316 1.328054 0.609706
v -2.039746 1.469267 0.526279
v -1.913840 1.563019 0.412324
v -1.777921 1.600135 0.278996
v -1.724470 1.588561 0.066292
v -1.599151 1.507961 -0.057912
v -1.500997 1.376959 -0.161990
v -1.439615 1.208380 -0.235753
v -1.421014 1.018724 -0.271981
v -1.447015 0.826557 -0.267129
v -1.515073 0.650689 -0.221670
v -1.618525 0.508336 -0.140056
v -1.747245 0.413432 -0.030274
v -1.888633 0.375266 0.096929
v -2.028850 0.397576 0.229101
v -2.154168 0.478176 0.353305
v -2.252322 0.609178 0.457382
v -2.313704 0.777757 0.531145
v -2.332305 0.967413 0.567374
v -2.306304 1.159580 0.562521
v -2.238246 1.335448 0.517063
v -2.134794 1.477801 0.435448
v -2.006074 1.572705 0.325666
v -1.864686 1.610870 0.198464
v -1.800735 1.596074 -0.011729
v -1.666810 1.516484 -0.127304
v -1.559591 1.386168 -0.222957
v -1.489574 1.217882 -0.289327
v -1.463611 1.028097 -0.319915
v -1.484245 0.835393 -0.311728
v -1.549455 0.658632 -0.265566
v -1.652858 0.515116 -0.185950
v -1.784333 0.418895 -0.080672
v -1.931010 0.379386 0.039963
v -2.078531 0.400458 0.164146
v -2.212455 0.480047 0.279721
v -2.319674 0.610363 0.375374
v -2.389692 0.778650 0.441743
v -2.415654 0.968434 0.472331
v -2.395021 1.161138 0.464144
v -2.329811 1.337900 0.417983
v -2.226407 1.481415 0.338367
v -2.094932 1.577637 0.233089
v -1.948255 1.617145 0.112454
v -1.873655 1.599564 -0.094655
v -1.731560 1.521435 -0.201110
v -1.615742 1.392264 -0.287879
v -1.537538 1.224696 -0.346468
v -1.504602 1.035133 -0.371143
v -1.520160 0.842131 -0.359487
v -1.582688 0.664582 -0.312642
v -1.686065 0.519866 -0.235194
v -1.820172 0.422149 -0.134723
v -1.971883 0.380996 -0.021065
v -2.126345 0.400436 0.094655
v -2.268440 0.478565 0.201110
v -2.384258 0.607736 0.287879
v -2.462462 0.775304 0.346468
v -2.495398 0.964867 0.371143
v -2.479840 1.157869 0.359487
v -2.417312 1.335418 0.312642
v -2.313935 1.480134 0.235194
v -2.179828 1.577851 0.134723
v -2.028117 1.619004 0.021065
v -1.942799 1.599081 -0.182393
v -1.793034 1.522851 -0.279281
v -1.669136 1.395272 -0.356743
v -1.583232 1.228830 -0.407197
v -1.543732 1.039820 -0.425704
v -1.554501 0.846742 -0.410453
v -1.614487 0.668496 -0.362936
v -1.717816 0.522530 -0.287804
v -1.854375 0.423133 -0.192413
v -2.010796 0.380033 -0.086099
v -2.171768 0.397451 0.020731
v -2.321533 0.473680 0.117619
v -2.445431 0.601260 0.195081
v -2.531335 0.767701 0.245535
v -2.570835 0.956711 0.264043
v -2.560066 1.149789 0.248791
v -2.500080 1.328035 0.201274
v -2.396751 1.474001 0.126142
v -2.260192 1.573398 0.030751
v -2.103771 1.616498 -0.075563
v -2.007739 1.594671 -0.274810
v -1.850861 1.520768 -0.361732
v -1.719449 1.395209 -0.429508
v -1.626365 1.230287 -0.471504
v -1.580722 1.042143 -0.483609
v -1.586987 0.849196 -0.464638
v -1.644547 0.670332 -0.416448
v -1.747768 0.523060 -0.343755
v -1.886545 0.421795 -0.253677
v -2.047294 0.376451 -0.155030
v -2.214281 0.391466 -0.057470
v -2.371158 0.465369 0.029452
v -2.502571 0.590928 0.097228
v -2.595654 0.755850 0.139224
v -2.641297 0.943994 0.151329
v -2.635032 1.136941 0.132358
v -2.577472 1.315805 0.084167
v -2.474252 1.463077 0.011475
v -2.335475 1.564341 -0.078603
v -2.174725 1.609686 -0.177250
v -2.068051 1.586388 -0.371739
v -1.904668 1.515220 -0.448347
v -1.766348 1.392095 -0.506101
v -1.666632 1.229064 -0.539348
v -1.615280 1.042086 -0.544833
v -1.617319 0.849465 -0.522019
v -1.672549 0.670054 -0.473140
v -1.775564 0.521416 -0.402980
v -1.916281 0.418101 -0.318407
v -2.080924 0.370222 -0.227699
v -2.253378 0.382465 -0.139736
v -2.416761 0.453633 -0.063128
v -2.555081 0.576758 -0.005374
v -2.654797 0.739789 0.027873
v -2.706150 0.926767 0.033358
v -2.704111 1.119389 0.010544
v -2.648881 1.298799 -0.038335
v -2.545865 1.447437 -0.108495
v -2.405149 1.550752 -0.193068
v -2.240505 1.598631 -0.283776
v -2.123322 1.574283 -0.472973
v -1.954080 1.506243 -0.538971
v -1.809494 1.385944 -0.586412
v -1.703715 1.225162 -0.610651
v -1.647098 1.039634 -0.609315
v -1.645185 0.847522 -0.582536
v -1.698164 0.667631 -0.532935
v -1.800848 0.517570 -0.465367
v -1.943186 0.412028 -0.386446
v -2.111245 0.361336 -0.303898
v -2.288574 0.370457 -0.225802
v -2.457816 0.438497 -0.159804
v -2.602402 0.558796 -0.112364
v -2.708181 0.719578 -0.088125
v -2.764798 0.905106 -0.089460
v -2.766711 1.097218 -0.116239
v -2.713732 1.277109 -0.165840
v -2.611048 1.427170 -0.233408
v -2.468710 1.532712 -0.312329
v -2.300651 1.583404 -0.394878
v -2.173143 1.558414 -0.578268
v -1.998726 1.493874 -0.633414
v -1.848541 1.376776 -0.670295
v -1.737290 1.218580 -0.685299
v -1.675862 1.034774 -0.676959
v -1.670270 0.843349 -0.646091
v -1.721061 0.663043 -0.595715
v -1.823265 0.511505 -0.530764
v -1.966876 0.403570 -0.457596
v -2.137836 0.349803 -0.383371
v -2.319412 0.355466 -0.315357
v -2.493829 0.420006 -0.260211
v -2.644014 0.537105 -0.223330
v -2.755265 0.695300 -0.208325
v -2.816693 0.879107 -0.216666
v -2.822285 1.070532 -0.247534
v -2.771494 1.250838 -0.297909
v -2.669290 1.402375 -0.362860
v -2.525679 1.510310 -0.436029
v -2.354719 1.564078 -0.510253
v -2.217122 1.538841 -0.687337
v -2.038239 1.478153 -0.731445
v -1.883148 1.364609 -0.757566
v -1.767030 1.209324 -0.763142
v -1.701252 1.027499 -0.747629
v -1.692252 0.836932 -0.712544
v -1.740912 0.656277 -0.661322
v -1.842468 0.503218 -0.598977
v -1.986980 0.392737 -0.531612
v -2.160301 0.335648 -0.465820
v -2.345465 0.337541 -0.408043
v -2.524349 0.398230 -0.363935
v -2.679440 0.511774 -0.337815
v -2.795558 0.667058 -0.332238
v -2.861336 0.848883 -0.347752
v -2.870335 1.039450 -0.382837
v -2.821675 1.220105 -0.434059
v -2.720119 1.373165 -0.496403
v -2.575607 1.483646 -0.563769
v -2.402286 1.540734 -0.629560
v -2.254880 1.515630 -0.799858
v -2.072261 1.459123 -0.832795
v -1.912973 1.349469 -0.848001
v -1.792609 1.197403 -0.843988
v -1.722951 1.017809 -0.821149
v -1.710818 0.828268 -0.781719
v -1.757396 0.647333 -0.729558
v -1.858127 0.492716 -0.669771
v -2.003151 0.379551 -0.608212
v -2.178272 0.318916 -0.550906
v -2.366346 0.316746 -0.503463
v -2.548966 0.373253 -0.470526
v -2.708253 0.482907 -0.455319
v -2.828617 0.634973 -0.459332
v -2.898275 0.814567 -0.482172
v -2.910409 1.004108 -0.521602
v -2.863830 1.185043 -0.573763
v -2.763099 1.339660 -0.633549
v -2.618075 1.452825 -0.695109
v -2.442955 1.513460 -0.752415
v -2.286059 1.488852 -0.915466
v -2.100448 1.436834 -0.937155
v -1.937687 1.331386 -0.941339
v -1.813709 1.182831 -0.927608
v -1.740649 1.005710 -0.897307
v -1.725659 0.817361 -0.853401
v -1.770206 0.636221 -0.800188
v -1.869930 0.480022 -0.742877
v -2.015069 0.364052 -0.687079
v -2.191416 0.299664 -0.638254
v -2.381708 0.293161 -0.601183
v -2.567319 0.345179 -0.579494
v -2.730080 0.450627 -0.575310
v -2.854058 0.599182 -0.589041
v -2.927118 0.776303 -0.619343
v -2.942108 0.964652 -0.663249
v -2.897561 1.145792 -0.716462
v -2.797837 1.301992 -0.773772
v -2.652698 1.417961 -0.829571
v -2.476351 1.482349 -0.878395
v -2.310323 1.458584 -1.033761
v -2.122474 1.411342 -1.044179
v -1.956973 1.310397 -1.037279
v -1.830022 1.165633 -1.013735
v -1.754047 0.991218 -0.975852
v -1.736485 0.804227 -0.927338
v -1.779054 0.622963 -0.872943
v -1.877589 0.465169 -0.817991
v -2.022444 0.346292 -0.767860
v -2.199439 0.277968 -0.727458
v -2.391249 0.266884 -0.700741
v -2.579098 0.314127 -0.690322
v -2.744599 0.415072 -0.697223
v -2.871550 0.559836 -0.720767
v -2.947525 0.734251 -0.758650
v -2.965088 0.921242 -0.807163
v -2.922518 1.102506 -0.861558
v -2.823983 1.260300 -0.916511
v -2.679128 1.379177 -0.966642
v -2.502133 1.447501 -1.007043
v -2.327363 1.424912 -1.154303
v -2.138033 1.382709 -1.153482
v -1.970532 1.286547 -1.135482
v -1.841256 1.145839 -1.102063
v -1.762861 0.974358 -1.056498
v -1.743019 0.788890 -1.003246
v -1.783674 0.607590 -0.947521
v -1.880845 0.448205 -0.894776
v -2.025021 0.326337 -0.850176
v -2.202088 0.253914 -0.818085
v -2.394715 0.238027 -0.801646
v -2.584046 0.280230 -0.802466
v -2.751546 0.376392 -0.820467
v -2.880822 0.517101 -0.853886
v -2.959217 0.688582 -0.899451
v -2.979059 0.874049 -0.952703
v -2.938404 1.055349 -1.008428
v -2.841233 1.214734 -1.061173
v -2.697057 1.336603 -1.105773
v -2.519990 1.409025 -1.137864
v -2.336901 1.387929 -1.276621
v -2.146845 1.351008 -1.264645
v -1.978085 1.259889 -1.235574
v -1.847141 1.123490 -1.192253
v -1.766829 0.955164 -1.138924
v -1.745012 0.771386 -1.080806
v -1.783826 0.590148 -1.023589
v -1.879470 0.429189 -0.972872
v -2.022582 0.304265 -0.933621
v -2.199154 0.227605 -0.909679
v -2.391902 0.206713 -0.903387
v -2.581958 0.243633 -0.915363
v -2.750718 0.334752 -0.944434
v -2.881662 0.471151 -0.987755
v -2.961974 0.639478 -1.041084
v -2.983791 0.823255 -1.099202
v -2.944977 1.004494 -1.156420
v -2.849333 1.165453 -1.207136
v -2.706221 1.290376 -1.246387
v -2.529649 1.367036 -1.270330
v -2.338694 1.347736 -1.400209
v -2.148663 1.316319 -1.377214
v -1.979385 1.230485 -1.337148
v -1.847430 1.098637 -1.283933
v -1.765715 0.933681 -1.222779
v -1.742239 0.751763 -1.159672
v -1.779300 0.570691 -1.100789
v -1.873270 0.408190 -1.051893
v -2.014951 0.280166 -1.017772
v -2.190474 0.199152 -1.001765
v -2.382657 0.173076 -1.005439
v -2.572688 0.204493 -1.028435
v -2.741966 0.290327 -1.068501
v -2.873921 0.422175 -1.121715
v -2.955636 0.587131 -1.182869
v -2.979112 0.769049 -1.245977
v -2.942051 0.950121 -1.304860
v -2.848081 1.112622 -1.353755
v -2.706400 1.240646 -1.387876
v -2.530877 1.321660 -1.403883
v -2.332538 1.304443 -1.524534
v -2.143270 1.278730 -1.490705
v -1.974210 1.198409 -1.439765
v -1.841907 1.071341 -1.376700
v -1.759310 0.909964 -1.307683
v -1.734506 0.730077 -1.239471
v -1.769922 0.549286 -1.178740
v -1.862091 0.385290 -1.131435
v -2.001992 0.254141 -1.102187
v -2.175930 0.168677 -1.093859
v -2.366878 0.137264 -1.107265
v -2.556146 0.162977 -1.141094
v -2.725206 0.243298 -1.192035
v -2.857509 0.370366 -1.255100
v -2.940106 0.531743 -1.324116
v -2.964910 0.711630 -1.392329
v -2.929494 0.892421 -1.453059
v -2.837324 1.056417 -1.500364
v -2.697424 1.187566 -1.529612
v -2.523486 1.273030 -1.537941
v -2.318268 1.258172 -1.649036
v -2.130490 1.238342 -1.604608
v -1.962377 1.163741 -1.542959
v -1.830387 1.041671 -1.470123
v -1.747438 0.884080 -1.393231
v -1.721651 0.706395 -1.319809
v -1.755550 0.526009 -1.257043
v -1.845816 0.360580 -1.211079
v -1.983614 0.226299 -1.186415
v -2.155455 0.136313 -1.185465
v -2.344518 0.099430 -1.208323
v -2.532297 0.119259 -1.252751
v -2.700409 0.193860 -1.314400
v -2.832400 0.315931 -1.387236
v -2.915348 0.473521 -1.464128
v -2.941135 0.651206 -1.537551
v -2.907237 0.831592 -1.600316
v -2.816970 0.997022 -1.646280
v -2.679172 1.131302 -1.670945
v -2.507331 1.221288 -1.671894
v -2.295766 1.209050 -1.773134
v -2.110185 1.195264 -1.718389
v -1.943739 1.126575 -1.646241
v -1.812721 1.009709 -1.563752
v -1.729958 0.856104 -1.478997
v -1.703549 0.680796 -1.400272
v -1.736081 0.500946 -1.335284
v -1.824368 0.334159 -1.290394
v -1.959769 0.196761 -1.269996
v -2.129030 0.102201 -1.276086
v -2.315581 0.059736 -1.308070
v -2.501163 0.073523 -1.362815
v -2.667609 0.142211 -1.434963
v -2.798627 0.259078 -1.517452
v -2.881390 0.412683 -1.602207
v -2.907799 0.587990 -1.680932
v -2.875267 0.767840 -1.745920
v -2.786980 0.934627 -1.790810
v -2.651579 1.072026 -1.811209
v -2.482318 1.166585 -1.805118
v -2.264962 1.157218 -1.896230
v -2.082262 1.149613 -1.831494
v -1.918188 1.087014 -1.749100
v -1.788801 0.975546 -1.657112
v -1.706766 0.826121 -1.564536
v -1.680113 0.653367 -1.480434
v -1.711451 0.474193 -1.413037
v -1.797713 0.306138 -1.368944
v -1.930454 0.165652 -1.352469
v -2.096682 0.066489 -1.365227
v -2.280123 0.018353 -1.405968
v -2.462823 0.025957 -1.470704
v -2.626897 0.088557 -1.553098
v -2.756284 0.200025 -1.645085
v -2.838319 0.349449 -1.737661
v -2.864972 0.522204 -1.821764
v -2.833634 0.701378 -1.889160
v -2.747372 0.869433 -1.933254
v -2.614631 1.009918 -1.949728
v -2.448403 1.109082 -1.936971
v -2.225832 1.102822 -2.017711
v -2.046675 1.101520 -1.943354
v -1.885663 1.045168 -1.851010
v -1.758557 0.939283 -1.749718
v -1.677800 0.794228 -1.649393
v -1.651295 0.624203 -1.559856
v -1.681637 0.445852 -1.489871
v -1.765857 0.276632 -1.446290
v -1.895711 0.133108 -1.433377
v -2.058487 0.029329 -1.452397
v -2.238251 -0.024546 -1.501488
v -2.417408 -0.023244 -1.575845
v -2.578419 0.033108 -1.668189
v -2.705525 0.138994 -1.769481
v -2.786283 0.284049 -1.869806
v -2.812788 0.454073 -1.959343
v -2.782445 0.632425 -2.029327
v -2.698225 0.801645 -2.072909
v -2.568372 0.945168 -2.085822
v -2.405596 1.048947 -2.066802
v -2.178405 1.046022 -2.136959
v -2.003425 1.051123 -2.053391
v -1.846146 1.001162 -1.951435
v -1.721964 0.901030 -1.841070
v -1.643036 0.760529 -1.733101
v -1.617087 0.593411 -1.638095
v -1.646656 0.416036 -1.565353
v -1.728851 0.245766 -1.521995
v -1.855624 0.099268 -1.512265
v -2.014567 -0.009117 -1.537116
v -2.190121 -0.068780 -1.594115
v -2.365102 -0.073881 -1.677683
v -2.522380 -0.023920 -1.779639
v -2.646562 0.076212 -1.890004
v -2.725490 0.216714 -1.997973
v -2.751440 0.383831 -2.092979
v -2.721870 0.561206 -2.165721
v -2.639675 0.731476 -2.209079
v -2.512902 0.877974 -2.218809
v -2.353959 0.986359 -2.193958
v -2.122764 0.986984 -2.253349
v -1.952562 0.998570 -2.161019
v -1.799665 0.955128 -2.049830
v -1.679040 0.860910 -1.930664
v -1.602495 0.725139 -1.815188
v -1.577522 0.561105 -1.714705
v -1.606566 0.384864 -1.639050
v -1.686783 0.213670 -1.595629
v -1.810322 0.064279 -1.588694
v -1.965090 -0.048686 -1.618921
v -2.135937 -0.114166 -1.683353
v -2.306139 -0.125752 -1.775683
v -2.459036 -0.082309 -1.886873
v -2.579660 0.011909 -2.006038
v -2.656206 0.147680 -2.121514
v -2.681179 0.311714 -2.221998
v -2.652135 0.487954 -2.297653
v -2.571918 0.659149 -2.341073
v -2.448378 0.808540 -2.348009
v -2.293611 0.921504 -2.317781
v -2.059042 0.925884 -2.366262
v -1.894188 0.944019 -2.265654
v -1.746298 0.907207 -2.145649
v -1.629849 0.819050 -2.017994
v -1.556240 0.688179 -1.895184
v -1.532677 0.527404 -1.789241
v -1.561465 0.352463 -1.710536
v -1.639786 0.180480 -1.666772
v -1.759975 0.028290 -1.662234
v -1.910266 -0.089210 -1.697366
v -2.075948 -0.160517 -1.768728
v -2.240802 -0.178652 -1.869336
v -2.388692 -0.141840 -1.989341
v -2.505141 -0.053683 -2.116996
v -2.578750 0.077188 -2.239806
v -2.602313 0.237963 -2.345749
v -2.573526 0.412904 -2.424454
v -2.495204 0.584887 -2.468218
v -2.375015 0.737077 -2.472756
v -2.224724 0.854577 -2.437624
v -1.987428 0.862906 -2.475083
v -1.828455 0.887636 -2.366715
v -1.686170 0.857549 -2.238350
v -1.574500 0.775590 -2.102555
v -1.504378 0.649782 -1.972621
v -1.482666 0.492439 -1.861268
v -1.511491 0.318963 -1.779395
v -1.588030 0.146336 -1.735017
v -1.704791 -0.008545 -1.732478
v -1.850346 -0.130519 -1.772027
v -2.010445 -0.207646 -1.849791
v -2.169418 -0.232376 -1.958160
v -2.311703 -0.202289 -2.086525
v -2.423373 -0.120330 -2.222320
v -2.493495 0.005479 -2.352254
v -2.515207 0.162822 -2.463607
v -2.486382 0.336297 -2.545480
v -2.409843 0.508925 -2.589858
v -2.293082 0.663805 -2.592396
v -2.147527 0.785779 -2.552848
v -1.908161 0.798242 -2.579212
v -1.755565 0.829597 -2.463630
v -1.619453 0.806315 -2.327397
v -1.513148 0.730676 -2.183850
v -1.447057 0.610084 -2.047039
v -1.427648 0.456343 -1.930357
v -1.456822 0.284502 -1.845225
v -1.531722 0.111383 -1.799976
v -1.645018 -0.046068 -1.799040
v -1.785618 -0.172440 -1.842508
v -1.939761 -0.255361 -1.926126
v -2.092357 -0.286716 -2.041708
v -2.228469 -0.263434 -2.177940
v -2.334773 -0.187795 -2.321487
v -2.400865 -0.067203 -2.458298
v -2.420273 0.086538 -2.574980
v -2.391100 0.258379 -2.660113
v -2.316199 0.431498 -2.705361
v -2.202904 0.588949 -2.706298
v -2.062303 0.715321 -2.662829
v -1.821533 0.732093 -2.678063
v -1.675771 0.770083 -2.555842
v -1.546369 0.753671 -2.412268
v -1.445993 0.684462 -2.261396
v -1.384468 0.569231 -2.117993
v -1.367818 0.419258 -1.996097
v -1.397672 0.249223 -1.907640
v -1.471108 0.075771 -1.861281
v -1.580937 -0.084121 -1.861557
v -1.716409 -0.214800 -1.908442
v -1.864262 -0.303474 -1.997346
v -2.010024 -0.341465 -2.119567
v -2.139427 -0.325052 -2.263141
v -2.239803 -0.255843 -2.414013
v -2.301327 -0.140613 -2.557416
v -2.317977 0.009360 -2.679312
v -2.288123 0.179395 -2.767769
v -2.214687 0.352848 -2.814128
v -2.104858 0.512739 -2.813852
v -1.969387 0.643418 -2.766967
v -1.727888 0.664664 -2.771075
v -1.589376 0.709286 -2.642814
v -1.467185 0.699791 -2.492458
v -1.373277 0.637109 -2.334724
v -1.316845 0.527374 -2.185053
v -1.303411 0.381330 -2.058095
v -1.334292 0.213271 -1.966278
v -1.406465 0.039649 -1.918590
v -1.512864 -0.122542 -1.919699
v -1.643074 -0.257425 -1.969495
v -1.784350 -0.351796 -2.063106
v -1.922863 -0.396418 -2.191367
v -2.045053 -0.386922 -2.341723
v -2.138961 -0.324240 -2.499457
v -2.195394 -0.214505 -2.649128
v -2.208827 -0.068461 -2.776086
v -2.177946 0.099598 -2.867903
v -2.105774 0.273220 -2.915591
v -1.999375 0.435411 -2.914483
v -1.869164 0.570293 -2.864686
v -1.627616 0.596171 -2.857715
v -1.496726 0.647403 -2.724034
v -1.382214 0.644858 -2.567483
v -1.295288 0.588785 -2.403387
v -1.244457 0.484672 -2.247810
v -1.234698 0.342710 -2.115979
v -1.266966 0.176796 -2.020800
v -1.338101 0.003170 -1.971588
v -1.441141 -0.161171 -1.973163
v -1.566000 -0.300141 -2.025368
v -1.700455 -0.400136 -2.123095
v -1.831345 -0.451369 -2.256776
v -1.945857 -0.448824 -2.413327
v -2.032783 -0.392751 -2.577423
v -2.083614 -0.288637 -2.733000
v -2.093373 -0.146676 -2.864831
v -2.061105 0.019238 -2.960011
v -1.989970 0.192864 -3.009222
v -1.886930 0.357205 -3.007647
v -1.762071 0.496175 -2.955442
v -1.521155 0.526830 -2.937480
v -1.398218 0.584638 -2.799016
v -1.291811 0.589060 -2.636887
v -1.212351 0.539664 -2.466964
v -1.167615 0.441285 -2.305880
v -1.161983 0.303553 -2.169403
v -1.196006 0.139950 -2.070893
v -1.266354 -0.033509 -2.019992
v -1.366140 -0.199845 -2.021683
v -1.485596 -0.342776 -2.075800
v -1.613031 -0.448310 -2.177046
v -1.735968 -0.506118 -2.315511
v -1.842375 -0.510540 -2.477639
v -1.921835 -0.461144 -2.647563
v -1.966571 -0.362765 -2.808646
v -1.972203 -0.225033 -2.945123
v -1.938180 -0.061430 -3.043634
v -1.867832 0.112029 -3.094535
v -1.768046 0.278365 -3.092844
v -1.648589 0.421296 -3.038727
v -1.408985 0.456867 -3.009905
v -1.294286 0.521198 -2.867309
v -1.196374 0.532589 -2.700243
v -1.124831 0.489924 -2.525060
v -1.086662 0.397380 -2.358908
v -1.085603 0.264017 -2.218051
v -1.121757 0.102887 -2.116277
v -1.191585 -0.070236 -2.063549
v -1.288253 -0.238405 -2.065027
v -1.402297 -0.385160 -2.120568
v -1.522554 -0.496134 -2.224735
v -1.637253 -0.560465 -2.367330
v -1.735165 -0.571856 -2.534397
v -1.806708 -0.529192 -2.709580
v -1.844877 -0.436648 -2.875732
v -1.845936 -0.303284 -3.016589
v -1.809782 -0.142154 -3.118363
v -1.739954 0.030968 -3.171091
v -1.643286 0.199138 -3.169612
v -1.529242 0.345892 -3.114071
v -1.291626 0.386509 -3.074563
v -1.185408 0.457298 -2.928501
v -1.096336 0.475644 -2.757161
v -1.033129 0.439749 -2.577315
v -1.001975 0.353130 -2.406570
v -1.005923 0.224263 -2.261637
v -1.044586 0.065763 -2.156704
v -1.114180 -0.106854 -2.102043
v -1.207893 -0.276691 -2.103005
v -1.316551 -0.427124 -2.159494
v -1.429518 -0.543427 -2.265982
v -1.535736 -0.614216 -2.412045
v -1.624808 -0.632562 -2.583385
v -1.688015 -0.596668 -2.763230
v -1.719169 -0.510048 -2.933976
v -1.715221 -0.381181 -3.078909
v -1.676558 -0.222681 -3.183842
v -1.606964 -0.050065 -3.238502
v -1.513251 0.119773 -3.237541
v -1.404593 0.270206 -3.181052
v -1.169635 0.315990 -3.131076
v -1.072094 0.393157 -2.982217
v -0.992167 0.418427 -2.807286
v -0.937678 0.389327 -2.623407
v -0.913959 0.308706 -2.448577
v -0.923333 0.184454 -2.299912
v -0.964883 0.028735 -2.191963
v -1.034540 -0.143209 -2.135297
v -1.125487 -0.314546 -2.135461
v -1.228821 -0.468504 -2.192439
v -1.334427 -0.590014 -2.300654
v -1.431968 -0.667181 -2.449513
v -1.511895 -0.692452 -2.624444
v -1.566384 -0.663352 -2.808324
v -1.590103 -0.582730 -2.983153
v -1.580729 -0.458479 -3.131819
v -1.539179 -0.302760 -3.239768
v -1.469522 -0.130816 -3.296433
v -1.378575 0.040521 -3.296269
v -1.275241 0.194480 -3.239291
v -1.043599 0.245543 -3.179109
v -0.954890 0.328995 -3.028132
v -0.884368 0.361145 -2.850310
v -0.838938 0.338848 -2.663049
v -0.823046 0.264285 -2.484680
v -0.838248 0.144755 -2.332662
v -0.883056 -0.008042 -2.221877
v -0.953083 -0.179148 -2.163169
v -1.041476 -0.351814 -2.162285
v -1.139581 -0.509139 -2.219310
v -1.237795 -0.635723 -2.328664
v -1.326505 -0.719175 -2.479641
v -1.397026 -0.751326 -2.657463
v -1.442456 -0.729028 -2.844724
v -1.458348 -0.654465 -3.023093
v -1.443146 -0.534935 -3.175111
v -1.398339 -0.382139 -3.285896
v -1.328311 -0.211033 -3.344604
v -1.239919 -0.038367 -3.345488
v -1.141814 0.118959 -3.288463
v -0.914137 0.175406 -3.218382
v -0.834367 0.265036 -3.065964
v -0.773467 0.304007 -2.885964
v -0.737397 0.288504 -2.696000
v -0.729690 0.220045 -2.514667
v -0.751099 0.105330 -2.359715
v -0.799528 -0.044411 -2.246313
v -0.870237 -0.214520 -2.185560
v -0.956305 -0.388346 -2.183404
v -1.049306 -0.548873 -2.240056
v -1.140137 -0.680389 -2.349970
v -1.219907 -0.770019 -2.502387
v -1.280807 -0.808990 -2.682388
v -1.316876 -0.793487 -2.872352
v -1.324583 -0.725028 -3.053685
v -1.303175 -0.610313 -3.208636
v -1.254745 -0.460572 -3.322039
v -1.184036 -0.290463 -3.382791
v -1.097969 -0.116637 -3.384947
v -1.004968 0.043890 -3.328296
v -0.781886 0.105818 -3.248664
v -0.711122 0.201507 -3.095485
v -0.660014 0.247223 -2.914031
v -0.633565 0.238491 -2.722062
v -0.634364 0.176164 -2.538371
v -0.662333 0.066345 -2.380938
v -0.714734 -0.080218 -2.265174
v -0.786437 -0.249177 -2.202410
v -0.870425 -0.423993 -2.198791
v -0.958474 -0.587555 -2.254671
v -1.041968 -0.723852 -2.364579
v -1.112732 -0.819541 -2.517758
v -1.163839 -0.865257 -2.699212
v -1.190288 -0.856525 -2.891181
v -1.189489 -0.794198 -3.074872
v -1.161520 -0.684379 -3.232305
v -1.109119 -0.537816 -3.348070
v -1.037416 -0.368857 -3.410833
v -0.953429 -0.194041 -3.414452
v -0.865379 -0.030479 -3.358573
v -0.647504 0.037017 -3.269784
v -0.585769 0.138635 -3.116519
v -0.544580 0.191006 -2.934342
v -0.527966 0.189003 -2.741086
v -0.537556 0.132822 -2.555669
v -0.572409 0.027963 -2.396240
v -0.629115 -0.115311 -2.278406
v -0.702123 -0.282974 -2.213701
v -0.784285 -0.458614 -2.208458
v -0.867560 -0.625039 -2.263191
v -0.943797 -0.765958 -2.372542
v -1.005531 -0.867576 -2.525808
v -1.046721 -0.919947 -2.707985
v -1.063334 -0.917944 -2.901240
v -1.053745 -0.861763 -3.086657
v -1.018892 -0.756904 -3.246086
v -0.962186 -0.613630 -3.363920
v -0.889178 -0.445967 -3.428626
v -0.807015 -0.270327 -3.433868
v -0.723740 -0.103902 -3.379135
v -0.511663 -0.030757 -3.281626
v -0.458940 0.076647 -3.128942
v -0.427748 0.135568 -2.946779
v -0.421140 0.140237 -2.752969
v -0.439762 0.090197 -2.566484
v -0.481792 -0.009653 -2.405576
v -0.543116 -0.149540 -2.285998
v -0.617730 -0.315770 -2.219455
v -0.698332 -0.492071 -2.212459
v -0.777030 -0.661187 -2.265697
v -0.846123 -0.806562 -2.373956
v -0.898845 -0.913967 -2.526640
v -0.930037 -0.972887 -2.708803
v -0.936645 -0.977556 -2.902612
v -0.918023 -0.927516 -3.089098
v -0.875993 -0.827666 -3.250006
v -0.814669 -0.687780 -3.369584
v -0.740055 -0.521550 -3.436127
v -0.659453 -0.345248 -3.443122
v -0.580755 -0.176133 -3.389885
v -0.375040 -0.097267 -3.284132
v -0.331272 0.015771 -3.132690
v -0.310113 0.081121 -2.951281
v -0.313633 0.092387 -2.757661
v -0.341488 0.048466 -2.570785
v -0.390951 -0.046343 -2.408944
v -0.457181 -0.182759 -2.287981
v -0.533694 -0.347429 -2.219737
v -0.613001 -0.524234 -2.210891
v -0.687338 -0.695867 -2.262310
v -0.749430 -0.845527 -2.368960
v -0.793198 -0.958564 -2.520402
v -0.814357 -1.023914 -2.701811
v -0.810837 -1.035180 -2.895431
v -0.782982 -0.991259 -3.082307
v -0.733519 -0.896450 -3.244148
v -0.667289 -0.760034 -3.365111
v -0.590776 -0.595364 -3.433355
v -0.511469 -0.418560 -3.442201
v -0.437131 -0.246927 -3.390782
v -0.238317 -0.162275 -3.277305
v -0.203409 -0.043769 -3.127754
v -0.192272 0.027876 -2.947836
v -0.205996 0.045647 -2.755161
v -0.243239 0.007803 -2.568590
v -0.300353 -0.081950 -2.406386
v -0.371749 -0.214827 -2.284427
v -0.450437 -0.377821 -2.214651
v -0.528716 -0.554977 -2.203887
v -0.598923 -0.728954 -2.253190
v -0.654185 -0.882722 -2.357734
v -0.689093 -1.001228 -2.507285
v -0.700230 -1.072873 -2.687203
v -0.686506 -1.090644 -2.879878
v -0.649264 -1.052800 -3.066449
v -0.592150 -0.963047 -3.228653
v -0.520754 -0.830170 -3.350612
v -0.442065 -0.667176 -3.420388
v -0.363786 -0.490020 -3.431152
v -0.293579 -0.316043 -3.381849
v -0.102173 -0.225549 -3.261207
v -0.075993 -0.101748 -3.114184
v -0.074824 -0.023958 -2.936491
v -0.098780 0.000207 -2.745520
v -0.145516 -0.031619 -2.559965
v -0.210459 -0.116320 -2.397990
v -0.287250 -0.245606 -2.275450
v -0.368372 -0.406821 -2.204340
v -0.445886 -0.584184 -2.191620
v -0.512203 -0.760333 -2.238537
v -0.560832 -0.918027 -2.340497
v -0.587012 -1.041828 -2.487519
v -0.588182 -1.119618 -2.665213
v -0.564226 -1.143783 -2.856184
v -0.517489 -1.111957 -3.041738
v -0.452547 -1.027256 -3.203713
v -0.375756 -0.897970 -3.326254
v -0.294633 -0.736755 -3.397364
v -0.217119 -0.559392 -3.410083
v -0.150802 -0.383243 -3.363167
v 0.032721 -0.286858 -3.235959
v 0.050341 -0.157946 -3.092087
v 0.041641 -0.074175 -2.917346
v 0.007474 -0.043744 -2.728840
v -0.048817 -0.069633 -2.545023
v -0.121720 -0.149306 -2.383886
v -0.204101 -0.274966 -2.261204
v -0.287894 -0.434311 -2.188985
v -0.364897 -0.611744 -2.174299
v -0.427574 -0.789897 -2.218583
v -0.469788 -0.951330 -2.317503
v -0.487408 -1.080242 -2.461375
v -0.478708 -1.164013 -2.636116
v -0.444541 -1.194444 -2.824621
v -0.388250 -1.168555 -3.008439
v -0.315346 -1.088882 -3.169575
v -0.232966 -0.963222 -3.292257
v -0.149173 -0.803877 -3.364476
v -0.072170 -0.626444 -3.379162
v -0.009493 -0.448291 -3.334878
v 0.165709 -0.345975 -3.201741
v 0.174967 -0.212147 -3.061626
v 0.156540 -0.122574 -2.890556
v 0.112231 -0.086024 -2.705277
v 0.046377 -0.106075 -2.523924
v -0.034576 -0.180765 -2.364249
v -0.122702 -0.302782 -2.241884
v -0.209377 -0.460182 -2.168805
v -0.286115 -0.637558 -2.152166
v -0.345404 -0.817547 -2.193596
v -0.381442 -0.982530 -2.289040
v -0.390701 -1.116358 -2.429154
v -0.372273 -1.205931 -2.600224
v -0.327964 -1.242481 -2.785503
v -0.262110 -1.222429 -2.966857
v -0.181158 -1.147740 -3.126531
v -0.093031 -1.025723 -3.248897
v -0.006357 -0.868323 -3.321976
v 0.070381 -0.690947 -3.338614
v 0.129671 -0.510958 -3.297184
v 0.296151 -0.402679 -3.158791
v 0.297280 -0.264138 -3.023023
v 0.269308 -0.168957 -2.856332
v 0.214975 -0.126454 -2.675034
v 0.139598 -0.140790 -2.496875
v 0.050557 -0.210560 -2.339295
v -0.043434 -0.328936 -2.217719
v -0.133172 -0.484330 -2.144047
v -0.209875 -0.661531 -2.125492
v -0.266034 -0.843193 -2.163870
v -0.296151 -1.011534 -2.255423
v -0.297280 -1.150076 -2.391190
v -0.269308 -1.245256 -2.557881
v -0.214975 -1.287759 -2.739180
v -0.139598 -1.273424 -2.917339
v -0.050557 -1.203653 -3.074919
v 0.043434 -1.085277 -3.196495
v 0.133172 -0.929883 -3.270166
v 0.209875 -0.752682 -3.288721
v 0.266034 -0.571020 -3.250344
v 0.423433 -0.456756 -3.107403
v 0.416691 -0.313713 -2.976555
v 0.379399 -0.213134 -2.814935
v 0.315208 -0.164863 -2.638364
v 0.230401 -0.173626 -2.464127
v 0.133279 -0.238564 -2.309278
v 0.033350 -0.353321 -2.188976
v -0.059605 -0.506664 -2.114995
v -0.136487 -0.683582 -2.094579
v -0.189769 -0.866758 -2.129726
v -0.214237 -1.038261 -2.216994
v -0.207495 -1.181303 -2.347842
v -0.170203 -1.281882 -2.509462
v -0.106012 -1.330153 -2.686032
v -0.021205 -1.321391 -2.860270
v 0.075917 -1.256453 -3.015119
v 0.175846 -1.141696 -3.135421
v 0.268801 -0.988353 -3.209401
v 0.345683 -0.811435 -3.229818
v 0.398965 -0.628259 -3.194671
v 0.546968 -0.507995 -3.047926
v 0.532644 -0.360674 -2.922549
v 0.486295 -0.254921 -2.766678
v 0.412460 -0.201086 -2.595570
v 0.318365 -0.204440 -2.425975
v 0.213221 -0.264654 -2.274493
v 0.107321 -0.375835 -2.155952
v 0.011030 -0.527098 -2.081957
v -0.066225 -0.703637 -2.059750
v -0.116883 -0.888172 -2.091506
v -0.135985 -1.062639 -2.174115
v -0.121660 -1.209959 -2.299491
v -0.075312 -1.315713 -2.455362
v -0.001476 -1.369548 -2.626470
v 0.092618 -1.366194 -2.796066
v 0.197762 -1.305979 -2.947548
v 0.303662 -1.194799 -3.066088
v 0.399953 -1.043536 -3.140083
v 0.477209 -0.866996 -3.162290
v 0.527867 -0.682462 -3.130535
v 0.666203 -0.556196 -2.980760
v 0.644610 -0.404829 -2.861388
v 0.589507 -0.294142 -2.711924
v 0.506288 -0.234968 -2.546997
v 0.403100 -0.233100 -2.382752
v 0.290043 -0.288722 -2.235266
v 0.178184 -0.396388 -2.118976
v 0.078472 -0.545559 -2.045266
v 0.000669 -0.721634 -2.021350
v -0.047611 -0.907377 -2.049570
v -0.061641 -1.084606 -2.127163
v -0.040047 -1.235973 -2.246535
v 0.015056 -1.346661 -2.395999
v 0.098275 -1.405835 -2.560926
v 0.201463 -1.407703 -2.725171
v 0.314520 -1.352081 -2.872657
v 0.426379 -1.244415 -2.988947
v 0.526090 -1.095244 -3.062657
v 0.603894 -0.919169 -3.086573
v 0.652173 -0.733426 -3.058353
v 0.780623 -0.601168 -2.906355
v 0.752098 -0.445996 -2.793502
v 0.688579 -0.330630 -2.651081
v 0.596284 -0.266361 -2.493034
v 0.484248 -0.259482 -2.334831
v 0.363436 -0.310665 -2.191958
v 0.245676 -0.414900 -2.078401
v 0.142494 -0.561984 -2.005275
v 0.063990 -0.737520 -1.979739
v 0.017850 -0.924325 -2.004291
v 0.008589 -1.104112 -2.076530
v 0.037113 -1.259284 -2.189383
v 0.100632 -1.374651 -2.331804
v 0.192927 -1.438919 -2.489851
v 0.304964 -1.445799 -2.648054
v 0.425775 -1.394616 -2.790927
v 0.543536 -1.290380 -2.904484
v 0.646718 -1.143296 -2.977610
v 0.725221 -0.967760 -3.003146
v 0.771362 -0.780955 -2.978593
v 0.889755 -0.642727 -2.825208
v 0.854659 -0.484002 -2.719366
v 0.783099 -0.364229 -2.584602
v 0.682079 -0.295131 -2.434109
v 0.561488 -0.283472 -2.282617
v 0.433131 -0.330394 -2.144956
v 0.309572 -0.431303 -2.034601
v 0.202905 -0.576321 -1.962354
v 0.123573 -0.751254 -1.935288
v 0.079340 -0.938977 -1.956051
v 0.074536 -1.121116 -2.022611
v 0.109632 -1.279840 -2.128453
v 0.181192 -1.399613 -2.263217
v 0.282212 -1.468711 -2.413710
v 0.402803 -1.480370 -2.565202
v 0.531160 -1.433449 -2.702863
v 0.654719 -1.332540 -2.813218
v 0.761386 -1.187521 -2.885465
v 0.840719 -1.012589 -2.912531
v 0.884952 -0.824865 -2.891768
v 0.993174 -0.680702 -2.737858
v 0.951888 -0.518688 -2.639498
v 0.872695 -0.394796 -2.512979
v 0.763345 -0.321155 -2.370685
v 0.634543 -0.304972 -2.226547
v 0.498897 -0.347832 -2.094672
v 0.369685 -0.445539 -1.987970
v 0.259555 -0.588529 -1.916885
v 0.179288 -0.762805 -1.888376
v 0.136739 -0.951307 -1.905233
v 0.136076 -1.135585 -1.965806
v 0.177361 -1.297599 -2.064166
v 0.256555 -1.421490 -2.190685
v 0.365905 -1.495131 -2.332979
v 0.494707 -1.511314 -2.477117
v 0.630353 -1.468454 -2.608992
v 0.759565 -1.370747 -2.715694
v 0.869695 -1.227758 -2.786779
v 0.949962 -1.053482 -2.815288
v 0.992510 -0.864979 -2.798431
v 1.090504 -0.714933 -2.644883
v 1.043430 -0.549904 -2.554455
v 0.957044 -0.422201 -2.436739
v 0.839800 -0.344324 -2.303259
v 0.703176 -0.323895 -2.167082
v 0.560546 -0.362915 -2.041536
v 0.425870 -0.457565 -1.938912
v 0.312332 -0.598578 -1.869255
v 0.231047 -0.772153 -1.839383
v 0.189970 -0.961297 -1.852220
v 0.193122 -1.147497 -1.906511
v 0.240196 -1.312525 -1.996939
v 0.326582 -1.440229 -2.114655
v 0.443826 -1.518106 -2.248135
v 0.580450 -1.538535 -2.384312
v 0.723080 -1.499514 -2.509858
v 0.857756 -1.404865 -2.612482
v 0.971294 -1.263852 -2.682139
v 1.052579 -1.090277 -2.712011
v 1.093656 -0.901133 -2.699174
v 1.181423 -0.745276 -2.546899
v 1.128983 -0.577519 -2.464828
v 1.035874 -0.446328 -2.356443
v 0.911212 -0.364542 -2.232353
v 0.767199 -0.340169 -2.104706
v 0.617932 -0.375594 -1.985995
v 0.478022 -0.467349 -1.887842
v 0.361165 -0.606452 -1.819854
v 0.278800 -0.779288 -1.788686
v 0.238988 -0.968938 -1.797390
v 0.245628 -1.156837 -1.845113
v 0.298068 -1.324594 -1.927183
v 0.391177 -1.455785 -2.035568
v 0.515839 -1.537571 -2.159658
v 0.659852 -1.561944 -2.287306
v 0.809119 -1.526519 -2.406016
v 0.949029 -1.434764 -2.504169
v 1.065886 -1.295661 -2.572157
v 1.148251 -1.122825 -2.603325
v 1.188063 -0.933175 -2.594621
v 1.265669 -0.771599 -2.444548
v 1.208300 -0.601416 -2.371238
v 1.108969 -0.467077 -2.272677
v 0.977400 -0.381734 -2.158512
v 0.826471 -0.353738 -2.039917
v 0.670957 -0.385832 -1.928503
v 0.526080 -0.474873 -1.835175
v 0.406022 -0.612146 -1.769069
v 0.322535 -0.784212 -1.736655
v 0.283791 -0.974230 -1.741107
v 0.293583 -1.163599 -1.781988
v 0.350952 -1.333782 -1.855298
v 0.450283 -1.468121 -1.953859
v 0.581852 -1.553465 -2.068025
v 0.732780 -1.581460 -2.186619
v 0.888294 -1.549366 -2.298033
v 1.033171 -1.460325 -2.391361
v 1.153229 -1.323053 -2.457467
v 1.236717 -1.150986 -2.489881
v 1.275460 -0.960968 -2.485429
v 1.343036 -0.793790 -2.338502
v 1.281194 -0.621495 -2.274332
v 1.176168 -0.484370 -2.186049
v 1.038237 -0.395837 -2.082295
v 0.880904 -0.364564 -1.973226
v 0.719569 -0.393610 -1.869518
v 0.570026 -0.480134 -1.781324
v 0.446911 -0.615664 -1.717277
v 0.362278 -0.786935 -1.683644
v 0.324410 -0.977182 -1.683720
v 0.337013 -1.167781 -1.717496
v 0.398855 -1.340076 -1.781666
v 0.503882 -1.477201 -1.869949
v 0.641813 -1.565733 -1.973703
v 0.799146 -1.597007 -2.082772
v 0.960480 -1.567960 -2.186480
v 1.110024 -1.481437 -2.274674
v 1.233138 -1.345906 -2.338721
v 1.317772 -1.174635 -2.372354
v 1.355640 -0.984389 -2.372278
v 1.413386 -0.811753 -2.229452
v 1.347542 -0.637677 -2.174772
v 1.237370 -0.498144 -2.097181
v 1.093653 -0.406814 -2.004273
v 0.930459 -0.372625 -1.905144
v 0.763762 -0.398925 -1.809496
v 0.609881 -0.483140 -1.726693
v 0.483879 -0.617025 -1.664840
v 0.398088 -0.787475 -1.629991
v 0.360907 -0.977806 -1.625558
v 0.375976 -1.169386 -1.651974
v 0.441820 -1.343462 -1.706654
v 0.551992 -1.482994 -1.784246
v 0.695709 -1.574325 -1.877153
v 0.858903 -1.608513 -1.976283
v 1.025600 -1.582213 -2.071930
v 1.179481 -1.497999 -2.154733
v 1.305483 -1.364114 -2.216586
v 1.391274 -1.193664 -2.251435
v 1.428455 -1.003333 -2.255868
v 1.476642 -0.825416 -2.118105
v 1.407284 -0.649905 -2.073237
v 1.292537 -0.508363 -2.006704
v 1.143634 -0.414643 -1.925021
v 0.975150 -0.377921 -1.836182
v 0.803578 -0.401790 -1.748883
v 0.645712 -0.483914 -1.671671
v 0.517006 -0.616255 -1.612102
v 0.430057 -0.785858 -1.576009
v 0.393379 -0.976120 -1.566924
v 0.410559 -1.168419 -1.585736
v 0.479918 -1.343929 -1.630605
v 0.594665 -1.485472 -1.697137
v 0.743568 -1.579192 -1.778820
v 0.912052 -1.615914 -1.867660
v 1.083624 -1.592045 -1.954958
v 1.241489 -1.509920 -2.032171
v 1.370196 -1.377580 -2.091739
v 1.457144 -1.207977 -2.127832
v 1.493823 -1.017714 -2.136917
v 1.532797 -0.834728 -2.005176
v 1.460423 -0.658147 -1.970409
v 1.341691 -0.515009 -1.915253
v 1.188223 -0.419328 -1.845108
v 1.015042 -0.380467 -1.766840
v 0.839100 -0.402232 -1.688110
v 0.677619 -0.482492 -1.616624
v 0.546407 -0.613390 -1.559382
v 0.458307 -0.782113 -1.521984
v 0.421943 -0.972146 -1.508094
v 0.440874 -1.164886 -1.519069
v 0.513249 -1.341468 -1.553836
v 0.631981 -1.484605 -1.608992
v 0.785449 -1.580287 -1.679137
v 0.958630 -1.619147 -1.757405
v 1.134572 -1.597382 -1.836135
v 1.296053 -1.517123 -1.907620
v 1.427265 -1.386225 -1.964863
v 1.515365 -1.217501 -2.002260
v 1.551729 -1.027469 -2.016151
v 1.581911 -0.839664 -1.891382
v 1.507032 -0.662394 -1.866970
v 1.384918 -0.518095 -1.823454
v 1.227521 -0.420893 -1.765094
v 1.050251 -0.380302 -1.697601
v 0.870458 -0.400296 -1.627584
v 0.705742 -0.478918 -1.561896
v 0.572226 -0.608472 -1.506966
v 0.482981 -0.776276 -1.468172
v 0.446742 -0.965904 -1.449311
v 0.467057 -1.158794 -1.452229
v 0.541936 -1.336065 -1.476641
v 0.664050 -1.480363 -1.520157
v 0.821446 -1.577566 -1.578518
v 0.998717 -1.618156 -1.646010
v 1.178510 -1.598162 -1.716028
v 1.343226 -1.519540 -1.781716
v 1.476741 -1.389986 -1.836646
v 1.565987 -1.222182 -1.875440
v 1.602226 -1.032554 -1.894301
v 1.624112 -0.840228 -1.777438
v 1.547248 -0.662667 -1.763595
v 1.422363 -0.517655 -1.731921
v 1.261684 -0.419387 -1.685517
v 1.080938 -0.377482 -1.628926
v 0.897818 -0.396042 -1.567686
v 0.730249 -0.473250 -1.507793
v 0.594633 -0.601550 -1.455109
v 0.504247 -0.768380 -1.414792
v 0.467937 -0.957412 -1.390787
v 0.489258 -1.150142 -1.385444
v 0.566122 -1.327703 -1.399287
v 0.691007 -1.472715 -1.430961
v 0.851686 -1.570983 -1.477365
v 1.032432 -1.612888 -1.533956
v 1.215552 -1.594327 -1.595195
v 1.383121 -1.517119 -1.655089
v 1.518737 -1.388820 -1.707773
v 1.609123 -1.221989 -1.748090
v 1.645433 -1.032957 -1.772095
v 1.659597 -0.836452 -1.664042
v 1.581273 -0.659016 -1.660937
v 1.454235 -0.513753 -1.641244
v 1.290918 -0.414882 -1.606891
v 1.107311 -0.372082 -1.561241
v 0.921384 -0.389541 -1.508761
v 0.751338 -0.465551 -1.454589
v 0.613818 -0.592672 -1.404028
v 0.522286 -0.758459 -1.362027
v 0.485701 -0.946685 -1.332698
v 0.507644 -1.138925 -1.318910
v 0.585969 -1.316361 -1.322015
v 0.713007 -1.461624 -1.341707
v 0.876323 -1.560494 -1.376060
v 1.059931 -1.603295 -1.421711
v 1.245858 -1.585836 -1.474191
v 1.415904 -1.509826 -1.528362
v 1.553423 -1.382705 -1.578923
v 1.644956 -1.216918 -1.620924
v 1.681541 -1.028691 -1.650254
v 1.688628 -0.828402 -1.551873
v 1.609372 -0.651524 -1.559627
v 1.480794 -0.506482 -1.551985
v 1.315481 -0.407475 -1.529693
v 1.129614 -0.364194 -1.494935
v 0.941388 -0.380876 -1.451112
v 0.769228 -0.455888 -1.402514
v 0.629985 -0.581887 -1.353899
v 0.537290 -0.746539 -1.310024
v 0.500216 -0.933728 -1.275186
v 0.522393 -1.125129 -1.252793
v 0.601649 -1.302008 -1.245039
v 0.730227 -1.447050 -1.252682
v 0.895540 -1.546057 -1.274973
v 1.081407 -1.589337 -1.309732
v 1.269633 -1.572656 -1.353555
v 1.441793 -1.497644 -1.402152
v 1.581036 -1.371645 -1.450768
v 1.673731 -1.206992 -1.494642
v 1.710805 -1.019804 -1.529481
v 1.711533 -0.816180 -1.441582
v 1.631869 -0.640304 -1.460261
v 1.502355 -0.495962 -1.464663
v 1.335670 -0.397283 -1.454357
v 1.148128 -0.353928 -1.430352
v 0.958089 -0.370139 -1.394997
v 0.784154 -0.444331 -1.351754
v 0.643349 -0.569240 -1.304854
v 0.549458 -0.732640 -1.258890
v 0.511671 -0.918536 -1.218360
v 0.533687 -1.108730 -1.187232
v 0.613350 -1.284607 -1.168553
v 0.742864 -1.428949 -1.164151
v 0.909550 -1.527627 -1.174457
v 1.097091 -1.570983 -1.198462
v 1.287131 -1.554771 -1.233817
v 1.461066 -1.480580 -1.277060
v 1.601870 -1.355670 -1.323960
v 1.695761 -1.192271 -1.369924
v 1.733548 -1.006375 -1.410454
v 1.728697 -0.799921 -1.333777
v 1.649143 -0.625502 -1.363388
v 1.519280 -0.482339 -1.379752
v 1.351822 -0.384445 -1.381266
v 1.163160 -0.341403 -1.367784
v 0.971762 -0.357426 -1.340625
v 0.796362 -0.430947 -1.302446
v 0.654131 -0.554767 -1.256987
v 0.558991 -0.716767 -1.208695
v 0.520255 -0.901090 -1.162299
v 0.541715 -1.089691 -1.122340
v 0.621269 -1.264110 -1.092730
v 0.751132 -1.407274 -1.076366
v 0.918590 -1.505167 -1.074851
v 1.107252 -1.548209 -1.088333
v 1.298650 -1.532186 -1.115493
v 1.474050 -1.458665 -1.153671
v 1.616281 -1.334845 -1.199131
v 1.711421 -1.172845 -1.247422
v 1.750157 -0.988523 -1.293818
v 1.740563 -0.779799 -1.229023
v 1.661619 -0.607298 -1.269506
v 1.531969 -0.465786 -1.297667
v 1.364304 -0.369115 -1.310748
v 1.175037 -0.326749 -1.307469
v 0.982694 -0.342834 -1.288150
v 0.806103 -0.415796 -1.254684
v 0.662550 -0.538492 -1.210345
v 0.566087 -0.698913 -1.159475
v 0.526157 -0.881355 -1.107052
v 0.546668 -1.067960 -1.058208
v 0.625612 -1.240461 -1.017725
v 0.755262 -1.381973 -0.989564
v 0.922927 -1.478644 -0.976483
v 1.112194 -1.521010 -0.979762
v 1.304537 -1.504925 -0.999081
v 1.481128 -1.431963 -1.032547
v 1.624681 -1.309267 -1.076886
v 1.721144 -1.148846 -1.127756
v 1.761074 -0.966404 -1.180179
v 1.747619 -0.756023 -1.127823
v 1.669764 -0.585900 -1.179053
v 1.540852 -0.446499 -1.218762
v 1.373503 -0.351465 -1.243065
v 1.184098 -0.310100 -1.249582
v 0.991177 -0.326455 -1.237675
v 0.813625 -0.398927 -1.208510
v 0.668821 -0.520423 -1.164941
v 0.570940 -0.679051 -1.111234
v 0.529563 -0.859281 -1.052645
v 0.548741 -1.043473 -0.994910
v 0.626596 -1.213596 -0.943681
v 0.755508 -1.352998 -0.903971
v 0.922856 -1.448032 -0.879668
v 1.112261 -1.489396 -0.873151
v 1.305182 -1.473042 -0.885058
v 1.482735 -1.400569 -0.914223
v 1.627539 -1.279073 -0.957792
v 1.725420 -1.120446 -1.011499
v 1.766796 -0.940215 -1.070088
v 1.750391 -0.728840 -1.030616
v 1.674073 -0.561548 -1.092393
v 1.546383 -0.424692 -1.143322
v 1.379820 -0.331671 -1.178416
v 1.190689 -0.291590 -1.194241
v 0.997502 -0.308372 -1.189247
v 0.819170 -0.380374 -1.163924
v 0.673150 -0.500549 -1.120749
v 0.573735 -0.657132 -1.063951
v 0.530657 -0.834797 -0.999087
v 0.548132 -1.016152 -0.932508
v 0.624450 -1.183445 -0.870731
v 0.752140 -1.320300 -0.819802
v 0.918703 -1.413321 -0.784708
v 1.107834 -1.453402 -0.768883
v 1.301021 -1.436620 -0.773877
v 1.479353 -1.364618 -0.799200
v 1.625373 -1.244443 -0.842375
v 1.724788 -1.087860 -0.899173
v 1.767866 -0.910195 -0.964037
v 1.749436 -0.698529 -0.937767
v 1.675065 -0.534501 -1.009820
v 1.549026 -0.400595 -1.071554
v 1.383658 -0.309918 -1.116927
v 1.195148 -0.271346 -1.141498
v 1.001947 -0.288655 -1.142861
v 0.822969 -0.360150 -1.120883
v 0.675733 -0.478833 -1.077715
v 0.574651 -0.633088 -1.017582
v 0.529619 -0.807813 -0.946372
v 0.545043 -0.985906 -0.871054
v 0.619414 -1.149933 -0.799002
v 0.745452 -1.283840 -0.737267
v 0.910821 -1.374517 -0.691894
v 1.099331 -1.413089 -0.667323
v 1.292531 -1.395780 -0.665960
v 1.471509 -1.324285 -0.687939
v 1.618746 -1.205601 -0.731107
v 1.719827 -1.051347 -0.791239
v 1.764860 -0.876622 -0.862449
v 1.745327 -0.665397 -0.849561
v 1.673264 -0.505042 -0.931543
v 1.549247 -0.374443 -1.003593
v 1.385415 -0.286383 -1.058658
v 1.197805 -0.249481 -1.091349
v 1.004782 -0.267351 -1.098464
v 0.825241 -0.338243 -1.079308
v 0.676756 -0.455218 -1.035756
v 0.573861 -0.606825 -0.972071
v 0.526630 -0.778224 -0.894486
v 0.539684 -0.952637 -0.810597
v 0.611747 -1.112992 -0.728615
v 0.735765 -1.243591 -0.656565
v 0.899597 -1.331651 -0.601500
v 1.087206 -1.368553 -0.568809
v 1.280229 -1.350683 -0.561694
v 1.459771 -1.279791 -0.580850
v 1.608256 -1.162816 -0.624402
v 1.711150 -1.011209 -0.688087
v 1.758382 -0.839810 -0.765672
v 1.738642 -0.629777 -0.766196
v 1.669194 -0.473465 -0.857690
v 1.547500 -0.346474 -0.939494
v 1.385473 -0.261236 -1.003599
v 1.198974 -0.226093 -1.043731
v 1.006257 -0.244487 -1.055961
v 0.826187 -0.314617 -1.039092
v 0.676391 -0.429617 -0.994775
v 0.571532 -0.578231 -0.927349
v 0.521875 -0.745911 -0.843414
v 0.532279 -0.916244 -0.751185
v 0.601727 -1.072556 -0.659691
v 0.723421 -1.199547 -0.577887
v 0.885447 -1.284785 -0.513782
v 1.071947 -1.319927 -0.473650
v 1.264664 -1.301534 -0.461420
v 1.444734 -1.231404 -0.478289
v 1.594530 -1.116404 -0.522605
v 1.699389 -0.967790 -0.590032
v 1.749046 -0.800110 -0.673967
v 1.729950 -0.592018 -0.687784
v 1.663363 -0.440067 -0.788305
v 1.544224 -0.316919 -0.879236
v 1.384196 -0.234629 -0.951674
v 1.198944 -0.201254 -0.998530
v 1.006601 -0.220058 -1.015216
v 0.825996 -0.289202 -1.000100
v 0.674807 -0.401918 -0.954661
v 0.567833 -0.547172 -0.883347
v 0.515546 -0.710745 -0.793138
v 0.523065 -0.876627 -0.692866
v 0.589653 -1.028578 -0.592344
v 0.708791 -1.151726 -0.501414
v 0.868819 -1.234016 -0.428975
v 1.054071 -1.267391 -0.382120
v 1.246414 -1.248587 -0.365433
v 1.427019 -1.179443 -0.380549
v 1.578208 -1.066727 -0.425988
v 1.685182 -0.921473 -0.497303
v 1.737469 -0.757900 -0.587511
v 1.719801 -0.552479 -0.614347
v 1.656253 -0.405143 -0.723349
v 1.539826 -0.285993 -0.822727
v 1.381917 -0.206693 -0.902751
v 1.197982 -0.175004 -0.955588
v 1.006028 -0.194029 -0.976068
v 0.824844 -0.261905 -0.962184
v 0.672165 -0.371988 -0.915295
v 0.562936 -0.513503 -0.839993
v 0.507850 -0.672597 -0.743647
v 0.512299 -0.833696 -0.635689
v 0.575847 -0.981032 -0.526687
v 0.692275 -1.100181 -0.427310
v 0.850184 -1.179482 -0.347286
v 1.034118 -1.211171 -0.294448
v 1.226072 -1.192146 -0.273969
v 1.407257 -1.124270 -0.287853
v 1.559936 -1.014187 -0.334741
v 1.669164 -0.872672 -0.410043
v 1.724250 -0.713578 -0.506389
v 1.708711 -0.511516 -0.545822
v 1.648313 -0.368976 -0.662706
v 1.534680 -0.253890 -0.769808
v 1.378938 -0.177525 -0.856643
v 1.196330 -0.147354 -0.914711
v 1.004732 -0.166332 -0.938327
v 0.822898 -0.232601 -0.925181
v 0.668629 -0.339673 -0.876560
v 0.557024 -0.477069 -0.797221
v 0.499008 -0.631338 -0.694932
v 0.500261 -0.787380 -0.579706
v 0.560660 -0.929920 -0.462821
v 0.674292 -1.045006 -0.355720
v 0.830035 -1.121371 -0.268885
v 1.012643 -1.151542 -0.210817
v 1.204241 -1.132564 -0.187200
v 1.386074 -1.066295 -0.200346
v 1.540344 -0.959223 -0.248968
v 1.651949 -0.821827 -0.328307
v 1.709964 -0.667558 -0.430595
v 1.697154 -0.469478 -0.482063
v 1.639947 -0.331826 -0.606188
v 1.529122 -0.220773 -0.720263
v 1.375530 -0.147189 -0.813121
v 1.194204 -0.118278 -0.875672
v 1.002893 -0.136869 -0.901793
v 0.820325 -0.201143 -0.888929
v 0.664370 -0.304808 -0.838337
v 0.550295 -0.437716 -0.754970
v 0.489266 -0.586858 -0.646989
v 0.487256 -0.737634 -0.524963
v 0.544464 -0.875286 -0.400838
v 0.655288 -0.986339 -0.286764
v 0.808880 -1.059922 -0.193906
v 0.990207 -1.088834 -0.131355
v 1.181517 -1.070243 -0.105234
v 1.364085 -1.005969 -0.118098
v 1.520040 -0.902304 -0.168690
v 1.634115 -0.769396 -0.252057
v 1.695144 -0.620254 -0.360038
v 1.685550 -0.426691 -0.422853
v 1.631511 -0.293923 -0.553545
v 1.523445 -0.186768 -0.673825
v 1.371931 -0.115713 -0.771919
v 1.191800 -0.087715 -0.838225
v 1.000683 -0.105514 -0.866253
v 0.817290 -0.167367 -0.853258
v 0.659572 -0.267220 -0.800513
v 0.542967 -0.395299 -0.713182
v 0.478890 -0.539067 -0.599812
v 0.473612 -0.684450 -0.471501
v 0.527651 -0.817217 -0.340809
v 0.635717 -0.924373 -0.220529
v 0.787231 -0.995427 -0.122435
v 0.967363 -1.023426 -0.056129
v 1.158479 -1.005627 -0.028102
v 1.341872 -0.943774 -0.041096
v 1.499591 -0.843920 -0.093841
v 1.616196 -0.715841 -0.181173
v 1.680273 -0.572074 -0.294543
v 1.674265 -0.383450 -0.367909
v 1.623313 -0.255459 -0.504474
v 1.517902 -0.151960 -0.630188
v 1.368351 -0.083083 -0.732746
v 1.189299 -0.055570 -0.802109
v 0.998273 -0.072115 -0.831487
v 0.813972 -0.131098 -0.818004
v 0.654436 -0.226746 -0.762980
v 0.535282 -0.349695 -0.671801
v 0.468174 -0.487912 -0.553393
v 0.459680 -0.627865 -0.419345
v 0.510633 -0.755855 -0.282780
v 0.616044 -0.859355 -0.157066
v 0.765595 -0.928232 -0.054508
v 0.944647 -0.955745 0.014855
v 1.135673 -0.939199 0.044233
v 1.319974 -0.880216 0.030750
v 1.479510 -0.784569 -0.024274
v 1.598663 -0.661619 -0.115453
v 1.665771 -0.523403 -0.233861
v 1.663602 -0.340014 -0.316891
v 1.615606 -0.216583 -0.458627
v 1.512706 -0.116392 -0.589015
v 1.364974 -0.049247 -0.695291
v 1.186873 -0.021721 -0.767054
v 0.995834 -0.036509 -0.797277
v 0.810560 -0.092163 -0.783003
v 0.649185 -0.183235 -0.725629
v 0.527506 -0.300810 -0.630771
v 0.457434 -0.433380 -0.507714
v 0.445829 -0.567967 -0.368505
v 0.493825 -0.691398 -0.226769
v 0.596725 -0.791589 -0.096381
v 0.744457 -0.858734 0.009896
v 0.922558 -0.886260 0.081658
v 1.113597 -0.871472 0.111881
v 1.298871 -0.815818 0.097607
v 1.460246 -0.724746 0.040233
v 1.581925 -0.607171 -0.054625
v 1.651997 -0.474601 -0.177681
v 1.653807 -0.296592 -0.269420
v 1.608600 -0.177396 -0.415627
v 1.508039 -0.080062 -0.549946
v 1.361969 -0.014120 -0.659230
v 1.184689 0.013976 -0.732781
v 0.993550 0.001476 -0.763400
v 0.807264 -0.050396 -0.748090
v 0.644065 -0.136564 -0.688348
v 0.519928 -0.248591 -0.590024
v 0.447005 -0.375513 -0.462742
v 0.432434 -0.504906 -0.318960
v 0.477642 -0.624102 -0.172754
v 0.578202 -0.721435 -0.038435
v 0.724272 -0.787378 0.070849
v 0.901553 -0.815474 0.144400
v 1.092691 -0.802974 0.175019
v 1.278978 -0.751102 0.159709
v 1.442177 -0.664934 0.099968
v 1.566313 -0.552906 0.001643
v 1.639236 -0.425984 -0.125639
v 1.645067 -0.253345 -0.225085
v 1.602459 -0.137948 -0.375071
v 1.504057 -0.042929 -0.512607
v 1.359493 0.022413 -0.624229
v 1.182917 0.051680 -0.699010
v 0.991615 0.042008 -0.729632
v 0.804312 -0.005657 -0.713095
v 0.639343 -0.086648 -0.651020
v 0.512856 -0.193037 -0.549481
v 0.437232 -0.314412 -0.418420
v 0.419875 -0.438889 -0.270664
v 0.462482 -0.554286 -0.120677
v 0.560885 -0.649305 0.016858
v 0.705449 -0.714647 0.128480
v 0.882024 -0.743914 0.203262
v 1.073327 -0.734242 0.233883
v 1.260630 -0.686577 0.217347
v 1.425599 -0.605586 0.155271
v 1.552086 -0.499197 0.053733
v 1.627709 -0.377823 -0.077329
v 1.637520 -0.210377 -0.183450
v 1.597315 -0.098247 -0.336545
v 1.500895 -0.004914 -0.476615
v 1.357696 0.060485 -0.589950
v 1.181737 0.091548 -0.665456
v 0.990241 0.085234 -0.695742
v 0.801953 0.042162 -0.677843
v 0.635305 -0.033452 -0.613510
v 0.506609 -0.134206 -0.509042
v 0.428462 -0.250239 -0.374665
v 0.408515 -0.370192 -0.223532
v 0.448720 -0.482323 -0.070437
v 0.545140 -0.575656 0.069633
v 0.688339 -0.641054 0.182969
v 0.864298 -0.672117 0.258475
v 1.055794 -0.665804 0.288760
v 1.244082 -0.622732 0.270861
v 1.410730 -0.547118 0.206529
v 1.539426 -0.446363 0.102061
v 1.617573 -0.330330 -0.032317
v 1.631261 -0.167742 -0.144069
v 1.593272 -0.058253 -0.299622
v 1.498676 0.034088 -0.441581
v 1.356732 0.100241 -0.556052
v 1.181335 0.133730 -0.631828
v 0.989653 0.131278 -0.661492
v 0.800451 0.093123 -0.642141
v 0.632248 0.023003 -0.575669
v 0.501509 -0.072221 -0.468582
v 0.421032 -0.183227 -0.331363
v 0.398695 -0.299148 -0.177444
v 0.436684 -0.408638 -0.021892
v 0.531281 -0.500979 0.120068
v 0.673225 -0.567132 0.234538
v 0.848622 -0.600621 0.310314
v 1.040303 -0.598168 0.339978
v 1.229506 -0.560014 0.320627
v 1.397709 -0.489893 0.254155
v 1.528447 -0.394669 0.147068
v 1.608924 -0.283664 0.009850
v 1.626352 -0.125442 -0.106492
v 1.590414 -0.017892 -0.263874
v 1.497518 0.074201 -0.407111
v 1.356756 0.141823 -0.522182
v 1.181909 0.178353 -0.597823
v 0.990090 0.180218 -0.626629
v 0.800076 0.147233 -0.605781
v 0.630468 0.082628 -0.537319
v 0.497868 -0.007274 -0.427945
v 0.415255 -0.113672 -0.288366
v 0.390716 -0.226150 -0.132244
v 0.426654 -0.333700 0.025138
v 0.519550 -0.425793 0.168376
v 0.660312 -0.493415 0.283447
v 0.835159 -0.529946 0.359087
v 1.026978 -0.531810 0.387893
v 1.216992 -0.498825 0.367045
v 1.386600 -0.434220 0.298583
v 1.519200 -0.344319 0.189210
v 1.601813 -0.237921 0.049630
v 1.622827 -0.083435 -0.070263
v 1.588812 0.022935 -0.228870
v 1.497535 0.115554 -0.372807
v 1.357930 0.185357 -0.487985
v 1.183664 0.225511 -0.563128
v 0.991793 0.232084 -0.590882
v 0.801101 0.204434 -0.568529
v 0.630253 0.145267 -0.498259
v 0.495973 0.060375 -0.386948
v 0.411405 -0.041932 -0.245494
v 0.384828 -0.151640 -0.087743
v 0.418843 -0.258010 0.070864
v 0.510120 -0.350629 0.214801
v 0.649725 -0.420432 0.329979
v 0.823991 -0.460585 0.405122
v 1.015862 -0.467159 0.432876
v 1.206554 -0.439509 0.410524
v 1.377402 -0.380342 0.340253
v 1.511682 -0.295450 0.228943
v 1.596250 -0.193143 0.087488
v 1.620707 -0.041644 -0.034932
v 1.588533 0.064345 -0.194177
v 1.498843 0.158273 -0.338264
v 1.360417 0.230945 -0.453089
v 1.186806 0.275248 -0.527413
v 0.995002 0.286845 -0.553959
v 0.803782 0.264601 -0.530129
v 0.631864 0.210693 -0.458257
v 0.496075 0.130399 -0.345376
v 0.409708 0.031577 -0.202538
v 0.381217 -0.076098 -0.043723
v 0.413391 -0.182087 0.115521
v 0.503081 -0.276014 0.259608
v 0.641507 -0.348687 0.374434
v 0.815118 -0.392990 0.448757
v 1.006922 -0.404587 0.475303
v 1.198142 -0.382343 0.451474
v 1.370061 -0.328435 0.379601
v 1.505849 -0.248141 0.266721
v 1.592216 -0.149319 0.123882
v 1.620000 0.000033 -0.000049
v 1.589637 0.106458 -0.159359
v 1.501556 0.202462 -0.303070
v 1.364379 0.278648 -0.417114
v 1.191534 0.327557 -0.490327
v 0.999941 0.344403 -0.515545
v 0.808353 0.327537 -0.490297
v 0.635525 0.278609 -0.417055
v 0.498375 0.202408 -0.302990
v 0.410327 0.106395 -0.159265
v 0.380000 -0.000033 0.000049
v 0.410363 -0.106458 0.159359
v 0.498444 -0.202462 0.303070
v 0.635621 -0.278648 0.417114
v 0.808466 -0.327557 0.490327
v 1.000059 -0.344403 0.515545
v 1.191647 -0.327537 0.490297
v 1.364475 -0.278609 0.417055
v 1.501625 -0.202408 0.302990
v 1.589673 -0.106395 0.159265
v 1.620708 0.041710 0.034834
v 1.592181 0.149383 -0.123976
v 1.505780 0.248196 -0.266800
v 1.369965 0.328477 -0.379658
v 1.198029 0.382366 -0.451503
v 1.006803 0.404590 -0.475302
v 0.815005 0.392972 -0.448726
v 0.641410 0.348650 -0.374375
v 0.503010 0.275963 -0.259528
v 0.413353 0.182025 -0.115427
v 0.381216 0.076031 0.043822
v 0.409744 -0.031642 0.202632
v 0.496144 -0.130455 0.345456
v 0.631959 -0.210735 0.458314
v 0.803895 -0.264625 0.530159
v 0.995121 -0.286848 0.553958
v 1.186919 -0.275231 0.527381
v 1.360514 -0.230909 0.453031
v 1.498914 -0.158221 0.338184
v 1.588571 -0.064283 0.194083
v 1.622830 0.083502 0.070165
v 1.596216 0.193209 -0.087581
v 1.511614 0.295508 -0.229021
v 1.377308 0.380387 -0.340309
v 1.206442 0.439536 -0.410552
v 1.015743 0.467165 -0.432874
v 0.823878 0.460571 -0.405090
v 0.649627 0.420398 -0.329920
v 0.510048 0.350579 -0.214721
v 0.418804 0.257948 -0.070770
v 0.384826 0.151573 0.087841
v 0.411439 0.041866 0.245587
v 0.496041 -0.060434 0.387027
v 0.630347 -0.145312 0.498315
v 0.801213 -0.204461 0.568558
v 0.991912 -0.232091 0.590880
v 1.183777 -0.225496 0.563096
v 1.358028 -0.185323 0.487926
v 1.497607 -0.115504 0.372727
v 1.588851 -0.022873 0.228776
v 1.626355 0.125510 0.106394
v 1.601780 0.237989 -0.049722
v 1.519133 0.344380 -0.189287
v 1.386506 0.434268 -0.298639
v 1.216880 0.498856 -0.367073
v 1.026860 0.531820 -0.387891
v 0.835045 0.529934 -0.359055
v 0.660214 0.493383 -0.283387
v 0.519478 0.425744 -0.168295
v 0.426614 0.333638 -0.025045
v 0.390713 0.226082 0.132341
v 0.415288 0.113604 0.288458
v 0.497935 0.007213 0.428023
v 0.630562 -0.082676 0.537374
v 0.800188 -0.147263 0.605808
v 0.990208 -0.180227 0.626626
v 1.182022 -0.178342 0.597790
v 1.356854 -0.141790 0.522123
v 1.497590 -0.074151 0.407031
v 1.590454 0.017954 0.263781
v 1.631266 0.167812 0.143973
v 1.608892 0.283734 -0.009940
v 1.528382 0.394733 -0.147144
v 1.397616 0.489945 -0.254209
v 1.229395 0.560048 -0.320654
v 1.040185 0.598181 -0.339975
v 0.848508 0.600611 -0.310281
v 0.673126 0.567101 -0.234479
v 0.531207 0.500930 -0.119988
v 0.436643 0.408575 0.021984
v 0.398690 0.299078 0.177540
v 0.421064 0.183157 0.331453
v 0.501575 0.072157 0.468658
v 0.632341 -0.023054 0.575723
v 0.800562 -0.093157 0.642168
v 0.989771 -0.131290 0.661489
v 1.181449 -0.133720 0.631795
v 1.356830 -0.100210 0.555992
v 1.498749 -0.034039 0.441502
v 1.593313 0.058315 0.299529
v 1.637526 0.210450 0.183355
v 1.617542 0.330403 0.032228
v 1.539362 0.446430 -0.102135
v 1.410638 0.547172 -0.206581
v 1.243972 0.622769 -0.270886
v 1.055676 0.665819 -0.288756
v 0.864184 0.672109 -0.258442
v 0.688240 0.641024 -0.182910
v 0.545066 0.575606 -0.069555
v 0.448677 0.482259 0.070528
v 0.408509 0.370120 0.223626
v 0.428493 0.250166 0.374754
v 0.506673 0.134139 0.509117
v 0.635397 0.033397 0.613563
v 0.802064 -0.042199 0.677868
v 0.990359 -0.085250 0.695738
v 1.181851 -0.091540 0.665424
v 1.357795 -0.060455 0.589892
v 1.500969 0.004963 0.476536
v 1.597358 0.098310 0.336454
v 1.645075 0.253419 0.224992
v 1.627681 0.377899 0.077242
v 1.552023 0.499267 -0.053805
v 1.425508 0.605645 -0.155322
v 1.260520 0.686617 -0.217371
v 1.073209 0.734259 -0.233879
v 0.881910 0.743908 -0.203229
v 0.705349 0.714617 -0.128422
v 0.560809 0.649256 -0.016781
v 0.462439 0.554220 0.120767
v 0.419867 0.438815 0.270756
v 0.437261 0.314335 0.418506
v 0.512919 0.192967 0.549554
v 0.639433 0.086590 0.651070
v 0.804421 0.005617 0.713120
v 0.991733 -0.042025 0.729627
v 1.183031 -0.051674 0.698978
v 1.359592 -0.022383 0.624171
v 1.504132 0.042979 0.512529
v 1.602503 0.138014 0.374982
v 1.653816 0.296669 0.269330
v 1.639209 0.426064 0.125555
v 1.566252 0.552981 -0.001713
v 1.442087 0.664996 -0.100017
v 1.278869 0.751144 -0.159732
v 1.092574 0.802994 -0.175014
v 0.901438 0.815469 -0.144368
v 0.724171 0.787348 -0.070792
v 0.578125 0.721385 0.038511
v 0.477596 0.624035 0.172841
v 0.432425 0.504828 0.319050
v 0.447032 0.375434 0.462826
v 0.519989 0.248517 0.590094
v 0.644154 0.136502 0.688397
v 0.807372 0.050353 0.748113
v 0.993667 -0.001496 0.763395
v 1.184803 -0.013971 0.732749
v 1.362070 0.014149 0.659173
v 1.508116 0.080113 0.549870
v 1.608645 0.177463 0.415539
v 1.663614 0.340094 0.316804
v 1.651971 0.474684 0.177600
v 1.581865 0.607248 0.054557
v 1.460158 0.724811 -0.040281
v 1.298764 0.815864 -0.097630
v 1.113480 0.871494 -0.111876
v 0.922444 0.886256 -0.081626
v 0.744355 0.858705 -0.009840
v 0.596647 0.791537 0.096454
v 0.493778 0.691328 0.226853
v 0.445817 0.567887 0.368592
v 0.457460 0.433297 0.507796
v 0.527566 0.300733 0.630839
v 0.649273 0.183170 0.725676
v 0.810667 0.092117 0.783025
v 0.995951 0.036487 0.797272
v 1.186987 0.021725 0.767022
v 1.365076 0.049276 0.695236
v 1.512784 0.116444 0.588941
v 1.615653 0.216653 0.458542
v 1.674278 0.383533 0.367825
v 1.665748 0.523490 0.233783
v 1.598605 0.661700 0.115388
v 1.479423 0.784637 0.024228
v 1.319867 0.880264 -0.030772
v 1.135556 0.939223 -0.044228
v 0.944532 0.955741 -0.014825
v 0.765493 0.928202 0.054561
v 0.615965 0.859301 0.157137
v 0.510584 0.755783 0.282862
v 0.459667 0.627781 0.419430
v 0.468197 0.487825 0.553471
v 0.535340 0.349614 0.671867
v 0.654522 0.226678 0.763026
v 0.814078 0.131050 0.818026
v 0.998389 0.072092 0.831482
v 1.189414 0.055574 0.802079
v 1.368453 0.083113 0.732693
v 1.517981 0.152013 0.630117
v 1.623361 0.255531 0.504392
v 1.685565 0.426777 0.422773
v 1.680251 0.572163 0.294468
v 1.616139 0.715925 0.181110
v 1.499506 0.843991 0.093798
v 1.341766 0.943824 0.041076
v 1.158363 1.005652 0.028107
v 0.967248 1.023422 0.056159
v 0.787128 0.995397 0.122486
v 0.635637 0.924317 0.220597
v 0.527601 0.817143 0.340887
v 0.473597 0.684364 0.471581
v 0.478911 0.538977 0.599887
v 0.543023 0.395215 0.713244
v 0.659657 0.267150 0.800557
v 0.817396 0.167317 0.853278
v 1.000800 0.105489 0.866248
v 1.191915 0.087718 0.838196
v 1.372034 0.115744 0.771868
v 1.523526 0.186823 0.673757
v 1.631562 0.293998 0.553467
v 1.697171 0.469568 0.481987
v 1.695125 0.620347 0.359967
v 1.634061 0.769484 0.251998
v 1.519956 0.902378 0.168649
v 1.363980 1.006021 0.118079
v 1.181401 1.070268 0.105238
v 0.990091 1.088831 0.131383
v 0.808776 1.059891 0.193955
v 0.655206 0.986282 0.286828
v 0.544411 0.875209 0.400912
v 0.487239 0.737544 0.525040
v 0.489285 0.586764 0.647060
v 0.550349 0.437628 0.755029
v 0.664454 0.304734 0.838378
v 0.820430 0.201091 0.888948
v 1.003009 0.136844 0.901789
v 1.194319 0.118281 0.875644
v 1.375634 0.147221 0.813072
v 1.529205 0.220830 0.720199
v 1.639999 0.331903 0.606115
v 1.708730 0.511609 0.545750
v 1.709947 0.667655 0.430528
v 1.651896 0.821918 0.328250
v 1.540261 0.959299 0.248929
v 1.385970 1.066349 0.200327
v 1.204125 1.132591 0.187204
v 1.012527 1.151539 0.210843
v 0.829930 1.121338 0.268930
v 0.674209 1.044946 0.355780
v 0.560606 0.929840 0.462891
v 0.500242 0.787287 0.579778
v 0.499026 0.631242 0.695000
v 0.557077 0.476978 0.797278
v 0.668711 0.339597 0.876599
v 0.823003 0.232547 0.925201
v 1.004848 0.166306 0.938324
v 1.196446 0.147358 0.914685
v 1.379043 0.177558 0.856598
v 1.534764 0.253950 0.769748
v 1.648367 0.369056 0.662637
v 1.719822 0.552574 0.614280
v 1.724234 0.713678 0.506326
v 1.669113 0.872765 0.409990
v 1.559854 1.014265 0.334703
v 1.407153 1.124325 0.287834
v 1.225956 1.192173 0.273971
v 1.034001 1.211167 0.294471
v 0.850078 1.179447 0.347327
v 0.692189 1.100120 0.427365
v 0.575792 0.980949 0.526751
v 0.512278 0.833600 0.635757
v 0.507866 0.672497 0.743711
v 0.562987 0.513410 0.840046
v 0.672246 0.371910 0.915333
v 0.824947 0.261850 0.962202
v 1.006144 0.194002 0.976065
v 1.198099 0.175008 0.955566
v 1.382023 0.206727 0.902709
v 1.539911 0.286055 0.822671
v 1.656309 0.405226 0.723285
v 1.729973 0.592117 0.687722
v 1.737455 0.758002 0.587452
v 1.685133 0.921569 0.497252
v 1.578128 1.066807 0.425952
v 1.426916 1.179499 0.380530
v 1.246298 1.248614 0.365434
v 1.053954 1.267387 0.382139
v 0.868712 1.233980 0.429012
v 0.708705 1.151662 0.501464
v 0.589595 1.028493 0.592404
v 0.523042 0.876528 0.692928
v 0.515560 0.710643 0.793197
v 0.567883 0.547076 0.883397
v 0.674887 0.401838 0.954697
v 0.826099 0.289146 1.000119
v 1.006717 0.220031 1.015216
v 1.199061 0.201258 0.998510
v 1.384303 0.234665 0.951637
v 1.544310 0.316983 0.879185
v 1.663420 0.440152 0.788246
v 1.738667 0.629878 0.766139
v 1.749034 0.800215 0.673912
v 1.699341 0.967888 0.589985
v 1.594451 1.116486 0.522571
v 1.444632 1.231462 0.478270
v 1.264549 1.301561 0.461419
v 1.071830 1.319922 0.473667
v 0.885339 1.284748 0.513814
v 0.723333 1.199481 0.577932
v 0.601668 1.072468 0.659744
v 0.532254 0.916142 0.751242
v 0.521887 0.745806 0.843468
v 0.571580 0.578132 0.927396
v 0.676470 0.429535 0.994810
v 0.826289 0.314559 1.039111
v 1.006372 0.244460 1.055962
v 1.199091 0.226099 1.043714
v 1.385582 0.261273 1.003566
v 1.547588 0.346540 0.939448
v 1.669253 0.473553 0.857636
v 1.745354 0.665501 0.849509
v 1.758371 0.839917 0.765622
v 1.711104 1.011309 0.688043
v 1.608178 1.162899 0.624369
v 1.459669 1.279849 0.580830
v 1.280113 1.350710 0.561690
v 1.087088 1.368547 0.568822
v 0.899488 1.331613 0.601527
v 0.735675 1.243523 0.656604
v 0.611686 1.112901 0.728663
v 0.539658 0.952533 0.810649
v 0.526640 0.778117 0.894536
v 0.573908 0.606725 0.972115
v 0.676834 0.455135 1.035789
v 0.825343 0.338185 1.079328
v 1.004898 0.267324 1.098468
v 1.197923 0.249487 1.091336
v 1.385524 0.286421 1.058631
v 1.549336 0.374511 1.003554
v 1.673325 0.505133 0.931495
v 1.749464 0.698635 0.937721
v 1.764851 0.876731 0.862404
v 1.719782 1.051449 0.791198
v 1.618668 1.205686 0.731075
v 1.471408 1.324344 0.687918
v 1.292416 1.395808 0.665954
v 1.099213 1.413082 0.667331
v 0.910711 1.374477 0.691916
v 0.745362 1.283770 0.737300
v 0.619352 1.149841 0.799043
v 0.545015 0.985799 0.871100
v 0.529628 0.807703 0.946417
v 0.574697 0.632985 1.017623
v 0.675810 0.478749 1.077747
v 0.823071 0.360091 1.120903
v 1.002063 0.288627 1.142867
v 1.195266 0.271352 1.141490
v 1.383768 0.309958 1.116906
v 1.549117 0.400665 1.071521
v 1.675127 0.534594 1.009778
v 1.750420 0.728949 1.030576
v 1.767858 0.910307 0.963996
v 1.724743 1.087964 0.899136
v 1.625297 1.244529 0.842344
v 1.479252 1.364677 0.799179
v 1.300906 1.436648 0.773868
v 1.107716 1.453395 0.768887
v 0.918592 1.413279 0.784724
v 0.752048 1.320228 0.819829
v 0.624386 1.183350 0.870766
v 0.548103 1.016043 0.932548
v 0.530665 0.834685 0.999128
v 0.573779 0.657028 1.063988
v 0.673226 0.500463 1.120780
v 0.819271 0.380315 1.163945
v 0.997617 0.308344 1.189256
v 1.190807 0.291597 1.194237
v 1.379931 0.331713 1.178400
v 1.546475 0.424764 1.143295
v 1.674137 0.561642 1.092358
v 1.747649 0.756133 1.127789
v 1.766789 0.940328 1.070052
v 1.725376 1.120551 1.011464
v 1.627463 1.279160 0.957762
v 1.482635 1.400630 0.914201
v 1.305067 1.473069 0.885045
v 1.112143 1.489389 0.873149
v 0.922746 1.447990 0.879678
v 0.755416 1.352925 0.903991
v 0.626532 1.213500 0.943709
v 0.548711 1.043363 0.994944
v 0.529570 0.859168 1.052681
v 0.570983 0.678945 1.111269
v 0.668896 0.520336 1.164971
v 0.813725 0.398867 1.208532
v 0.991292 0.326427 1.237688
v 1.184217 0.310108 1.249584
v 1.373614 0.351507 1.243056
v 1.540944 0.446572 1.218742
v 1.669828 0.585996 1.179024
v 1.740594 0.779910 1.228995
v 1.761068 0.966518 1.180148
v 1.721101 1.148952 1.127724
v 1.624606 1.309355 1.076856
v 1.481029 1.432024 1.032523
v 1.304423 1.504953 0.999064
v 1.112076 1.521002 0.979755
v 0.922816 1.478601 0.976486
v 0.755170 1.381899 0.989577
v 0.625547 1.240364 1.017746
v 0.546637 1.067849 1.058236
v 0.526163 0.881241 1.107083
v 0.566130 0.698807 1.159507
v 0.662625 0.538404 1.210375
v 0.806202 0.415735 1.254708
v 0.982808 0.342806 1.288167
v 1.175155 0.326757 1.307476
v 1.364415 0.369158 1.310745
v 1.532061 0.465860 1.297654
v 1.661684 0.607395 1.269485
v 1.728729 0.800034 1.333756
v 1.750151 0.988638 1.293792
v 1.711379 1.172952 1.247393
v 1.616207 1.334934 1.199102
v 1.473951 1.458727 1.153645
v 1.298536 1.532213 1.115473
v 1.107134 1.548201 1.088321
v 0.918479 1.505124 1.074848
v 0.751039 1.407199 1.076372
v 0.621204 1.264012 1.092744
v 0.541683 1.089578 1.122362
v 0.520260 0.900974 1.162326
v 0.559033 0.716660 1.208725
v 0.654205 0.554678 1.257016
v 0.796461 0.430885 1.302472
v 0.971875 0.357399 1.340645
v 1.163278 0.341411 1.367797
v 1.351933 0.384488 1.381270
v 1.519373 0.482413 1.379746
v 1.649208 0.625601 1.363374
v 1.711564 0.816294 1.441566
v 1.733543 1.006492 1.410431
v 1.695720 1.192379 1.369897
v 1.601797 1.355760 1.323931
v 1.460968 1.480641 1.277032
v 1.287018 1.554799 1.233793
v 1.096974 1.570974 1.198444
v 0.909440 1.527583 1.174446
v 0.742772 1.428873 1.164149
v 0.613286 1.284508 1.168560
v 0.533655 1.108617 1.187248
v 0.511676 0.918419 1.218383
v 0.549499 0.732531 1.258917
v 0.643422 0.569151 1.304883
v 0.784251 0.444269 1.351782
v 0.958202 0.370111 1.395021
v 1.148245 0.353936 1.430370
v 1.335780 0.397327 1.454368
v 1.502447 0.496037 1.464665
v 1.631934 0.640403 1.460254
v 1.688659 0.828517 1.551864
v 1.710800 1.019921 1.529463
v 1.673691 1.207102 1.494618
v 1.580964 1.371735 1.450739
v 1.441697 1.497706 1.402122
v 1.269521 1.572684 1.353526
v 1.081291 1.589329 1.309707
v 0.895431 1.546012 1.274956
v 0.730136 1.446974 1.252672
v 0.601585 1.301908 1.245039
v 0.522361 1.125015 1.252803
v 0.500221 0.933610 1.275204
v 0.537330 0.746430 1.310049
v 0.630057 0.581797 1.353927
v 0.769324 0.455826 1.402544
v 0.941500 0.380848 1.451141
v 1.129730 0.364203 1.494959
v 1.315590 0.407519 1.529711
v 1.480885 0.506558 1.551994
v 1.609436 0.651624 1.559627
v 1.659628 0.836566 1.664038
v 1.681536 1.028810 1.650241
v 1.644916 1.217027 1.620902
v 1.553352 1.382796 1.578895
v 1.415808 1.509889 1.528330
v 1.245747 1.585865 1.474158
v 1.059816 1.603287 1.421680
v 0.876215 1.560450 1.376035
v 0.712916 1.461548 1.341691
v 0.585905 1.316260 1.322008
v 0.507613 1.138810 1.318914
v 0.485705 0.946567 1.332711
v 0.522325 0.758349 1.362049
v 0.613889 0.592581 1.404057
v 0.751433 0.465488 1.454622
v 0.921494 0.389512 1.508794
v 1.107425 0.372089 1.561271
v 1.291026 0.414926 1.606916
v 1.454325 0.513829 1.641261
v 1.581336 0.659116 1.660944
v 1.624143 0.840343 1.777440
v 1.645428 1.033076 1.772086
v 1.609084 1.222100 1.748070
v 1.518666 1.388912 1.707744
v 1.383027 1.517183 1.655054
v 1.215443 1.594357 1.595158
v 1.032319 1.612880 1.533919
v 0.851580 1.570939 1.477333
v 0.690918 1.472639 1.430937
v 0.566060 1.327603 1.399273
v 0.489227 1.150027 1.385442
v 0.467942 0.957294 1.390796
v 0.504286 0.768270 1.414812
v 0.594704 0.601458 1.455138
v 0.730343 0.473187 1.507828
v 0.897927 0.396012 1.567724
v 1.081051 0.377489 1.628962
v 1.261790 0.419430 1.685549
v 1.422452 0.517730 1.731945
v 1.547310 0.662767 1.763609
v 1.581941 0.839779 1.891391
v 1.602221 1.032673 1.894296
v 1.565948 1.222293 1.875422
v 1.476672 1.390078 1.836617
v 1.343134 1.519604 1.781679
v 1.178403 1.598192 1.715985
v 0.998606 1.618150 1.645968
v 0.821342 1.577523 1.578479
v 0.663963 1.480288 1.520126
v 0.541875 1.335965 1.476620
v 0.467027 1.158679 1.452221
v 0.446747 0.965785 1.449316
v 0.483020 0.776165 1.468190
v 0.572296 0.608380 1.506995
v 0.705834 0.478854 1.561933
v 0.870564 0.400266 1.627626
v 1.050361 0.380308 1.697644
v 1.227625 0.420935 1.765133
v 1.385004 0.518170 1.823486
v 1.507093 0.662493 1.866991
v 1.532826 0.834843 2.005190
v 1.551724 1.027587 2.016150
v 1.515326 1.217613 2.002244
v 1.427197 1.386318 1.964834
v 1.295962 1.517188 1.907580
v 1.134467 1.597414 1.836088
v 0.958521 1.619142 1.757356
v 0.785347 1.580245 1.679091
v 0.631896 1.484531 1.608953
v 0.513189 1.341368 1.553808
v 0.440846 1.164772 1.519055
v 0.421948 0.972027 1.508094
v 0.458345 0.782002 1.522000
v 0.546475 0.613297 1.559411
v 0.677710 0.482426 1.616664
v 0.839205 0.402200 1.688156
v 1.015150 0.380472 1.766888
v 1.188324 0.419369 1.845154
v 1.341775 0.515084 1.915292
v 1.460482 0.658246 1.970437
v 1.476669 0.825530 2.118125
v 1.493817 1.017833 2.136920
v 1.457105 1.208089 2.127818
v 1.370129 1.377673 2.091709
v 1.241401 1.509987 2.032128
v 1.083522 1.592078 1.954907
v 0.911946 1.615910 1.867605
v 0.743469 1.579151 1.778768
v 0.594583 1.485399 1.697091
v 0.479860 1.343831 1.630570
v 0.410532 1.168304 1.585717
v 0.393385 0.976001 1.566921
v 0.430096 0.785746 1.576023
v 0.517073 0.616161 1.612132
v 0.645801 0.483848 1.671713
v 0.803680 0.401757 1.748934
v 0.975255 0.377925 1.836236
v 1.143732 0.414684 1.925074
v 1.292619 0.508436 2.006750
v 1.407341 0.650004 2.073271
v 1.413411 0.811867 2.229477
v 1.428448 1.003452 2.255875
v 1.391236 1.193776 2.251423
v 1.305418 1.364208 2.216556
v 1.179394 1.498067 2.154688
v 1.025500 1.582248 2.071875
v 0.858801 1.608511 1.976222
v 0.695614 1.574286 1.877094
v 0.551913 1.482923 1.784193
v 0.441765 1.343364 1.706613
v 0.375951 1.169272 1.651949
v 0.360914 0.977687 1.625551
v 0.398126 0.787363 1.630003
v 0.483944 0.616930 1.664870
v 0.609968 0.483072 1.726738
v 0.763862 0.398891 1.809552
v 0.930561 0.372628 1.905204
v 1.093748 0.406853 2.004333
v 1.237449 0.498216 2.097233
v 1.347597 0.637774 2.174813
v 1.343059 0.793902 2.338532
v 1.355632 0.984507 2.372288
v 1.317734 1.174748 2.372343
v 1.233074 1.346002 2.338691
v 1.109939 1.481506 2.274626
v 0.960384 1.567996 2.186420
v 0.799047 1.597006 2.082706
v 0.641721 1.565696 1.973637
v 0.503806 1.477131 1.869890
v 0.398803 1.339980 1.781619
v 0.336990 1.167668 1.717466
v 0.324417 0.977064 1.683710
v 0.362316 0.786823 1.683655
v 0.446976 0.615569 1.717307
v 0.570110 0.480065 1.781372
v 0.719666 0.393575 1.869578
v 0.881003 0.364565 1.973292
v 1.038329 0.395875 2.082361
v 1.176243 0.484440 2.186108
v 1.281246 0.621591 2.274379
v 1.265689 0.771711 2.444583
v 1.275451 0.961086 2.485443
v 1.236679 1.151098 2.489872
v 1.153166 1.323149 2.457437
v 1.033089 1.460395 2.391311
v 0.888201 1.549404 2.297969
v 0.732685 1.581461 2.186547
v 0.581764 1.553429 2.067952
v 0.450211 1.468053 1.953793
v 0.350903 1.333688 1.855244
v 0.293562 1.163488 1.781953
v 0.283800 0.974113 1.741093
v 0.322573 0.784100 1.736664
v 0.406085 0.612050 1.769099
v 0.526162 0.474803 1.835225
v 0.671050 0.385794 1.928567
v 0.826566 0.353737 2.039989
v 0.977487 0.381769 2.158584
v 1.109041 0.467146 2.272743
v 1.208348 0.601510 2.371292
v 1.181442 0.745386 2.546939
v 1.188053 0.933292 2.594639
v 1.148213 1.122937 2.603318
v 1.065824 1.295758 2.572127
v 0.948949 1.434836 2.504118
v 0.809029 1.526559 2.405949
v 0.659761 1.561947 2.287229
v 0.515756 1.537538 2.159580
v 0.391109 1.455719 2.035496
v 0.298023 1.324501 1.927124
v 0.245609 1.156727 1.845072
v 0.238998 0.968821 1.797372
v 0.278838 0.779176 1.788693
v 0.361227 0.606355 1.819885
v 0.478102 0.467277 1.887894
v 0.618022 0.375554 1.986063
v 0.767290 0.340166 2.104782
v 0.911295 0.364575 2.232431
v 1.035942 0.446394 2.356515
v 1.129028 0.577612 2.464887
v 1.090519 0.715042 2.644928
v 1.093645 0.901249 2.699195
v 1.052541 1.090390 2.712006
v 0.971233 1.263949 2.682108
v 0.857679 1.404938 2.612428
v 0.722994 1.499556 2.509787
v 0.580363 1.538540 2.384231
v 0.443747 1.518076 2.248051
v 0.326519 1.440165 2.114577
v 0.240154 1.312435 1.996875
v 0.193106 1.147388 1.906466
v 0.189981 0.961180 1.852199
v 0.231085 0.772040 1.839388
v 0.312393 0.598481 1.869286
v 0.425947 0.457492 1.938966
v 0.560632 0.362874 2.041607
v 0.703263 0.323889 2.167163
v 0.839879 0.344354 2.303343
v 0.957107 0.422265 2.436817
v 1.043472 0.549995 2.554519
v 0.993187 0.680809 2.737907
v 0.992497 0.865095 2.798455
v 0.949924 1.053594 2.815285
v 0.869635 1.227856 2.786748
v 0.759490 1.370822 2.715639
v 0.630270 1.468498 2.608918
v 0.494625 1.511322 2.477032
v 0.365831 1.495103 2.332890
v 0.256497 1.421429 2.190602
v 0.177324 1.297510 2.064097
v 0.136063 1.135477 1.965757
v 0.136753 0.951192 1.905209
v 0.179326 0.762692 1.888379
v 0.259614 0.588430 1.916916
v 0.369759 0.445464 1.988025
v 0.498979 0.347788 2.094746
v 0.634625 0.304964 2.226632
v 0.763419 0.321183 2.370774
v 0.872753 0.394858 2.513062
v 0.951926 0.518776 2.639567
v 0.889765 0.642833 2.825261
v 0.884936 0.824980 2.891795
v 0.840680 1.012701 2.912530
v 0.761328 1.187621 2.885434
v 0.654648 1.332616 2.813161
v 0.531082 1.433495 2.702786
v 0.402725 1.480381 2.565112
v 0.282143 1.468686 2.413617
v 0.181139 1.399555 2.263129
v 0.109599 1.279754 2.128379
v 0.074527 1.121010 2.022558
v 0.079355 0.938863 1.956024
v 0.123611 0.751141 1.935290
v 0.202963 0.576222 1.962385
v 0.309643 0.431226 2.034658
v 0.433209 0.330348 2.145033
v 0.561566 0.283461 2.282707
v 0.682148 0.295156 2.434202
v 0.783152 0.364288 2.584691
v 0.854692 0.484089 2.719440
v 0.780629 0.601272 2.906412
v 0.771345 0.781069 2.978624
v 0.725182 0.967873 3.003146
v 0.646661 1.143396 2.977579
v 0.543467 1.290458 2.904426
v 0.425701 1.394664 2.790847
v 0.304892 1.445813 2.647961
v 0.192864 1.438897 2.489753
v 0.100584 1.374595 2.331710
v 0.037085 1.259200 2.189304
v 0.008583 1.104008 2.076472
v 0.017867 0.924211 2.004261
v 0.064029 0.737408 1.979739
v 0.142550 0.561884 2.005306
v 0.245744 0.414822 2.078459
v 0.363510 0.310616 2.192038
v 0.484320 0.259468 2.334924
v 0.596348 0.266383 2.493132
v 0.688628 0.330685 2.651174
v 0.752127 0.446080 2.793581
v 0.666205 0.556298 2.980821
v 0.652154 0.733538 3.058386
v 0.603855 0.919281 3.086574
v 0.526035 1.095345 3.062627
v 0.426313 1.244495 2.988888
v 0.314450 1.352132 2.872575
v 0.201396 1.407720 2.725074
v 0.098217 1.405816 2.560824
v 0.015013 1.346609 2.395901
v -0.040071 1.235892 2.246451
v -0.061643 1.084504 2.127102
v -0.047591 0.907265 2.049537
v 0.000708 0.721522 2.021349
v 0.078527 0.545458 2.045296
v 0.178249 0.396308 2.119035
v 0.290113 0.288671 2.235348
v 0.403167 0.233083 2.382849
v 0.506346 0.234987 2.547099
v 0.589549 0.294194 2.712022
v 0.644633 0.404911 2.861472
v 0.546967 0.508095 3.047990
v 0.527845 0.682573 3.130570
v 0.477169 0.867109 3.162293
v 0.399899 1.043638 3.140053
v 0.303600 1.194881 3.066028
v 0.197697 1.306033 2.947464
v 0.092557 1.366213 2.795966
v -0.001529 1.369532 2.626364
v -0.075349 1.315663 2.455261
v -0.121679 1.209881 2.299404
v -0.135983 1.062539 2.174050
v -0.116861 0.888061 2.091470
v -0.066185 0.703525 2.059747
v 0.011084 0.526996 2.081987
v 0.107384 0.375753 2.156012
v 0.213287 0.264601 2.274576
v 0.318427 0.204420 2.426074
v 0.412512 0.201102 2.595676
v 0.486333 0.254970 2.766780
v 0.532663 0.360753 2.922636
v 0.423428 0.456853 3.107470
v 0.398941 0.628369 3.194709
v 0.345642 0.811546 3.229822
v 0.268748 0.988456 3.209372
v 0.175786 1.141779 3.135361
v 0.075856 1.256509 3.015033
v -0.021261 1.321414 2.860168
v -0.106058 1.330141 2.685923
v -0.170235 1.281836 2.509357
v -0.207509 1.181228 2.347751
v -0.214232 1.038163 2.216926
v -0.189745 0.866648 2.129688
v -0.136446 0.683470 2.094575
v -0.059552 0.506561 2.115025
v 0.033410 0.353237 2.189036
v 0.133340 0.238508 2.309364
v 0.230457 0.173603 2.464229
v 0.315254 0.164875 2.638473
v 0.379431 0.213180 2.815040
v 0.416705 0.313789 2.976645
v 0.296142 0.402775 3.158861
v 0.266007 0.571129 3.250384
v 0.209834 0.752794 3.288727
v 0.133121 0.929987 3.270137
v 0.043377 1.085362 3.196434
v -0.050613 1.203712 3.074832
v -0.139649 1.273450 2.917235
v -0.215015 1.287750 2.739068
v -0.269333 1.245214 2.557773
v -0.297288 1.150003 2.391096
v -0.296142 1.011439 2.255352
v -0.266007 0.843085 2.163829
v -0.209834 0.661420 2.125486
v -0.133121 0.484227 2.144076
v -0.043377 0.328851 2.217779
v 0.050613 0.210502 2.339381
v 0.139649 0.140764 2.496979
v 0.215015 0.126463 2.675145
v 0.269333 0.169000 2.856440
v 0.297288 0.264210 3.023117
v 0.165695 0.346068 3.201814
v 0.129641 0.511065 3.297227
v 0.070339 0.691058 3.338622
v -0.006407 0.868427 3.321948
v -0.093085 1.025810 3.248836
v -0.181210 1.147801 3.126443
v -0.262156 1.222459 2.966751
v -0.327998 1.242476 2.785390
v -0.372293 1.205892 2.600113
v -0.390704 1.116289 2.429057
v -0.381428 0.982437 2.288966
v -0.345375 0.817439 2.193553
v -0.286072 0.637447 2.152158
v -0.209326 0.460078 2.168832
v -0.122648 0.302695 2.241944
v -0.034523 0.180704 2.364337
v 0.046422 0.106046 2.524030
v 0.112265 0.086029 2.705391
v 0.156560 0.122613 2.890667
v 0.174970 0.212216 3.061723
v 0.032703 0.286948 3.236034
v -0.009526 0.448396 3.334922
v -0.072213 0.626554 3.379171
v -0.149223 0.803981 3.364449
v -0.233018 0.963310 3.292197
v -0.315395 1.088945 3.169487
v -0.388290 1.168588 3.008332
v -0.444569 1.194442 2.824506
v -0.478721 1.163977 2.636003
v -0.487405 1.080176 2.461276
v -0.469769 0.951240 2.317427
v -0.427541 0.789792 2.218539
v -0.364854 0.611634 2.174290
v -0.287844 0.434207 2.189012
v -0.204049 0.274877 2.261265
v -0.121672 0.149243 2.383974
v -0.048777 0.069600 2.545130
v 0.007502 0.043746 2.728956
v 0.041654 0.074210 2.917458
v 0.050338 0.158012 3.092186
v -0.102197 0.225637 3.261284
v -0.150838 0.383346 3.363213
v -0.217164 0.559502 3.410094
v -0.294682 0.736860 3.397338
v -0.375805 0.898060 3.326193
v -0.452591 1.027322 3.203625
v -0.517524 1.111993 3.041631
v -0.564248 1.143785 2.856067
v -0.588189 1.119586 2.665098
v -0.587004 1.041765 2.487418
v -0.560809 0.917939 2.340419
v -0.512167 0.760230 2.238491
v -0.445841 0.584074 2.191610
v -0.368323 0.406716 2.204366
v -0.287201 0.245516 2.275510
v -0.210415 0.116254 2.398078
v -0.145482 0.031583 2.560073
v -0.098758 -0.000209 2.745637
v -0.074816 0.023989 2.936605
v -0.076001 0.101811 3.114285
v -0.238345 0.162360 3.277384
v -0.293618 0.316145 3.381896
v -0.363832 0.490129 3.431164
v -0.442114 0.667282 3.420363
v -0.520800 0.830262 3.350552
v -0.592190 0.963116 3.228564
v -0.649293 1.052840 3.066340
v -0.686522 1.090650 2.879760
v -0.700231 1.072845 2.687087
v -0.689079 1.001169 2.507182
v -0.654157 0.882637 2.357655
v -0.598884 0.728852 2.253143
v -0.528670 0.554868 2.203875
v -0.450389 0.377715 2.214676
v -0.371702 0.214735 2.284487
v -0.300313 0.081881 2.406474
v -0.243209 -0.007843 2.568698
v -0.205981 -0.045653 2.755279
v -0.192271 -0.027848 2.947951
v -0.203423 0.043828 3.127857
v -0.375073 0.097348 3.284212
v -0.437174 0.247027 3.390831
v -0.511517 0.418668 3.442214
v -0.590824 0.595470 3.433331
v -0.667333 0.760128 3.365052
v -0.733555 0.896522 3.244060
v -0.783006 0.991302 3.082199
v -0.810847 1.035190 2.895313
v -0.814352 1.023891 2.701695
v -0.793177 0.958509 2.520299
v -0.749397 0.845445 2.368880
v -0.687296 0.695767 2.262261
v -0.612953 0.524126 2.210878
v -0.533646 0.347323 2.219761
v -0.457137 0.182666 2.288040
v -0.390915 0.046271 2.409032
v -0.341464 -0.048509 2.570893
v -0.313623 -0.092397 2.757779
v -0.310118 -0.081097 2.951397
v -0.331292 -0.015715 3.132793
v -0.511700 0.030836 3.281707
v -0.580801 0.176230 3.389935
v -0.659503 0.345355 3.443137
v -0.740103 0.521656 3.436104
v -0.814711 0.687875 3.369526
v -0.876025 0.827741 3.249919
v -0.918042 0.927563 3.088990
v -0.936649 0.977570 2.902494
v -0.930025 0.972868 2.708686
v -0.898819 0.913915 2.526536
v -0.846085 0.806484 2.373875
v -0.776984 0.661089 2.265647
v -0.698282 0.491964 2.212445
v -0.617682 0.315663 2.219478
v -0.543074 0.149445 2.286056
v -0.481760 0.009579 2.405663
v -0.439743 -0.090243 2.566591
v -0.421136 -0.140251 2.753088
v -0.427760 -0.135548 2.946896
v -0.458966 -0.076596 3.129046
v -0.647547 -0.036941 3.269866
v -0.723790 0.103997 3.379186
v -0.807067 0.270433 3.433884
v -0.889226 0.446074 3.428604
v -0.962226 0.613727 3.363864
v -1.018920 0.756981 3.246000
v -1.053759 0.861813 3.086550
v -1.063332 0.917962 2.901123
v -1.046703 0.919931 2.707868
v -1.005499 0.867528 2.525704
v -0.943754 0.765882 2.372461
v -0.867511 0.624944 2.263140
v -0.784234 0.458508 2.208442
v -0.702074 0.282867 2.213722
v -0.629075 0.115214 2.278463
v -0.572381 -0.028040 2.396326
v -0.537542 -0.132872 2.555776
v -0.527968 -0.189021 2.741204
v -0.544597 -0.190990 2.934458
v -0.585801 -0.138587 3.116623
v -0.781934 -0.105746 3.248746
v -0.865432 0.030572 3.358624
v -0.953482 0.194146 3.414468
v -1.037464 0.368964 3.410812
v -1.109158 0.537914 3.348014
v -1.161545 0.684458 3.232221
v -1.189498 0.794251 3.074766
v -1.190280 0.856547 2.891064
v -1.163815 0.865246 2.699096
v -1.112694 0.819497 2.517654
v -1.041920 0.723780 2.364497
v -0.958421 0.587462 2.254619
v -0.870371 0.423888 2.198775
v -0.786389 0.249070 2.202431
v -0.714695 0.080120 2.265229
v -0.662308 -0.066424 2.381023
v -0.634355 -0.176217 2.538477
v -0.633573 -0.238513 2.722179
v -0.660038 -0.247212 2.914147
v -0.711159 -0.201463 3.095589
v -0.914190 -0.175337 3.218463
v -1.005025 -0.043800 3.328347
v -1.098024 0.116741 3.384964
v -1.184085 0.290570 3.382772
v -1.254782 0.460672 3.321985
v -1.303196 0.610395 3.208553
v -1.324588 0.725085 3.053580
v -1.316862 0.793513 2.872237
v -1.280777 0.808983 2.682273
v -1.219863 0.769979 2.502284
v -1.140084 0.680320 2.349889
v -1.049249 0.548783 2.240004
v -0.956249 0.388242 2.183387
v -0.870188 0.214413 2.185580
v -0.799491 0.044311 2.246367
v -0.751077 -0.105412 2.359798
v -0.729686 -0.220101 2.514771
v -0.737411 -0.288530 2.696115
v -0.773497 -0.304000 2.886079
v -0.834410 -0.264996 3.066068
v -1.043657 -0.245478 3.179190
v -1.141875 -0.118871 3.288515
v -1.239977 0.038469 3.345506
v -1.328360 0.211140 3.344585
v -1.398374 0.382240 3.285843
v -1.443165 0.535020 3.175029
v -1.458348 0.654526 3.022991
v -1.442437 0.729058 2.844611
v -1.396990 0.751323 2.657350
v -1.326455 0.719139 2.479539
v -1.237737 0.635658 2.328583
v -1.139520 0.509051 2.219259
v -1.041418 0.351712 2.162267
v -0.953034 0.179041 2.163188
v -0.883020 0.007941 2.221930
v -0.838229 -0.144839 2.332744
v -0.823046 -0.264345 2.484782
v -0.838957 -0.338878 2.663162
v -0.884404 -0.361142 2.850423
v -0.954939 -0.328959 3.028234
v -1.169698 -0.315928 3.131156
v -1.275305 -0.194394 3.239342
v -1.378635 -0.040420 3.296287
v -1.469572 0.130923 3.296416
v -1.539214 0.302861 3.239716
v -1.580745 0.458566 3.131739
v -1.590099 0.582794 2.983053
v -1.566360 0.663386 2.808212
v -1.511853 0.692453 2.624332
v -1.431913 0.667150 2.449412
v -1.334364 0.589953 2.300574
v -1.228757 0.468419 2.192388
v -1.125427 0.314445 2.135444
v -1.034490 0.143102 2.135315
v -0.964848 -0.028837 2.192014
v -0.923317 -0.184541 2.299991
v -0.913963 -0.308769 2.448678
v -0.937702 -0.389361 2.623518
v -0.992209 -0.418428 2.807398
v -1.072149 -0.393125 2.982318
v -1.291694 -0.386451 3.074642
v -1.404662 -0.270123 3.181102
v -1.513314 -0.119673 3.237559
v -1.607015 0.050171 3.238486
v -1.676592 0.222784 3.183792
v -1.715235 0.381270 3.078831
v -1.719161 0.510115 2.933878
v -1.687985 0.596706 2.763122
v -1.624761 0.632567 2.583276
v -1.535676 0.614189 2.411947
v -1.429450 0.543369 2.265904
v -1.316482 0.427041 2.159444
v -1.207830 0.276592 2.102987
v -1.114129 0.106747 2.102060
v -1.044552 -0.065866 2.156754
v -1.005909 -0.224352 2.261714
v -1.001983 -0.353196 2.406668
v -1.033159 -0.439788 2.577424
v -1.096383 -0.475649 2.757270
v -1.185468 -0.457271 2.928599
v -1.409058 -0.456812 3.009981
v -1.529315 -0.345812 3.114121
v -1.643352 -0.199040 3.169630
v -1.740005 -0.030862 3.171075
v -1.809815 0.142258 3.118315
v -1.845947 0.303375 3.016514
v -1.844865 0.436718 2.875637
v -1.806674 0.529233 2.709474
v -1.735113 0.571866 2.534290
v -1.637187 0.560442 2.367234
v -1.522481 0.496080 2.224658
v -1.402224 0.385080 2.120519
v -1.288188 0.238307 2.065010
v -1.191534 0.070130 2.063565
v -1.121724 -0.102991 2.116325
v -1.085592 -0.264108 2.218126
v -1.086674 -0.397451 2.359003
v -1.124865 -0.489966 2.525166
v -1.196426 -0.532598 2.700349
v -1.294352 -0.521174 2.867405
v -1.521233 -0.526779 2.937555
v -1.648666 -0.421218 3.038775
v -1.768114 -0.278269 3.092861
v -1.867885 -0.111923 3.094519
v -1.938212 0.061535 3.043587
v -1.972211 0.225127 2.945050
v -1.966555 0.362838 2.808554
v -1.921796 0.461190 2.647460
v -1.842317 0.510554 2.477536
v -1.735897 0.506099 2.315417
v -1.612953 0.448260 2.176972
v -1.485520 0.342699 2.075752
v -1.366072 0.199749 2.021665
v -1.266301 0.033404 2.020007
v -1.195974 -0.140054 2.070939
v -1.161974 -0.303646 2.169476
v -1.167631 -0.441358 2.305972
v -1.212389 -0.539710 2.467066
v -1.291869 -0.589074 2.636990
v -1.398289 -0.584618 2.799109
v -1.627699 -0.596124 2.857787
v -1.762152 -0.496101 2.955488
v -1.887001 -0.357111 3.007664
v -1.990024 -0.192759 3.009207
v -2.061138 -0.019133 2.959966
v -2.093380 0.146771 2.864761
v -2.083595 0.288714 2.732911
v -2.032740 0.392800 2.577323
v -1.945795 0.448842 2.413228
v -1.831268 0.451354 2.256686
v -1.700372 0.400089 2.123023
v -1.565919 0.300067 2.025322
v -1.441070 0.161077 1.973146
v -1.338047 -0.003275 1.971603
v -1.266933 -0.176901 2.020844
v -1.234691 -0.342805 2.116049
v -1.244476 -0.484748 2.247899
v -1.295330 -0.588835 2.403487
v -1.382276 -0.644877 2.567583
v -1.496803 -0.647388 2.724124
v -1.727975 -0.664621 2.771144
v -1.869249 -0.570222 2.864730
v -1.999448 -0.435319 2.914498
v -2.105829 -0.273116 2.915577
v -2.177978 -0.099492 2.867860
v -2.208832 0.068558 2.776018
v -2.195372 0.214585 2.649043
v -2.138914 0.324293 2.499362
v -2.044986 0.386945 2.341628
v -1.922782 0.396407 2.191280
v -1.784263 0.351752 2.063037
v -1.642990 0.257353 1.969451
v -1.512790 0.122450 1.919683
v -1.406409 -0.039753 1.918605
v -1.334260 -0.213377 1.966322
v -1.303406 -0.381427 2.058163
v -1.316866 -0.527454 2.185139
v -1.373324 -0.637162 2.334820
v -1.467252 -0.699814 2.492554
v -1.589456 -0.709276 2.642901
v -1.821624 -0.732053 2.678128
v -1.969475 -0.643350 2.767009
v -2.104934 -0.512649 2.813867
v -2.214744 -0.352744 2.814114
v -2.288155 -0.179289 2.767727
v -2.317981 -0.009261 2.679247
v -2.301303 0.140695 2.557334
v -2.239752 0.255901 2.413922
v -2.139355 0.325079 2.263049
v -2.009939 0.341458 2.119485
v -1.864171 0.303435 1.997281
v -1.716321 0.214732 1.908400
v -1.580861 0.084031 1.861543
v -1.471051 -0.075874 1.861295
v -1.397640 -0.249330 1.907682
v -1.367814 -0.419357 1.996163
v -1.384493 -0.569313 2.118076
v -1.446043 -0.684519 2.261487
v -1.546440 -0.753697 2.412360
v -1.675857 -0.770077 2.555925
v -1.908256 -0.798207 2.579273
v -2.062395 -0.715256 2.662869
v -2.202982 -0.588861 2.706311
v -2.316258 -0.431395 2.705347
v -2.391132 -0.258271 2.660072
v -2.420276 -0.086437 2.574918
v -2.400838 0.067288 2.458219
v -2.334720 0.187856 2.321400
v -2.228393 0.263465 2.177853
v -2.092267 0.286713 2.041629
v -1.939666 0.255326 1.926064
v -1.785527 0.172375 1.842469
v -1.644939 0.045980 1.799027
v -1.531664 -0.111486 1.799990
v -1.456790 -0.284609 1.845265
v -1.427645 -0.456444 1.930420
v -1.447083 -0.610169 2.047118
v -1.513202 -0.730737 2.183937
v -1.619528 -0.806346 2.327484
v -1.755655 -0.829594 2.463708
v -1.987527 -0.862874 2.475141
v -2.147622 -0.785717 2.552884
v -2.293163 -0.663719 2.592408
v -2.409903 -0.508823 2.589843
v -2.486415 -0.336190 2.545441
v -2.515209 -0.162719 2.463547
v -2.493467 -0.005391 2.352179
v -2.423316 0.120394 2.222238
v -2.311624 0.202324 2.086443
v -2.169325 0.232377 1.958087
v -2.010346 0.207614 1.849734
v -1.850251 0.130457 1.771990
v -1.704710 0.008459 1.732467
v -1.587970 -0.146437 1.735032
v -1.511458 -0.319070 1.779434
v -1.482664 -0.492541 1.861328
v -1.504407 -0.649869 1.972696
v -1.574557 -0.775655 2.102637
v -1.686249 -0.857584 2.238432
v -1.828548 -0.887638 2.366788
v -2.059145 -0.925856 2.366315
v -2.224822 -0.854518 2.437657
v -2.375099 -0.736994 2.472766
v -2.495265 -0.584787 2.468203
v -2.573559 -0.412796 2.424416
v -2.602315 -0.237859 2.345691
v -2.578719 -0.077097 2.239735
v -2.505082 0.053751 2.116919
v -2.388610 0.141879 1.989264
v -2.240705 0.178658 1.869267
v -2.075845 0.160489 1.768675
v -1.910168 0.089151 1.697333
v -1.759891 -0.028373 1.662225
v -1.639725 -0.180580 1.666787
v -1.561431 -0.352570 1.710574
v -1.532675 -0.527508 1.789299
v -1.556271 -0.688270 1.895255
v -1.629908 -0.819118 2.018072
v -1.746380 -0.907245 2.145726
v -1.894285 -0.944025 2.265723
v -2.122870 -0.986960 2.253398
v -2.293712 -0.921449 2.317811
v -2.448465 -0.808458 2.348016
v -2.571981 -0.659049 2.341058
v -2.652169 -0.487846 2.297616
v -2.681180 -0.311608 2.221943
v -2.656174 -0.147587 2.121447
v -2.579599 -0.011837 2.005965
v -2.458951 0.082352 1.886801
v -2.306039 0.125762 1.775620
v -2.135831 0.114142 1.683305
v -1.964989 0.048630 1.618892
v -1.810236 -0.064360 1.588686
v -1.686720 -0.213769 1.595645
v -1.606532 -0.384972 1.639087
v -1.577521 -0.561210 1.714759
v -1.602527 -0.725232 1.815255
v -1.679102 -0.860981 1.930737
v -1.799750 -0.955171 2.049901
v -1.952662 -0.998580 2.161082
v -2.178514 -1.046002 2.137002
v -2.354063 -0.986307 2.193983
v -2.512991 -0.877895 2.218813
v -2.639740 -0.731378 2.209062
v -2.721905 -0.561098 2.165685
v -2.751441 -0.383724 2.092927
v -2.725458 -0.216618 1.997910
v -2.646499 -0.076137 1.889936
v -2.522293 0.023966 1.779573
v -2.364998 0.073895 1.677625
v -2.190012 0.068760 1.594072
v -2.014463 0.009065 1.537091
v -1.855536 -0.099347 1.512261
v -1.728786 -0.245864 1.522012
v -1.646622 -0.416144 1.565389
v -1.617085 -0.593518 1.638147
v -1.643068 -0.760624 1.733164
v -1.722027 -0.901105 1.841138
v -1.846233 -1.001209 1.951501
v -2.003528 -1.051137 2.053448
v -2.225943 -1.102806 2.017749
v -2.405702 -1.048898 2.066823
v -2.568463 -0.945092 2.085824
v -2.698292 -0.801547 2.072892
v -2.782481 -0.632317 2.029292
v -2.812789 -0.453965 1.959293
v -2.786250 -0.283951 1.869747
v -2.705461 -0.138916 1.769418
v -2.578330 -0.033058 1.668129
v -2.417302 0.023262 1.575793
v -2.238140 0.024529 1.501450
v -2.058380 -0.029378 1.452376
v -1.895620 -0.133185 1.433375
v -1.765791 -0.276729 1.446307
v -1.681602 -0.445960 1.489907
v -1.651294 -0.624311 1.559906
v -1.677833 -0.794326 1.649452
v -1.758622 -0.939360 1.749781
v -1.885753 -1.045219 1.851070
v -2.046781 -1.101538 1.943406
v -2.265075 -1.157205 1.896263
v -2.448512 -1.109036 1.936987
v -2.614724 -1.009844 1.949727
v -2.747440 -0.869337 1.933235
v -2.833670 -0.701270 1.889126
v -2.864973 -0.522095 1.821717
v -2.838285 -0.349349 1.737606
v -2.756218 -0.199944 1.645028
v -2.626806 -0.088503 1.553044
v -2.462715 -0.025935 1.470658
v -2.280010 -0.018365 1.405935
v -2.096573 -0.066534 1.365210
v -1.930361 -0.165727 1.352470
v -1.797645 -0.306234 1.368962
v -1.711415 -0.474300 1.413072
v -1.680112 -0.653476 1.480481
v -1.706800 -0.826221 1.564591
v -1.788867 -0.975627 1.657170
v -1.918279 -1.087068 1.749154
v -2.082370 -1.149635 1.831540
v -2.295882 -1.209041 1.773161
v -2.482429 -1.166543 1.805130
v -2.651673 -1.071954 1.811204
v -2.787049 -0.934533 1.790790
v -2.875305 -0.767733 1.745886
v -2.907801 -0.587880 1.680887
v -2.881356 -0.412581 1.602157
v -2.798560 -0.258994 1.517401
v -2.667517 -0.142154 1.434915
v -2.501054 -0.073497 1.362776
v -2.315466 -0.059745 1.308043
v -2.128919 -0.102244 1.276075
v -1.959675 -0.196833 1.270000
v -1.824299 -0.334254 1.290414
v -1.736043 -0.501054 1.335318
v -1.703547 -0.680906 1.400317
v -1.729992 -0.856206 1.479047
v -1.812788 -1.009793 1.563804
v -1.943831 -1.126633 1.646289
v -2.110294 -1.195289 1.718428
v -2.318385 -1.258166 1.649057
v -2.507443 -1.221249 1.671901
v -2.679268 -1.131232 1.670937
v -2.817041 -0.996929 1.646259
v -2.907275 -0.831485 1.600282
v -2.941138 -0.651095 1.537508
v -2.915315 -0.473417 1.464082
v -2.832333 -0.315844 1.387189
v -2.700316 -0.193799 1.314358
v -2.532186 -0.119230 1.252718
v -2.344401 -0.099435 1.208302
v -2.155343 -0.136353 1.185458
v -1.983518 -0.226369 1.186423
v -1.845745 -0.360673 1.211101
v -1.755511 -0.526117 1.257077
v -1.721648 -0.706506 1.319851
v -1.747472 -0.884184 1.393278
v -1.830453 -1.041758 1.470170
v -1.962470 -1.163802 1.543001
v -2.130600 -1.238372 1.604641
v -2.332656 -1.304441 1.524549
v -2.523599 -1.272994 1.537942
v -2.697521 -1.187499 1.529601
v -2.837397 -1.056326 1.500340
v -2.929534 -0.892314 1.453026
v -2.964913 -0.711518 1.392289
v -2.940072 -0.531637 1.324074
v -2.857443 -0.370277 1.255059
v -2.725112 -0.243234 1.191999
v -2.556034 -0.162944 1.141068
v -2.366760 -0.137266 1.107251
v -2.175817 -0.168713 1.093857
v -2.001895 -0.254208 1.102199
v -1.862019 -0.385382 1.131459
v -1.769882 -0.549393 1.178773
v -1.734503 -0.730189 1.239511
v -1.759344 -0.910070 1.307726
v -1.841973 -1.071430 1.376741
v -1.974304 -1.198473 1.439800
v -2.143382 -1.278763 1.490731
v -2.338813 -1.347737 1.400217
v -2.530992 -1.321627 1.403879
v -2.706498 -1.240581 1.387861
v -2.848154 -1.112532 1.353729
v -2.942091 -0.950014 1.304826
v -2.979116 -0.768936 1.245939
v -2.955603 -0.587023 1.182831
v -2.873855 -0.422082 1.121680
v -2.741873 -0.290259 1.068472
v -2.572577 -0.204457 1.028415
v -2.382538 -0.173075 1.005431
v -2.190359 -0.199185 1.001769
v -2.014853 -0.280231 1.017788
v -1.873197 -0.408280 1.051919
v -1.779260 -0.570798 1.100822
v -1.742235 -0.751876 1.159710
v -1.765748 -0.933788 1.222818
v -1.847496 -1.098729 1.283969
v -1.979478 -1.230553 1.337177
v -2.148774 -1.316355 1.377233
v -2.337020 -1.387934 1.276623
v -2.529763 -1.367006 1.270320
v -2.706320 -1.290314 1.246367
v -2.849408 -1.165364 1.207108
v -2.945019 -1.004387 1.156386
v -2.983796 -0.823142 1.099166
v -2.961942 -0.639368 1.041049
v -2.881597 -0.471057 0.987725
v -2.750625 -0.334682 0.944412
v -2.581846 -0.243593 0.915350
v -2.391783 -0.206708 0.903385
v -2.199040 -0.227635 0.909688
v -2.022483 -0.304327 0.933641
v -1.879396 -0.429277 0.972900
v -1.783784 -0.590254 1.023622
v -1.745007 -0.771500 1.080842
v -1.766861 -0.955273 1.138959
v -1.847207 -1.123585 1.192283
v -1.978179 -1.259959 1.235596
v -2.146957 -1.351048 1.264658
v -2.327481 -1.424920 1.154298
v -2.520104 -1.408997 1.137849
v -2.697157 -1.336542 1.105749
v -2.841308 -1.214647 1.061142
v -2.938447 -1.055243 1.008394
v -2.979065 -0.873936 0.952669
v -2.959187 -0.688471 0.899420
v -2.880757 -0.517004 0.853861
v -2.751454 -0.376319 0.820451
v -2.583935 -0.280187 0.802461
v -2.394597 -0.238019 0.801650
v -2.201974 -0.253942 0.818100
v -2.024921 -0.326397 0.850200
v -1.880770 -0.448292 0.894806
v -1.783631 -0.607696 0.947554
v -1.743013 -0.789004 1.003280
v -1.762891 -0.974468 1.056528
v -1.841321 -1.145936 1.102088
v -1.970624 -1.286620 1.135498
v -2.138143 -1.382752 1.153488
v -2.310441 -1.458596 1.033749
v -2.502247 -1.447477 1.007022
v -2.679228 -1.379119 0.966613
v -2.824058 -1.260214 0.916478
v -2.922561 -1.102401 0.861524
v -2.965095 -0.921128 0.807131
v -2.947496 -0.734138 0.758623
v -2.871487 -0.559737 0.720748
v -2.744508 -0.414995 0.697213
v -2.578989 -0.314081 0.690323
v -2.391131 -0.266873 0.700752
v -2.199325 -0.277992 0.727479
v -2.022344 -0.346350 0.767888
v -1.877514 -0.465255 0.818023
v -1.779011 -0.623068 0.872977
v -1.736477 -0.804341 0.927370
v -1.754076 -0.991330 0.975879
v -1.830085 -1.165732 1.013754
v -1.957064 -1.310473 1.037288
v -2.122583 -1.411388 1.044178
v -2.286176 -1.488866 0.915448
v -2.476465 -1.482327 0.878369
v -2.652798 -1.417905 0.829538
v -2.797913 -1.301907 0.773737
v -2.897606 -1.145687 0.716427
v -2.942117 -0.964537 0.663219
v -2.927091 -0.776189 0.619320
v -2.853997 -0.599081 0.589028
v -2.729991 -0.450548 0.575307
v -2.567211 -0.345130 0.579502
v -2.381592 -0.293147 0.601201
v -2.191302 -0.299686 0.638281
v -2.014969 -0.364108 0.687111
v -1.869854 -0.480106 0.742912
v -1.770162 -0.636326 0.800222
v -1.725650 -0.817476 0.853431
v -1.740677 -1.005824 0.897330
v -1.813770 -1.182932 0.927622
v -1.937776 -1.331465 0.941342
v -2.100556 -1.436883 0.937147
v -2.254995 -1.515647 0.799833
v -2.443068 -1.513441 0.752382
v -2.618175 -1.452771 0.695072
v -2.763175 -1.339577 0.633512
v -2.863876 -1.184938 0.573728
v -2.910420 -1.003993 0.521574
v -2.898250 -0.814452 0.482153
v -2.828558 -0.634870 0.459324
v -2.708167 -0.482826 0.455323
v -2.548860 -0.373201 0.470541
v -2.366231 -0.316729 0.503488
v -2.178159 -0.318935 0.550939
v -2.003052 -0.379605 0.608249
v -1.858051 -0.492799 0.669809
v -1.757350 -0.647438 0.729592
v -1.710807 -0.828383 0.781747
v -1.722977 -1.017924 0.821168
v -1.792668 -1.197506 0.843997
v -1.913060 -1.349550 0.847998
v -2.072367 -1.459174 0.832780
v -2.217235 -1.538861 0.687306
v -2.402398 -1.540717 0.629522
v -2.575706 -1.483594 0.563727
v -2.720195 -1.373083 0.496363
v -2.821722 -1.220002 0.434023
v -2.870347 -1.039335 0.382810
v -2.861312 -0.848768 0.347736
v -2.795501 -0.666954 0.332235
v -2.679355 -0.511690 0.337824
v -2.524245 -0.398176 0.363957
v -2.345352 -0.337522 0.408074
v -2.160190 -0.335665 0.465859
v -1.986881 -0.392789 0.531653
v -1.842392 -0.503300 0.599017
v -1.740865 -0.656381 0.661357
v -1.692240 -0.837048 0.712570
v -1.701275 -1.027615 0.747644
v -1.767086 -1.209429 0.763145
v -1.883232 -1.364692 0.757556
v -2.038342 -1.478207 0.731423
v -2.173253 -1.558436 0.578229
v -2.354828 -1.564063 0.510209
v -2.525777 -1.510260 0.435983
v -2.669367 -1.402295 0.362818
v -2.771541 -1.250735 0.297874
v -2.822299 -1.070416 0.247509
v -2.816673 -0.878990 0.216653
v -2.755212 -0.695194 0.208327
v -2.643932 -0.537020 0.223346
v -2.493728 -0.419950 0.260239
v -2.319302 -0.355445 0.315395
v -2.137727 -0.349818 0.383415
v -1.966778 -0.403621 0.457641
v -1.823188 -0.511586 0.530807
v -1.721014 -0.663146 0.595751
v -1.670256 -0.843464 0.646116
v -1.675882 -1.034891 0.676971
v -1.737343 -1.218687 0.685297
v -1.848623 -1.376861 0.670279
v -1.998827 -1.493931 0.633386
v -2.123429 -1.574307 0.472929
v -2.300758 -1.583391 0.394828
v -2.468806 -1.532663 0.312279
v -2.611124 -1.427090 0.233363
v -2.713780 -1.277006 0.165804
v -2.766726 -1.097102 0.116216
v -2.764780 -0.904989 0.089452
v -2.708131 -0.719471 0.088132
v -2.602324 -0.558708 0.112386
v -2.457718 -0.438438 0.159839
v -2.288467 -0.370433 0.225847
v -2.111138 -0.361349 0.303948
v -1.943090 -0.412077 0.386497
v -1.800772 -0.517650 0.465413
v -1.698116 -0.667734 0.532972
v -1.645169 -0.847638 0.582560
v -1.647116 -1.039751 0.609324
v -1.703765 -1.225269 0.610644
v -1.809572 -1.386031 0.586390
v -1.954178 -1.506302 0.538936
v -2.068156 -1.586414 0.371688
v -2.240610 -1.598620 0.283720
v -2.405244 -1.550705 0.193014
v -2.545941 -1.447359 0.108447
v -2.648930 -1.298697 0.038298
v -2.704128 -1.119273 -0.010567
v -2.706134 -0.926649 -0.033363
v -2.654750 -0.739681 -0.027861
v -2.555007 -0.576670 0.005402
v -2.416668 -0.453573 0.063170
v -2.253274 -0.382440 0.139787
v -2.080819 -0.370233 0.227755
v -1.916186 -0.418148 0.318461
v -1.775488 -0.521494 0.403028
v -1.672500 -0.670156 0.473177
v -1.617301 -0.849580 0.522041
v -1.615295 -1.042204 0.544838
v -1.666679 -1.229173 0.539336
v -1.766422 -1.392184 0.506073
v -1.904762 -1.515280 0.448305
v -2.007839 -1.594699 0.274753
v -2.174827 -1.609676 0.177189
v -2.335568 -1.564296 0.078545
v -2.474327 -1.463000 -0.011526
v -2.577522 -1.315703 -0.084205
v -2.635052 -1.136825 -0.132379
v -2.641285 -0.943875 -0.151331
v -2.595611 -0.755741 -0.139207
v -2.502501 -0.590837 -0.097194
v -2.371069 -0.465307 -0.029404
v -2.214180 -0.391438 0.057528
v -2.047193 -0.376461 0.155091
v -1.886452 -0.421841 0.253736
v -1.747693 -0.523137 0.343806
v -1.644497 -0.670433 0.416485
v -1.586967 -0.849312 0.464659
v -1.580734 -1.042262 0.483611
v -1.626408 -1.230396 0.471488
v -1.719519 -1.395300 0.429474
v -1.850951 -1.520830 0.361684
v -1.942895 -1.599110 0.182329
v -2.103869 -1.616490 0.075497
v -2.260283 -1.573354 -0.030814
v -2.396825 -1.473925 -0.126195
v -2.500131 -1.327935 -0.201312
v -2.560088 -1.149674 -0.248811
v -2.570826 -0.956593 -0.264042
v -2.531296 -0.767590 -0.245514
v -2.445366 -0.601168 -0.195041
v -2.321448 -0.473617 -0.117565
v -2.171671 -0.397422 -0.020668
v -2.010698 -0.380041 0.086165
v -1.854284 -0.423177 0.192475
v -1.717742 -0.522606 0.287857
v -1.614436 -0.668597 0.362974
v -1.554479 -0.846857 0.410472
v -1.543741 -1.039939 0.425703
v -1.583271 -1.228941 0.407176
v -1.669201 -1.395363 0.356703
v -1.793119 -1.522914 0.279226
v -1.873747 -1.599595 0.094586
v -2.028212 -1.618997 -0.021136
v -2.179916 -1.577808 -0.134790
v -2.314009 -1.480059 -0.235249
v -2.417364 -1.335318 -0.312681
v -2.479864 -1.157754 -0.359505
v -2.495392 -0.964748 -0.371138
v -2.462428 -0.775193 -0.346442
v -2.384198 -0.607643 -0.287834
v -2.268360 -0.478500 -0.201050
v -2.126253 -0.400405 -0.094586
v -1.971788 -0.381003 0.021136
v -1.820084 -0.422192 0.134790
v -1.685991 -0.519941 0.235249
v -1.582636 -0.664682 0.312681
v -1.520136 -0.842246 0.359505
v -1.504608 -1.035252 0.371138
v -1.537572 -1.224807 0.346442
v -1.615802 -1.392357 0.287834
v -1.731640 -1.521500 0.201050
v -1.800822 -1.596105 0.011655
v -1.948347 -1.617139 -0.112530
v -2.095018 -1.577594 -0.233159
v -2.226480 -1.481341 -0.338424
v -2.329863 -1.337800 -0.418022
v -2.395047 -1.161024 -0.464161
v -2.415653 -0.968315 -0.472324
v -2.389662 -0.778539 -0.441713
v -2.319619 -0.610270 -0.375324
v -2.212380 -0.479982 -0.279655
v -2.078443 -0.400426 -0.164071
v -1.930919 -0.379392 -0.039887
v -1.784247 -0.418937 0.080742
v -1.652785 -0.515191 0.186007
v -1.549402 -0.658731 0.265605
v -1.484218 -0.835508 0.311744
v -1.463613 -1.028216 0.319908
v -1.489604 -1.217993 0.289297
v -1.559646 -1.386261 0.222907
v -1.666885 -1.516549 0.127238
v -1.724552 -1.588593 -0.066371
v -1.864773 -1.610866 -0.198544
v -2.006158 -1.572664 -0.325740
v -2.134866 -1.477727 -0.435508
v -2.238299 -1.335349 -0.517102
v -2.306333 -1.159466 -0.562537
v -2.332307 -0.967294 -0.567364
v -2.313679 -0.777646 -0.531111
v -2.252273 -0.609085 -0.457327
v -2.154099 -0.478110 -0.353234
v -2.028767 -0.397544 -0.229022
v -1.888546 -0.375271 -0.096848
v -1.747161 -0.413473 0.030347
v -1.618453 -0.508410 0.140115
v -1.515020 -0.650788 0.221710
v -1.446986 -0.826671 0.267144
v -1.421012 -1.018843 0.271971
v -1.439640 -1.208491 0.235719
v -1.501046 -1.377052 0.161934
v -1.599220 -1.508026 0.057841
v -1.645373 -1.577014 -0.139431
v -1.778005 -1.600131 -0.279081
v -1.913921 -1.562979 -0.412401
v -2.039817 -1.469194 -0.526340
v -2.143370 -1.327956 -0.609746
v -2.214443 -1.153092 -0.654454
v -2.246079 -0.961717 -0.656087
v -2.235181 -0.772565 -0.614487
v -2.182816 -0.604152 -0.533724
v -2.094110 -0.472963 -0.421704
v -1.977745 -0.391839 -0.289394
v -1.845114 -0.368722 -0.149743
v -1.709198 -0.405874 -0.016423
v -1.583301 -0.499660 0.097516
v -1.479748 -0.640897 0.180922
v -1.408675 -0.815762 0.225630
v -1.377040 -1.007136 0.227263
v -1.387938 -1.196288 0.185662
v -1.440303 -1.364701 0.104899
v -1.529009 -1.495890 -0.007120
v -1.563723 -1.561325 -0.207498
v -1.688564 -1.584901 -0.354082
v -1.818910 -1.548518 -0.493056
v -1.942002 -1.455738 -0.610818
v -2.045791 -1.315642 -0.695840
v -2.120118 -1.141944 -0.739799
v -2.157706 -0.951647 -0.738393
v -2.154877 -0.763379 -0.691759
v -2.111907 -0.595568 -0.604461
v -2.033003 -0.464641 -0.485046
v -1.925888 -0.383414 -0.345202
v -1.801047 -0.359839 -0.198618
v -1.670701 -0.396222 -0.059644
v -1.547609 -0.489002 0.058118
v -1.443820 -0.629098 0.143140
v -1.369493 -0.802796 0.187099
v -1.331905 -0.993092 0.185693
v -1.334734 -1.181361 0.139059
v -1.377704 -1.349172 0.051761
v -1.456608 -1.480099 -0.067654
v -1.480045 -1.541489 -0.270581
v -1.596983 -1.565153 -0.423530
v -1.721740 -1.529280 -0.567670
v -1.842105 -1.437383 -0.688894
v -1.946294 -1.298457 -0.775333
v -2.024110 -1.126101 -0.818528
v -2.067935 -0.937186 -0.814250
v -2.073479 -0.750205 -0.762917
v -2.040199 -0.583460 -0.669555
v -1.971354 -0.453275 -0.543302
v -1.873682 -0.372391 -0.396517
v -1.756744 -0.348728 -0.243568
v -1.631987 -0.384600 -0.099427
v -1.511623 -0.476497 0.021796
v -1.407433 -0.615423 0.108235
v -1.329617 -0.787780 0.151430
v -1.285793 -0.976695 0.147152
v -1.280248 -1.163676 0.095819
v -1.313528 -1.330420 0.002457
v -1.382373 -1.460606 -0.123796
v -1.394785 -1.517474 -0.328720
v -1.503802 -1.540877 -0.487450
v -1.623038 -1.505286 -0.636258
v -1.740820 -1.414183 -0.760578
v -1.845618 -1.276487 -0.848241
v -1.927175 -1.105676 -0.890665
v -1.977508 -0.918470 -0.883698
v -1.991688 -0.733195 -0.828022
v -1.968329 -0.567987 -0.729087
v -1.909716 -0.439016 -0.596577
v -1.821587 -0.358909 -0.443463
v -1.712570 -0.335505 -0.284733
v -1.593334 -0.371097 -0.135925
v -1.475552 -0.462200 -0.011605
v -1.370754 -0.599896 0.076058
v -1.289197 -0.770707 0.118483
v -1.238864 -0.957912 0.111516
v -1.224684 -1.143187 0.055840
v -1.248043 -1.308396 -0.043096
v -1.306656 -1.437366 -0.175606
v -1.308393 -1.489258 -0.381989
v -1.409569 -1.512085 -0.545910
v -1.523436 -1.476581 -0.698886
v -1.638846 -1.386222 -0.825943
v -1.744503 -1.249853 -0.914644
v -1.830065 -1.080823 -0.956306
v -1.887155 -0.895677 -0.946851
v -1.910185 -0.712539 -0.887205
v -1.896902 -0.549335 -0.783205
v -1.848605 -0.422041 -0.645033
v -1.770023 -0.343118 -0.486214
v -1.668846 -0.320291 -0.322293
v -1.554979 -0.355795 -0.169317
v -1.439569 -0.446154 -0.042260
v -1.333912 -0.582523 0.046441
v -1.248351 -0.751553 0.088103
v -1.191261 -0.936699 0.078648
v -1.168230 -1.119837 0.019002
v -1.181513 -1.283041 -0.084998
v -1.229810 -1.410335 -0.223170
v -1.221325 -1.456832 -0.430497
v -1.314836 -1.478807 -0.599022
v -1.423570 -1.443244 -0.755675
v -1.536882 -1.353625 -0.885121
v -1.643680 -1.218721 -0.974691
v -1.733511 -1.051738 -1.015616
v -1.797581 -0.869022 -1.003891
v -1.829619 -0.688457 -0.940662
v -1.826488 -0.527720 -0.832120
v -1.788496 -0.402544 -0.688889
v -1.719360 -0.325181 -0.524989
v -1.625848 -0.303206 -0.356465
v -1.517115 -0.338769 -0.199812
v -1.403803 -0.428388 -0.070365
v -1.297005 -0.563292 0.019205
v -1.207174 -0.730275 0.060130
v -1.143103 -0.912991 0.048404
v -1.111066 -1.093556 -0.014824
v -1.114196 -1.254293 -0.123367
v -1.152189 -1.379470 -0.266598
v -1.134041 -1.420206 -0.474388
v -1.220157 -1.441105 -0.646942
v -1.324072 -1.405389 -0.806798
v -1.435613 -1.316554 -0.938307
v -1.543861 -1.183296 -1.028598
v -1.638221 -1.018659 -1.068831
v -1.709456 -0.838760 -1.055068
v -1.750593 -0.661207 -0.988657
v -1.757606 -0.503381 -0.876098
v -1.729807 -0.380731 -0.728409
v -1.669918 -0.305263 -0.560047
v -1.583801 -0.284364 -0.387493
v -1.479887 -0.320080 -0.227637
v -1.368346 -0.408915 -0.096128
v -1.260098 -0.542173 -0.005837
v -1.165737 -0.706809 0.034396
v -1.094502 -0.886709 0.020633
v -1.053365 -1.064262 -0.045778
v -1.046353 -1.222088 -0.158337
v -1.074152 -1.344738 -0.306026
v -1.047002 -1.379413 -0.513841
v -1.126083 -1.399071 -0.689873
v -1.225564 -1.363168 -0.852484
v -1.335707 -1.275218 -0.985756
v -1.445729 -1.143831 -1.076643
v -1.544861 -0.981869 -1.116248
v -1.623400 -0.805184 -1.100696
v -1.673657 -0.631072 -1.031507
v -1.690713 -0.476576 -0.915455
v -1.672898 -0.356820 -0.763901
v -1.621956 -0.283526 -0.591678
v -1.542875 -0.263868 -0.415645
v -1.443394 -0.299772 -0.253035
v -1.333252 -0.387721 -0.119763
v -1.223229 -0.519108 -0.028876
v -1.124097 -0.681071 0.010729
v -1.045559 -0.857756 -0.004823
v -0.995302 -1.031867 -0.074012
v -0.978246 -1.186363 -0.190063
v -0.996060 -1.306119 -0.341618
v -0.960670 -1.334516 -0.549075
v -1.033159 -1.352836 -0.728065
v -1.128652 -1.316778 -0.893016
v -1.237802 -1.229872 -1.027780
v -1.349925 -1.100625 -1.119166
v -1.454045 -0.941688 -1.158228
v -1.539971 -0.768620 -1.141143
v -1.599291 -0.598361 -1.069583
v -1.626198 -0.447578 -0.950553
v -1.618060 -0.331030 -0.795705
v -1.575672 -0.260125 -0.620195
v -1.503184 -0.241806 -0.441205
v -1.407691 -0.277864 -0.276254
v -1.298540 -0.364770 -0.141490
v -1.186417 -0.494017 -0.050104
v -1.082297 -0.652953 -0.011042
v -0.996372 -0.826022 -0.028127
v -0.937052 -0.996280 -0.099687
v -0.910144 -1.147064 -0.218717
v -0.918282 -1.263612 -0.373565
v -0.875503 -1.285612 -0.580347
v -0.941911 -1.302573 -0.761813
v -1.033910 -1.266463 -0.928726
v -1.142495 -1.180817 -1.064747
v -1.257037 -1.054018 -1.156562
v -1.366324 -0.898478 -1.195182
v -1.459658 -0.729423 -1.176828
v -1.527903 -0.563401 -1.103296
v -1.564378 -0.416663 -0.981784
v -1.565513 -0.303572 -0.824186
v -1.531198 -0.235200 -0.645929
v -1.464790 -0.218239 -0.464462
v -1.372791 -0.254349 -0.297549
v -1.264206 -0.339995 -0.161528
v -1.149664 -0.466794 -0.069714
v -1.040377 -0.622334 -0.031093
v -0.947043 -0.791389 -0.049448
v -0.878798 -0.957411 -0.122980
v -0.842323 -1.104149 -0.244492
v -0.841188 -1.217240 -0.402090
v -0.791948 -1.232839 -0.607952
v -0.852845 -1.248503 -0.791457
v -0.941878 -1.212517 -0.959997
v -1.050332 -1.128403 -1.097075
v -1.167590 -1.004396 -1.189274
v -1.282174 -0.852634 -1.227567
v -1.382869 -0.687972 -1.208206
v -1.459816 -0.526529 -1.133087
v -1.505485 -0.384107 -1.009563
v -1.515405 -0.274649 -0.849724
v -1.488604 -0.208868 -0.669219
v -1.427707 -0.193204 -0.485714
v -1.338674 -0.229190 -0.317174
v -1.230220 -0.313304 -0.180095
v -1.112962 -0.437311 -0.087897
v -0.998378 -0.589073 -0.049604
v -0.897684 -0.753735 -0.068965
v -0.820736 -0.915179 -0.144084
v -0.775067 -1.057600 -0.267608
v -0.765147 -1.167058 -0.427446
v -0.710432 -1.176383 -0.632225
v -0.766432 -1.190896 -0.817377
v -0.853045 -1.155281 -0.987252
v -0.961793 -1.073026 -1.125222
v -1.082029 -0.952181 -1.217781
v -1.201986 -0.804575 -1.255870
v -1.309921 -0.644658 -1.235760
v -1.395267 -0.488083 -1.159419
v -1.449672 -0.350177 -1.034320
v -1.467809 -0.244439 -0.872708
v -1.447903 -0.181219 -0.690404
v -1.391903 -0.166706 -0.505253
v -1.305290 -0.202320 -0.335378
v -1.196542 -0.284576 -0.197408
v -1.076305 -0.405421 -0.104848
v -0.956349 -0.553026 -0.066759
v -0.848414 -0.712943 -0.086870
v -0.763068 -0.869518 -0.163211
v -0.708663 -1.007425 -0.288310
v -0.690526 -1.113163 -0.449921
v -0.631357 -1.116478 -0.653534
v -0.683100 -1.130072 -0.839990
v -0.767840 -1.095147 -1.010949
v -0.877284 -1.015119 -1.149676
v -1.000719 -0.897824 -1.242593
v -1.126060 -0.754742 -1.280604
v -1.241040 -0.599879 -1.259987
v -1.334402 -0.448395 -1.182762
v -1.397009 -0.315118 -1.056487
v -1.422732 -0.213093 -0.893524
v -1.409052 -0.152309 -0.709823
v -1.357310 -0.138714 -0.523368
v -1.272569 -0.173640 -0.352409
v -1.163125 -0.253667 -0.213681
v -1.039690 -0.370963 -0.120765
v -0.914349 -0.514045 -0.082754
v -0.799369 -0.668907 -0.103370
v -0.706007 -0.820392 -0.180596
v -0.643400 -0.953669 -0.306870
v -0.617677 -1.055693 -0.469834
v -0.555088 -1.053412 -0.672280
v -0.603221 -1.066405 -0.859742
v -0.686624 -1.032548 -1.031572
v -0.797131 -0.955154 -1.170949
v -0.923927 -0.841800 -1.264231
v -1.054598 -0.703581 -1.302286
v -1.176355 -0.554027 -1.281389
v -1.277279 -0.407777 -1.203586
v -1.347490 -0.279148 -1.076492
v -1.380116 -0.180731 -0.912550
v -1.371963 -0.122159 -0.727805
v -1.323830 -0.109165 -0.540343
v -1.240427 -0.143023 -0.368513
v -1.129920 -0.220416 -0.229136
v -1.003124 -0.333771 -0.135854
v -0.872453 -0.471990 -0.097799
v -0.750696 -0.621544 -0.118696
v -0.649772 -0.767793 -0.196499
v -0.579561 -0.896422 -0.323592
v -0.546935 -0.994840 -0.487535
v -0.481943 -0.987526 -0.688884
v -0.527108 -1.000313 -0.877097
v -0.609676 -0.967958 -1.049618
v -0.721567 -0.893627 -1.189557
v -0.851827 -0.784596 -1.283218
v -0.987706 -0.651538 -1.321431
v -1.115903 -0.507477 -1.300456
v -1.223869 -0.366516 -1.222347
v -1.301035 -0.242452 -1.094749
v -1.339848 -0.147430 -0.930152
v -1.336509 -0.090751 -0.744669
v -1.291345 -0.077963 -0.556455
v -1.208776 -0.110319 -0.383935
v -1.096886 -0.184650 -0.243995
v -0.966625 -0.293681 -0.150335
v -0.830747 -0.426739 -0.112122
v -0.702550 -0.570799 -0.133096
v -0.594584 -0.711761 -0.211206
v -0.517418 -0.835825 -0.338804
v -0.478604 -0.930847 -0.503400
v -0.412185 -0.919212 -0.703785
v -0.454996 -0.932259 -0.892530
v -0.537194 -0.901881 -1.065586
v -0.650731 -0.831049 -1.206014
v -0.784495 -0.726699 -1.300067
v -0.925392 -0.599043 -1.338538
v -1.059629 -0.460579 -1.317662
v -1.174067 -0.324860 -1.239483
v -1.257503 -0.205171 -1.111652
v -1.301771 -0.113228 -0.946684
v -1.302536 -0.058031 -0.760725
v -1.259725 -0.044983 -0.571980
v -1.177528 -0.075362 -0.398924
v -1.063990 -0.146193 -0.258497
v -0.930226 -0.250544 -0.164444
v -0.789330 -0.378199 -0.125973
v -0.655093 -0.516663 -0.146848
v -0.540655 -0.652383 -0.225028
v -0.457219 -0.772072 -0.352858
v -0.412951 -0.864015 -0.517827
v -0.346011 -0.848909 -0.717427
v -0.387047 -0.862741 -0.906510
v -0.469283 -0.834840 -1.079965
v -0.584668 -0.767938 -1.220812
v -0.721909 -0.668584 -1.315265
v -0.867572 -0.546503 -1.354078
v -1.007397 -0.413645 -1.333451
v -1.127698 -0.283015 -1.255403
v -1.216699 -0.167401 -1.127576
v -1.265687 -0.078119 -0.962480
v -1.269868 -0.023909 -0.776277
v -1.228832 -0.010078 -0.587193
v -1.146597 -0.037979 -0.413739
v -1.031211 -0.104880 -0.272891
v -0.893970 -0.204235 -0.178438
v -0.748307 -0.326316 -0.139626
v -0.608482 -0.459174 -0.160253
v -0.488181 -0.589803 -0.238300
v -0.399181 -0.705417 -0.366128
v -0.350192 -0.794699 -0.531224
v -0.283548 -0.777098 -0.730244
v -0.323336 -0.792280 -0.919490
v -0.405960 -0.767368 -1.093215
v -0.523331 -0.704801 -1.234415
v -0.663959 -0.610703 -1.329266
v -0.814080 -0.494284 -1.368485
v -0.958999 -0.366941 -1.348232
v -1.084529 -0.241139 -1.270491
v -1.178384 -0.129193 -1.142870
v -1.231375 -0.042060 -0.977862
v -1.238316 0.011731 -0.791620
v -1.198528 0.026913 -0.602374
v -1.115904 0.002002 -0.428649
v -0.998534 -0.060566 -0.287450
v -0.857905 -0.154664 -0.192598
v -0.707784 -0.271083 -0.153379
v -0.562865 -0.398426 -0.173632
v -0.437335 -0.524228 -0.251373
v -0.343480 -0.636174 -0.378994
v -0.290489 -0.723307 -0.544002
v -0.224848 -0.704288 -0.742652
v -0.263860 -0.721414 -0.931894
v -0.347156 -0.699995 -1.105764
v -0.466584 -0.642125 -1.247242
v -0.610452 -0.553471 -1.342479
v -0.764678 -0.442710 -1.382152
v -0.914165 -0.320684 -1.362380
v -1.044281 -0.199338 -1.285095
v -1.142288 -0.090550 -1.157865
v -1.198593 -0.004969 -0.993143
v -1.207685 0.049027 -0.807053
v -1.168673 0.066154 -0.617811
v -1.085377 0.044734 -0.443941
v -0.965949 -0.013135 -0.302464
v -0.822081 -0.101790 -0.207227
v -0.667855 -0.212551 -0.167553
v -0.518368 -0.334577 -0.187326
v -0.388252 -0.455923 -0.264610
v -0.290245 -0.564711 -0.391840
v -0.233940 -0.650291 -0.556562
v -0.169888 -0.631010 -0.755035
v -0.208531 -0.650681 -0.944105
v -0.292720 -0.633229 -1.117989
v -0.414215 -0.580363 -1.259664
v -0.561124 -0.497257 -1.355262
v -0.719065 -0.392047 -1.395427
v -0.872578 -0.275031 -1.376226
v -1.006636 -0.157663 -1.299539
v -1.108118 -0.051433 -1.172872
v -1.167088 0.033261 -1.008625
v -1.177775 0.088129 -0.822875
v -1.139132 0.107800 -0.633805
v -1.054943 0.090348 -0.459922
v -0.933448 0.037482 -0.318247
v -0.786539 -0.045624 -0.222648
v -0.628598 -0.150834 -0.182483
v -0.475085 -0.267850 -0.201684
v -0.341026 -0.385217 -0.278372
v -0.239545 -0.491448 -0.405038
v -0.180575 -0.576142 -0.569285
v -0.118572 -0.557802 -0.767731
v -0.157189 -0.580605 -0.956455
v -0.242429 -0.567553 -1.130212
v -0.365947 -0.519922 -1.271994
v -0.515653 -0.442376 -1.367924
v -0.676893 -0.342505 -1.408609
v -0.833883 -0.230085 -1.390069
v -0.971256 -0.116121 -1.314117
v -1.075564 -0.011769 -1.188189
v -1.136599 0.072758 -1.024611
v -1.148384 0.129184 -0.839395
v -1.109767 0.151987 -0.650672
v -1.024527 0.138934 -0.476914
v -0.901009 0.091304 -0.335132
v -0.751303 0.013758 -0.239202
v -0.590063 -0.086113 -0.198517
v -0.433073 -0.198533 -0.217057
v -0.295701 -0.312497 -0.293009
v -0.191392 -0.416850 -0.418937
v -0.130357 -0.501376 -0.582515
v -0.070736 -0.485196 -0.781025
v -0.109609 -0.511686 -0.969214
v -0.195998 -0.503402 -1.142696
v -0.321446 -0.461154 -1.284490
v -0.473674 -0.389078 -1.380717
v -0.637780 -0.294229 -1.421957
v -0.797700 -0.185892 -1.404173
v -0.937781 -0.074672 -1.329106
v -1.044311 0.028545 -1.204104
v -1.106860 0.113655 -1.041403
v -1.119308 0.172327 -0.856929
v -1.080434 0.198817 -0.668741
v -0.994045 0.190533 -0.495259
v -0.868597 0.148285 -0.353464
v -0.716370 0.076209 -0.257238
v -0.552264 -0.018639 -0.215998
v -0.392343 -0.126977 -0.233782
v -0.252262 -0.238197 -0.308849
v -0.145733 -0.341414 -0.433851
v -0.083183 -0.426524 -0.596552
v -0.026158 -0.413701 -0.795141
v -0.065511 -0.444383 -0.982591
v -0.153097 -0.441161 -1.155641
v -0.280341 -0.404349 -1.297350
v -0.434789 -0.337551 -1.393848
v -0.601321 -0.247306 -1.435688
v -0.763637 -0.142447 -1.418775
v -0.905847 -0.033240 -1.344764
v -1.014032 0.069627 -1.220900
v -1.077602 0.156083 -1.059308
v -1.090333 0.217667 -0.875806
v -1.050979 0.248349 -0.688355
v -0.963394 0.245126 -0.515306
v -0.836150 0.208314 -0.373597
v -0.681702 0.141517 -0.277099
v -0.515170 0.051272 -0.235259
v -0.352854 -0.053587 -0.252172
v -0.210644 -0.162794 -0.326183
v -0.102459 -0.265661 -0.450046
v -0.038889 -0.352118 -0.611638
v 0.015433 -0.343795 -0.810235
v -0.024573 -0.379106 -0.996731
v -0.113358 -0.381150 -1.169186
v -0.242232 -0.349728 -1.310719
v -0.398581 -0.287914 -1.407477
v -0.567098 -0.201761 -1.449988
v -0.731289 -0.099701 -1.434091
v -0.875082 0.008275 -1.361342
v -0.984401 0.111599 -1.238862
v -1.048545 0.200155 -1.078640
v -1.061236 0.265276 -0.896360
v -1.021230 0.300586 -0.709864
v -0.932445 0.302631 -0.537409
v -0.803570 0.271208 -0.395876
v -0.647222 0.209395 -0.299118
v -0.478705 0.123242 -0.256607
v -0.314513 0.021181 -0.272504
v -0.170721 -0.086795 -0.345253
v -0.061402 -0.190118 -0.467733
v 0.002742 -0.278675 -0.627955
v 0.054344 -0.275910 -0.826400
v 0.013558 -0.316204 -1.011712
v -0.076394 -0.323624 -1.183413
v -0.206707 -0.297444 -1.324696
v -0.364625 -0.240226 -1.421731
v -0.534690 -0.157571 -1.465020
v -0.700254 -0.057570 -1.450324
v -0.845112 0.049988 -1.379083
v -0.955083 0.154575 -1.258271
v -1.019403 0.245953 -1.099712
v -1.031775 0.315177 -0.918928
v -0.990989 0.355471 -0.733616
v -0.901037 0.362892 -0.561915
v -0.770724 0.336711 -0.420632
v -0.612806 0.279493 -0.323597
v -0.442741 0.196838 -0.280309
v -0.277177 0.096837 -0.295004
v -0.132319 -0.010721 -0.366245
v -0.022348 -0.115308 -0.487058
v 0.041972 -0.206686 -0.645616
v 0.090907 -0.210419 -0.843661
v 0.049249 -0.255960 -1.027559
v -0.041807 -0.268765 -1.198359
v -0.173348 -0.247582 -1.339342
v -0.332496 -0.194484 -1.436707
v -0.503675 -0.114668 -1.480925
v -0.670127 -0.015948 -1.467666
v -0.815558 0.092014 -1.398228
v -0.925735 0.198649 -1.279409
v -0.989870 0.293519 -1.122839
v -1.001687 0.367337 -0.943845
v -0.960029 0.412878 -0.759947
v -0.868973 0.425684 -0.589148
v -0.737432 0.404501 -0.448165
v -0.578284 0.351402 -0.350799
v -0.407105 0.271587 -0.306582
v -0.240653 0.172866 -0.319841
v -0.095222 0.064904 -0.389278
v 0.014955 -0.041731 -0.508097
v 0.079090 -0.136600 -0.664667
v 0.125464 -0.147633 -0.861989
v 0.082871 -0.198585 -1.044245
v -0.009202 -0.216686 -1.214018
v -0.141742 -0.200164 -1.354687
v -0.301775 -0.150638 -1.452484
v -0.473636 -0.072954 -1.497836
v -0.640502 0.025283 -1.486303
v -0.786039 0.134456 -1.419013
v -0.896001 0.243880 -1.302555
v -0.959624 0.342843 -1.148327
v -0.970680 0.421658 -0.971426
v -0.928087 0.472609 -0.789170
v -0.836014 0.490710 -0.619397
v -0.703474 0.474189 -0.478728
v -0.543441 0.424662 -0.380931
v -0.371580 0.346979 -0.335579
v -0.204713 0.248742 -0.347113
v -0.059176 0.139568 -0.414402
v 0.050785 0.030145 -0.530860
v 0.114408 -0.068818 -0.685088
v 0.158358 -0.087793 -0.881301
v 0.114792 -0.144218 -1.061706
v 0.021809 -0.167429 -1.230357
v -0.111488 -0.155154 -1.370746
v -0.272051 -0.108595 -1.469130
v -0.444163 -0.032309 -1.515879
v -0.610978 0.066237 -1.506416
v -0.756165 0.177395 -1.441669
v -0.865512 0.290286 -1.327974
v -0.928317 0.393858 -1.176462
v -0.938432 0.477974 -1.001962
v -0.894865 0.534399 -0.821557
v -0.801882 0.557610 -0.652906
v -0.668586 0.545335 -0.512517
v -0.508022 0.498776 -0.414133
v -0.335910 0.422490 -0.367384
v -0.169096 0.323944 -0.376847
v -0.023909 0.212785 -0.441594
v 0.085439 0.099895 -0.555289
v 0.148244 -0.003678 -0.706802
v 0.189925 -0.031070 -0.901479
v 0.145366 -0.092931 -1.079848
v 0.051600 -0.120980 -1.247326
v -0.082195 -0.112471 -1.387520
v -0.242922 -0.068237 -1.486705
v -0.414849 0.007393 -1.535174
v -0.581145 0.107014 -1.528182
v -0.725533 0.220875 -1.466413
v -0.833879 0.337832 -1.355914
v -0.895577 0.446434 -1.207500
v -0.904588 0.536053 -1.035700
v -0.860029 0.597914 -0.857331
v -0.766263 0.625963 -0.689853
v -0.632468 0.617454 -0.549660
v -0.471741 0.573220 -0.450474
v -0.299815 0.497590 -0.402005
v -0.133518 0.397969 -0.408997
v 0.010870 0.284108 -0.470766
v 0.119216 0.167151 -0.581266
v 0.180914 0.058549 -0.729679
v 0.220481 0.022439 -0.922375
v 0.174930 -0.044727 -1.098561
v 0.080527 -0.077267 -1.264865
v -0.053488 -0.071995 -1.405007
v -0.213997 -0.029426 -1.505270
v -0.385287 0.046272 -1.555839
v -0.550592 0.147689 -1.551765
v -0.693730 0.264898 -1.493445
v -0.800691 0.386425 -1.386589
v -0.861003 0.500376 -1.241656
v -0.868764 0.595595 -1.072834
v -0.823213 0.662761 -0.896648
v -0.728810 0.695301 -0.730344
v -0.594795 0.690029 -0.590202
v -0.434286 0.647460 -0.489939
v -0.262996 0.571762 -0.439370
v -0.097691 0.470345 -0.443444
v 0.045447 0.353136 -0.501764
v 0.152408 0.231609 -0.608620
v 0.212720 0.117658 -0.753553
v 0.250327 0.072701 -0.943828
v 0.203802 0.000444 -1.117730
v 0.108929 -0.036179 -1.282914
v -0.025004 -0.033584 -1.423209
v -0.184889 0.007975 -1.524883
v -0.355073 0.084431 -1.577983
v -0.518898 0.188299 -1.577311
v -0.660329 0.309412 -1.522933
v -0.765519 0.435914 -1.420172
v -0.824174 0.555423 -1.279087
v -0.830550 0.656240 -1.113488
v -0.784025 0.728497 -0.939585
v -0.689152 0.765120 -0.774402
v -0.555219 0.762525 -0.634107
v -0.395334 0.720966 -0.532433
v -0.225150 0.644510 -0.479333
v -0.061325 0.540642 -0.480005
v 0.080106 0.419529 -0.534383
v 0.185296 0.293027 -0.637144
v 0.243951 0.173518 -0.778229
v 0.279741 0.119742 -0.965671
v 0.232279 0.042683 -1.137243
v 0.137130 0.002427 -1.301419
v 0.003608 0.002914 -1.442129
v -0.155218 0.044098 -1.545599
v -0.323800 0.121947 -1.601700
v -0.485637 0.228840 -1.604942
v -0.624886 0.354313 -1.555005
v -0.727918 0.486086 -1.456780
v -0.784646 0.611258 -1.319880
v -0.789518 0.717578 -1.157707
v -0.742057 0.794637 -0.986135
v -0.646908 0.834893 -0.821958
v -0.513386 0.834405 -0.681248
v -0.354560 0.793221 -0.577778
v -0.185978 0.715373 -0.521677
v -0.024141 0.608480 -0.518436
v 0.115109 0.483006 -0.568372
v 0.218140 0.351234 -0.666597
v 0.274869 0.226061 -0.803497
v 0.308977 0.163641 -0.987743
v 0.260642 0.082124 -1.156996
v 0.165441 0.038712 -1.320336
v 0.032695 0.037654 -1.461775
v -0.124604 0.079054 -1.567467
v -0.291057 0.158859 -1.627068
v -0.450372 0.269257 -1.634742
v -0.586952 0.399442 -1.589738
v -0.687430 0.536671 -1.496462
v -0.741968 0.667510 -1.364045
v -0.745230 0.779152 -1.205447
v -0.696894 0.860669 -1.036195
v -0.601694 0.904081 -0.872855
v -0.468947 0.905139 -0.731416
v -0.311649 0.863740 -0.625723
v -0.145195 0.783935 -0.566123
v 0.014119 0.673537 -0.558449
v 0.150700 0.543351 -0.603452
v 0.251177 0.406123 -0.696728
v 0.305716 0.275284 -0.829146
v 0.338275 0.204519 -1.009897
v 0.289156 0.118930 -1.176899
v 0.194163 0.072846 -1.339627
v 0.062595 0.070776 -1.482151
v -0.092670 0.112925 -1.590522
v -0.256433 0.195165 -1.654129
v -0.412664 0.309447 -1.666748
v -0.546070 0.444584 -1.627143
v -0.643592 0.587348 -1.539191
v -0.695684 0.723764 -1.411500
v -0.697248 0.840479 -1.256571
v -0.648129 0.926067 -1.089569
v -0.553137 0.972152 -0.926841
v -0.421568 0.974221 -0.784316
v -0.266304 0.932072 -0.675946
v -0.102541 0.849832 -0.612338
v 0.053690 0.735550 -0.599720
v 0.187096 0.600413 -0.639325
v 0.284619 0.457649 -0.727277
v 0.336711 0.321233 -0.854968
v 0.367856 0.242522 -1.032000
v 0.318077 0.153272 -1.196877
v 0.223591 0.104990 -1.359262
v 0.093646 0.102401 -1.503260
v -0.059037 0.145759 -1.614775
v -0.219513 0.230820 -1.682892
v -0.372074 0.349257 -1.700943
v -0.501784 0.489477 -1.667160
v -0.595949 0.637754 -1.584851
v -0.645349 0.779574 -1.462073
v -0.645150 0.901054 -1.310844
v -0.595371 0.990303 -1.145967
v -0.500885 1.038586 -0.983582
v -0.370940 1.041175 -0.839585
v -0.218256 0.997817 -0.728069
v -0.057780 0.912756 -0.659952
v 0.094780 0.794319 -0.641902
v 0.224490 0.654099 -0.675684
v 0.318655 0.505822 -0.757993
v 0.368055 0.364002 -0.880771
v 0.397934 0.277818 -1.053940
v 0.347654 0.185326 -1.216866
v 0.254014 0.135295 -1.379212
v 0.126180 0.132620 -1.525086
v -0.023333 0.177566 -1.640209
v -0.179892 0.265731 -1.713312
v -0.328171 0.388486 -1.737239
v -0.453654 0.533814 -1.709649
v -0.544060 0.687490 -1.633241
v -0.590538 0.834471 -1.515495
v -0.588540 0.960370 -1.367937
v -0.538259 1.052862 -1.205011
v -0.444620 1.102893 -1.042665
v -0.316786 1.105567 -0.896791
v -0.167272 1.060622 -0.781668
v -0.010714 0.972457 -0.708565
v 0.137565 0.849702 -0.684638
v 0.263048 0.704374 -0.712229
v 0.353454 0.550698 -0.788637
v 0.399933 0.403717 -0.906383
v 0.428712 0.310581 -1.075621
v 0.378130 0.215258 -1.236813
v 0.285719 0.163885 -1.399444
v 0.160528 0.161492 -1.547596
v 0.014809 0.208312 -1.666767
v -0.137172 0.299764 -1.745291
v -0.280540 0.426894 -1.775482
v -0.401260 0.577258 -1.754385
v -0.487515 0.736138 -1.684064
v -0.530862 0.887981 -1.571403
v -0.527057 1.017924 -1.427431
v -0.476475 1.113247 -1.266239
v -0.384065 1.164620 -1.103608
v -0.258873 1.167013 -0.955456
v -0.113154 1.120192 -0.836285
v 0.038827 1.028741 -0.757761
v 0.182195 0.901611 -0.727570
v 0.302914 0.751247 -0.748668
v 0.389169 0.592367 -0.818988
v 0.432516 0.440524 -0.931649
v 0.460392 0.340980 -1.096960
v 0.409746 0.243215 -1.256662
v 0.318991 0.190859 -1.419911
v 0.197010 0.189037 -1.570726
v 0.055745 0.237928 -1.694345
v -0.090977 0.332745 -1.778667
v -0.228793 0.464207 -1.815438
v -0.344214 0.619446 -1.801059
v -0.425940 0.783265 -1.736937
v -0.465973 0.939630 -1.629349
v -0.460392 1.073234 -1.488826
v -0.409746 1.170999 -1.329124
v -0.318991 1.223354 -1.165876
v -0.197010 1.225176 -1.015060
v -0.055745 1.176286 -0.891441
v 0.090977 1.081469 -0.807119
v 0.228793 0.950007 -0.770348
v 0.344214 0.794768 -0.784727
v 0.425940 0.630948 -0.848849
v 0.465973 0.474583 -0.956438
v 0.493173 0.369173 -1.117882
v 0.442741 0.269324 -1.276357
v 0.354103 0.216283 -1.440546
v 0.235937 0.215242 -1.594375
v 0.099809 0.266303 -1.722787
v -0.040956 0.364468 -1.813212
v -0.172578 0.500127 -1.856799
v -0.282174 0.660002 -1.849281
v -0.359016 0.828442 -1.791394
v -0.395581 0.988960 -1.688804
v -0.388291 1.125844 -1.551554
v -0.337859 1.225693 -1.393078
v -0.249221 1.278734 -1.228890
v -0.131055 1.279775 -1.075061
v 0.005073 1.228714 -0.946649
v 0.145838 1.130549 -0.856223
v 0.277461 0.994890 -0.812637
v 0.387057 0.835015 -0.820155
v 0.463898 0.666574 -0.878042
v 0.500464 0.506056 -0.980632
v 0.527251 0.395301 -1.138312
v 0.477348 0.293683 -1.295828
v 0.391324 0.240189 -1.461255
v 0.277600 0.240056 -1.618400
v 0.147309 0.293298 -1.751881
v 0.013203 0.394701 -1.848632
v -0.111590 0.534341 -1.899181
v -0.214854 0.698548 -1.898582
v -0.286481 0.871249 -1.846892
v -0.319460 1.035538 -1.749172
v -0.310562 1.175333 -1.614986
v -0.260659 1.276951 -1.457471
v -0.174635 1.330445 -1.292044
v -0.060911 1.330578 -1.134898
v 0.069381 1.277336 -1.001418
v 0.203487 1.175933 -0.904667
v 0.328279 1.036293 -0.854117
v 0.431543 0.872086 -0.854716
v 0.503170 0.699385 -0.906406
v 0.536149 0.535096 -1.004127
v 0.562820 0.419479 -1.158171
v 0.513793 0.316358 -1.314983
v 0.430903 0.262577 -1.481911
v 0.322266 0.263400 -1.642612
v 0.198515 0.318746 -1.781358
v 0.071765 0.423197 -1.884566
v -0.045578 0.566530 -1.942134
v -0.142028 0.734713 -1.948427
v -0.208143 0.911284 -1.902829
v -0.237451 1.078959 -1.809802
v -0.227084 1.221324 -1.678454
v -0.178056 1.324445 -1.521641
v -0.095166 1.378226 -1.354714
v 0.013471 1.377403 -1.194012
v 0.137221 1.322057 -1.055267
v 0.263972 1.217606 -0.952058
v 0.381315 1.074273 -0.894490
v 0.477765 0.906090 -0.888197
v 0.543879 0.729519 -0.933796
v 0.573188 0.561844 -1.026823
v 0.600068 0.441797 -1.177365
v 0.552287 0.337389 -1.333710
v 0.473069 0.283418 -1.502350
v 0.370168 0.285166 -1.666776
v 0.253658 0.342462 -1.810895
v 0.134942 0.449699 -1.920598
v 0.025642 0.596378 -1.985147
v -0.063542 0.768141 -1.998224
v -0.123883 0.948177 -1.958548
v -0.149471 1.118860 -1.870003
v -0.137804 1.263484 -1.741257
v -0.090023 1.367891 -1.584912
v -0.010805 1.421863 -1.416272
v 0.092096 1.420115 -1.251846
v 0.208607 1.362818 -1.107727
v 0.327322 1.255582 -0.998024
v 0.436622 1.108903 -0.933475
v 0.525807 0.937139 -0.920398
v 0.586147 0.757104 -0.960074
v 0.611736 0.586420 -1.048619
v 0.639173 0.462317 -1.195783
v 0.593026 0.356784 -1.351863
v 0.518022 0.302654 -1.522368
v 0.421501 0.305228 -1.690609
v 0.312912 0.364252 -1.840116
v 0.202884 0.473949 -1.956255
v 0.102189 0.623581 -2.027657
v 0.020681 0.798501 -2.047334
v -0.033659 0.981588 -2.013358
v -0.055513 1.154918 -1.929056
v -0.042742 1.301525 -1.802680
v 0.003405 1.407059 -1.646600
v 0.078410 1.461188 -1.476095
v 0.174931 1.458615 -1.307854
v 0.283519 1.399591 -1.158347
v 0.393547 1.289894 -1.042208
v 0.494243 1.140261 -0.970806
v 0.575750 0.965341 -0.951129
v 0.630090 0.782255 -0.985105
v 0.651944 0.608925 -1.069407
v 0.680297 0.481078 -1.213291
v 0.636181 0.374527 -1.369267
v 0.565927 0.320211 -1.541726
v 0.476412 0.323445 -1.713785
v 0.376398 0.383914 -1.868602
v 0.275675 0.495697 -1.991024
v 0.184102 0.647854 -2.069065
v 0.110645 0.825490 -2.095088
v 0.062492 1.011217 -2.066545
v 0.044357 1.186854 -1.986230
v 0.058016 1.335209 -1.862004
v 0.102132 1.441759 -1.706028
v 0.172386 1.496076 -1.533570
v 0.261901 1.492842 -1.361511
v 0.361916 1.432373 -1.206693
v 0.462638 1.320589 -1.084272
v 0.554211 1.168432 -1.006230
v 0.627669 0.990796 -0.980207
v 0.675821 0.805070 -1.008750
v 0.693956 0.629433 -1.089066
v 0.723582 0.498090 -1.229729
v 0.681891 0.390581 -1.385714
v 0.616909 0.335993 -1.560143
v 0.534996 0.339670 -1.735940
v 0.444171 0.401251 -1.895897
v 0.353325 0.514709 -2.024357
v 0.271349 0.668937 -2.108745
v 0.206268 0.848839 -2.140800
v 0.164454 1.036804 -2.117386
v 0.149998 1.214434 -2.040793
v 0.164316 1.364340 -1.918519
v 0.206007 1.471849 -1.762533
v 0.270989 1.526437 -1.588105
v 0.352901 1.522760 -1.412308
v 0.443726 1.461179 -1.252351
v 0.534573 1.347721 -1.123891
v 0.616549 1.193493 -1.039503
v 0.681629 1.013591 -1.007448
v 0.723444 0.825625 -1.030862
v 0.737900 0.647996 -1.107455
v 0.769144 0.513344 -1.244909
v 0.730262 0.404890 -1.400966
v 0.671047 0.349898 -1.577310
v 0.597294 0.353753 -1.756680
v 0.516225 0.416075 -1.921517
v 0.435774 0.530765 -2.055687
v 0.363817 0.686596 -2.146056
v 0.307397 0.868315 -2.183778
v 0.272036 1.058133 -2.165160
v 0.261197 1.237469 -2.092025
v 0.275941 1.388769 -1.971532
v 0.314823 1.497223 -1.815475
v 0.374038 1.552215 -1.639131
v 0.447790 1.548360 -1.459761
v 0.528860 1.486038 -1.294924
v 0.609311 1.371348 -1.160754
v 0.681268 1.215517 -1.070385
v 0.737688 1.033798 -1.032663
v 0.773049 0.843980 -1.051281
v 0.783888 0.664644 -1.124416
v 0.817070 0.526814 -1.258620
v 0.781358 0.417387 -1.414755
v 0.728368 0.361819 -1.592890
v 0.663286 0.365549 -1.775587
v 0.592483 0.428212 -1.944963
v 0.522890 0.543674 -2.084437
v 0.461320 0.700633 -2.180358
v 0.413798 0.883724 -2.223335
v 0.384977 1.075025 -2.209163
v 0.377678 1.255811 -2.139227
v 0.392615 1.408385 -2.020375
v 0.428327 1.517811 -1.864239
v 0.481317 1.573379 -1.686105
v 0.546399 1.569649 -1.503408
v 0.617202 1.506986 -1.334032
v 0.686794 1.391524 -1.194557
v 0.748365 1.234566 -1.098637
v 0.795887 1.051474 -1.055659
v 0.824708 0.860173 -1.069832
v 0.832007 0.679387 -1.139767
v 0.867408 0.538459 -1.270624
v 0.835200 0.427998 -1.426793
v 0.788849 0.371648 -1.606526
v 0.732891 0.374924 -1.792230
v 0.672804 0.437506 -1.965726
v 0.614469 0.553268 -2.110031
v 0.563598 0.710879 -2.211020
v 0.525169 0.894909 -2.258807
v 0.502944 1.087346 -2.248715
v 0.499099 1.269352 -2.181732
v 0.514011 1.423111 -2.064414
v 0.546218 1.533572 -1.908245
v 0.592569 1.589923 -1.728512
v 0.648527 1.586647 -1.542808
v 0.708614 1.524065 -1.369313
v 0.766949 1.408302 -1.225007
v 0.817820 1.250692 -1.124018
v 0.856249 1.066661 -1.076231
v 0.878474 0.874224 -1.086323
v 0.882319 0.692218 -1.153306
v 0.920167 0.548232 -1.280668
v 0.891761 0.436645 -1.436774
v 0.852410 0.379281 -1.617851
v 0.805967 0.381754 -1.806171
v 0.756979 0.443822 -1.983302
v 0.710239 0.559409 -2.131905
v 0.670325 0.717201 -2.237433
v 0.641141 0.901753 -2.289556
v 0.625547 1.094998 -2.283173
v 0.625067 1.278021 -2.218908
v 0.639748 1.432907 -2.103051
v 0.668155 1.544493 -1.946945
v 0.707506 1.601858 -1.765869
v 0.753948 1.599385 -1.577548
v 0.802937 1.537317 -1.400417
v 0.849676 1.421730 -1.251814
v 0.889591 1.263937 -1.146286
v 0.918774 1.079386 -1.094163
v 0.934369 0.886140 -1.100546
v 0.934849 0.703117 -1.164811
v 0.975317 0.556077 -1.288479
v 0.950966 0.443253 -1.444381
v 0.918920 0.384625 -1.626489
v 0.882317 0.385932 -1.816979
v 0.844739 0.447048 -1.997203
v 0.809865 0.561988 -2.149519
v 0.781109 0.719502 -2.259018
v 0.761285 0.904172 -2.314982
v 0.752334 1.097920 -2.311932
v 0.755132 1.281781 -2.250167
v 0.769405 1.437758 -2.135732
v 0.793757 1.550582 -1.979830
v 0.825803 1.609210 -1.797722
v 0.862406 1.607902 -1.607232
v 0.899984 1.546787 -1.427008
v 0.934858 1.431847 -1.274692
v 0.963614 1.274333 -1.165193
v 0.983438 1.089663 -1.109229
v 0.992389 0.895915 -1.112279
v 0.989591 0.712054 -1.174044
v 1.032782 0.561939 -1.293778
v 1.012692 0.447748 -1.449291
v 0.988192 0.387596 -1.632073
v 0.961682 0.387372 -1.824232
v 0.935757 0.447097 -2.006957
v 0.912952 0.560925 -2.162363
v 0.895502 0.717715 -2.275236
v 0.885115 0.902117 -2.334529
v 0.882806 1.096082 -2.334436
v 0.888802 1.280623 -2.274968
v 0.902517 1.437676 -2.161946
v 0.922607 1.551867 -2.006432
v 0.947106 1.612018 -1.823650
v 0.973616 1.612243 -1.631491
v 0.999542 1.552517 -1.448766
v 1.022346 1.438689 -1.293361
v 1.039796 1.281900 -1.180487
v 1.050183 1.097498 -1.121195
v 1.052492 0.903533 -1.121287
v 1.046496 0.718992 -1.180755
v 1.092440 0.565764 -1.296281
v 1.076767 0.450067 -1.451189
v 1.059991 0.388126 -1.634245
v 1.043756 0.386004 -1.827531
v 1.029650 0.443908 -2.012128
v 1.019055 0.556171 -2.169965
v 1.013007 0.711804 -2.285592
v 1.012098 0.895572 -2.347690
v 1.016418 1.089487 -2.350182
v 1.025543 1.274566 -2.292823
v 1.038581 1.432694 -2.181228
v 1.054254 1.548391 -2.026321
v 1.071029 1.610332 -1.843265
v 1.087265 1.612455 -1.649978
v 1.101370 1.554550 -1.465382
v 1.111966 1.442287 -1.307545
v 1.118014 1.286654 -1.191918
v 1.118922 1.102886 -1.129819
v 1.114603 0.908971 -1.127327
v 1.105478 0.723892 -1.184686
v 1.154129 0.567504 -1.295709
v 1.142974 0.450157 -1.449764
v 1.134033 0.386161 -1.632664
v 1.128181 0.381780 -1.826505
v 1.125992 0.437444 -2.012312
v 1.127680 0.547704 -2.171899
v 1.133079 0.701766 -2.289642
v 1.141661 0.884550 -2.354017
v 1.152586 1.078163 -2.358722
v 1.164785 1.263654 -2.303297
v 1.177062 1.422866 -2.193166
v 1.188218 1.540213 -2.039111
v 1.197159 1.604209 -1.856211
v 1.203011 1.608589 -1.662370
v 1.205200 1.552925 -1.476563
v 1.203512 1.442666 -1.316976
v 1.198113 1.288604 -1.199233
v 1.189531 1.105820 -1.134858
v 1.178606 0.912206 -1.130153
v 1.166407 0.726715 -1.185578
v 1.217643 0.567116 -1.291789
v 1.211053 0.447974 -1.444726
v 1.209990 0.381664 -1.627015
v 1.214558 0.374675 -1.820814
v 1.224311 0.427693 -2.007152
v 1.238293 0.535526 -2.167789
v 1.255137 0.687621 -2.287000
v 1.273192 0.869088 -2.353116
v 1.290693 1.062165 -2.359666
v 1.305925 1.247951 -2.306009
v 1.317398 1.408261 -2.197395
v 1.323988 1.527403 -2.044459
v 1.325051 1.593713 -1.862169
v 1.320483 1.600702 -1.668370
v 1.310730 1.547684 -1.482032
v 1.296748 1.439850 -1.321396
v 1.279904 1.287756 -1.202184
v 1.261849 1.106289 -1.136068
v 1.244348 0.913212 -1.129518
v 1.229116 0.727426 -1.183176
v 1.282736 0.564567 -1.284264
v 1.280704 0.443491 -1.435803
v 1.287497 0.374615 -1.617015
v 1.302451 0.364682 -1.810161
v 1.324101 0.414665 -1.996335
v 1.350330 0.519669 -2.157313
v 1.378568 0.669417 -2.277337
v 1.406052 0.849251 -2.344659
v 1.430093 1.041567 -2.352688
v 1.448335 1.227540 -2.300638
v 1.458994 1.388965 -2.193605
v 1.461027 1.510041 -2.042066
v 1.454234 1.578916 -1.860854
v 1.439280 1.588849 -1.667708
v 1.417630 1.538867 -1.481534
v 1.391401 1.433863 -1.320556
v 1.363163 1.284114 -1.200532
v 1.335678 1.104281 -1.133210
v 1.311638 0.911965 -1.125181
v 1.293396 0.725992 -1.177231
v 1.349126 0.559836 -1.272896
v 1.351591 0.436692 -1.422754
v 1.366155 0.365013 -1.602414
v 1.391390 0.351816 -1.794291
v 1.424828 0.398393 -1.979602
v 1.463195 0.500184 -2.140208
v 1.502736 0.647226 -2.260388
v 1.539579 0.825124 -2.328377
v 1.570119 1.016465 -2.337520
v 1.591365 1.202520 -2.286923
v 1.601239 1.365075 -2.181537
v 1.598774 1.488219 -2.031680
v 1.584211 1.559897 -1.852020
v 1.558975 1.573094 -1.660143
v 1.525537 1.526517 -1.474831
v 1.487170 1.424726 -1.314225
v 1.447629 1.277685 -1.194046
v 1.410786 1.099786 -1.126057
v 1.380247 0.908445 -1.116914
v 1.359000 0.722391 -1.167511
v 1.416496 0.552910 -1.257474
v 1.423349 0.427576 -1.405366
v 1.445536 0.352872 -1.583003
v 1.480884 0.336110 -1.772996
v 1.525935 0.378932 -1.956747
v 1.576277 0.477146 -2.116269
v 1.626984 0.621137 -2.235948
v 1.673091 0.796812 -2.304068
v 1.710086 0.986973 -2.313962
v 1.734346 1.173007 -2.264660
v 1.743498 1.336702 -2.160989
v 1.736645 1.462037 -2.013096
v 1.714459 1.536741 -1.835460
v 1.679110 1.553502 -1.645467
v 1.634059 1.510680 -1.461716
v 1.583717 1.412466 -1.302193
v 1.533010 1.268475 -1.182514
v 1.486903 1.092800 -1.114394
v 1.449908 0.902639 -1.104501
v 1.425648 0.716606 -1.153803
v 1.484502 0.543791 -1.237812
v 1.495584 0.416156 -1.383464
v 1.525189 0.338222 -1.558614
v 1.570419 0.317616 -1.746117
v 1.626847 0.356355 -1.927619
v 1.688949 0.450647 -2.085353
v 1.750645 0.591262 -2.203880
v 1.805898 0.764437 -2.271596
v 1.849297 0.953219 -2.281874
v 1.876596 1.139129 -2.233707
v 1.885121 1.303969 -2.131811
v 1.874039 1.431603 -1.986159
v 1.844434 1.509537 -1.811009
v 1.799204 1.530144 -1.623506
v 1.742776 1.491405 -1.442004
v 1.680674 1.397112 -1.284270
v 1.618978 1.256497 -1.165743
v 1.563725 1.083322 -1.098027
v 1.520326 0.894540 -1.087749
v 1.493027 0.708630 -1.135916
v 1.552773 0.532491 -1.213761
v 1.567883 0.402462 -1.356911
v 1.604648 0.321111 -1.529126
v 1.659470 0.296401 -1.713549
v 1.726982 0.330751 -1.892127
v 1.800575 0.420798 -2.047379
v 1.873046 0.557729 -2.164108
v 1.937301 0.728138 -2.230889
v 1.987050 0.915346 -2.241183
v 2.017423 1.101027 -2.193984
v 2.025447 1.267006 -2.093912
v 2.010337 1.397035 -1.950762
v 1.973572 1.478386 -1.778547
v 1.918750 1.503095 -1.594124
v 1.851239 1.468746 -1.415546
v 1.777645 1.378698 -1.260294
v 1.705174 1.241768 -1.143565
v 1.640919 1.071358 -1.076784
v 1.591170 0.884150 -1.066489
v 1.560797 0.698469 -1.113688
v 1.620919 0.519036 -1.185203
v 1.639816 0.386534 -1.325609
v 1.683433 0.301601 -1.494463
v 1.747502 0.272551 -1.675237
v 1.825751 0.302228 -1.850234
v 1.910520 0.387727 -2.002326
v 1.993512 0.520679 -2.116623
v 2.066603 0.688069 -2.181939
v 2.122638 0.873511 -2.191880
v 2.156131 1.058855 -2.145471
v 2.163806 1.225956 -2.047257
v 2.144909 1.358458 -1.906851
v 2.101292 1.443391 -1.737997
v 2.037223 1.472441 -1.557224
v 1.958974 1.442764 -1.382226
v 1.874205 1.357265 -1.230135
v 1.791213 1.224313 -1.115837
v 1.718122 1.056923 -1.050521
v 1.662087 0.871481 -1.040581
v 1.628593 0.686137 -1.086989
v 1.688535 0.503463 -1.152061
v 1.710941 0.368426 -1.289505
v 1.761059 0.279767 -1.454597
v 1.833981 0.246165 -1.631179
v 1.922569 0.270908 -1.801964
v 2.018153 0.351575 -1.950235
v 2.111375 0.480269 -2.061479
v 2.193110 0.644394 -2.124805
v 2.255358 0.827883 -2.134016
v 2.292025 1.012775 -2.088210
v 2.299522 1.180971 -1.991869
v 2.277115 1.316008 -1.854426
v 2.226998 1.404667 -1.689333
v 2.154076 1.438270 -1.512752
v 2.065488 1.413526 -1.341966
v 1.969904 1.332859 -1.193695
v 1.876682 1.204165 -1.082451
v 1.794947 1.040041 -1.019125
v 1.732699 0.856552 -1.009914
v 1.696032 0.671660 -1.055721
v 1.755203 0.485823 -1.114296
v 1.780814 0.348207 -1.248587
v 1.837039 0.255699 -1.409549
v 1.918374 0.217354 -1.581426
v 2.016858 0.236925 -1.747395
v 2.122850 0.312496 -1.891209
v 2.225976 0.436670 -1.998790
v 2.316140 0.597292 -2.059608
v 2.384516 0.778639 -2.067709
v 2.424412 0.962959 -2.022301
v 2.431922 1.132211 -1.927828
v 2.406311 1.269827 -1.793537
v 2.350086 1.362335 -1.632575
v 2.268750 1.400680 -1.460698
v 2.170266 1.381109 -1.294729
v 2.064274 1.305538 -1.150915
v 1.961149 1.181364 -1.043334
v 1.870985 1.020742 -0.982516
v 1.802608 0.839395 -0.974415
v 1.762713 0.655075 -1.019823
v 1.820501 0.466175 -1.071911
v 1.848985 0.325956 -1.202888
v 1.910892 0.229498 -1.359385
v 2.000160 0.186242 -1.526081
v 2.108052 0.200424 -1.686661
v 2.224007 0.270654 -1.825406
v 2.336674 0.390059 -1.928733
v 2.435024 0.546949 -1.986529
v 2.509431 0.725968 -1.993136
v 2.552610 0.909592 -1.947907
v 2.560335 1.079846 -1.855270
v 2.531851 1.220065 -1.724293
v 2.469944 1.316523 -1.567796
v 2.380676 1.359779 -1.401100
v 2.272784 1.345597 -1.240520
v 2.156829 1.275367 -1.101775
v 2.044162 1.155962 -0.998448
v 1.945812 0.999072 -0.940652
v 1.871405 0.820053 -0.934045
v 1.828226 0.636429 -0.979274
v 1.884004 0.444592 -1.024947
v 1.915012 0.301762 -1.152485
v 1.982145 0.201274 -1.304219
v 2.078830 0.152965 -1.465297
v 2.195604 0.161563 -1.619950
v 2.321036 0.226227 -1.753041
v 2.442847 0.340627 -1.851541
v 2.549115 0.493564 -1.905809
v 2.629437 0.670069 -1.910533
v 2.675950 0.852863 -1.865250
v 2.684102 1.024053 -1.774392
v 2.653094 1.166883 -1.646854
v 2.585962 1.267371 -1.495120
v 2.489276 1.315680 -1.334043
v 2.372503 1.307082 -1.179389
v 2.247071 1.242418 -1.046298
v 2.125259 1.128018 -0.947798
v 2.018991 0.975081 -0.893530
v 1.938669 0.798576 -0.888806
v 1.892156 0.615782 -0.934090
v 1.945293 0.421155 -0.973489
v 1.978460 0.275726 -1.097497
v 2.050339 0.171151 -1.244212
v 2.153894 0.117666 -1.399272
v 2.278987 0.120508 -1.547499
v 2.413375 0.179398 -1.674384
v 2.543902 0.288571 -1.767505
v 2.657791 0.437342 -1.817749
v 2.743894 0.611146 -1.820196
v 2.793783 0.792971 -1.774607
v 2.802574 0.965019 -1.685445
v 2.769407 1.110449 -1.561437
v 2.697529 1.215024 -1.414722
v 2.593974 1.268509 -1.259662
v 2.468881 1.265667 -1.111435
v 2.334493 1.206777 -0.984550
v 2.203966 1.097603 -0.891428
v 2.090077 0.948833 -0.841185
v 2.003974 0.775029 -0.838738
v 1.954085 0.593203 -0.884327
v 2.003955 0.395958 -0.917661
v 2.038908 0.247957 -1.038085
v 2.115035 0.139257 -1.179565
v 2.224885 0.080498 -1.328254
v 2.357704 0.077432 -1.469595
v 2.500492 0.130359 -1.589754
v 2.639271 0.234098 -1.676968
v 2.760457 0.378494 -1.722701
v 2.852187 0.549413 -1.722475
v 2.905482 0.730124 -1.676314
v 2.915125 0.902938 -1.588735
v 2.880172 1.050939 -1.468311
v 2.804044 1.159639 -1.326831
v 2.694195 1.218398 -1.178143
v 2.561375 1.221464 -1.036801
v 2.418587 1.168537 -0.916643
v 2.279808 1.064798 -0.829428
v 2.158622 0.920402 -0.783695
v 2.066893 0.749483 -0.783921
v 2.013598 0.568772 -0.830082
v 2.059588 0.369100 -0.857627
v 2.095950 0.218574 -0.974450
v 2.175814 0.105732 -1.110524
v 2.291364 0.041622 -1.252531
v 2.431288 0.032517 -1.386569
v 2.581889 0.079309 -1.499518
v 2.728426 0.177419 -1.580321
v 2.856554 0.317241 -1.621070
v 2.953732 0.485090 -1.617775
v 3.010447 0.664536 -1.570759
v 3.021147 0.838012 -1.484624
v 2.984786 0.988538 -1.367801
v 2.904921 1.101379 -1.231727
v 2.789372 1.165490 -1.089720
v 2.649448 1.174595 -0.955682
v 2.498846 1.127803 -0.842734
v 2.352310 1.029693 -0.761930
v 2.224181 0.889871 -0.721181
v 2.127003 0.722021 -0.724476
v 2.070288 0.542576 -0.771492
v 2.111808 0.340691 -0.793589
v 2.149203 0.187701 -0.906831
v 2.232285 0.070722 -1.037371
v 2.352922 0.001202 -1.172432
v 2.499304 -0.014052 -1.298794
v 2.657103 0.026452 -1.404087
v 2.810873 0.118750 -1.478003
v 2.945561 0.253808 -1.513309
v 3.047983 0.418403 -1.506548
v 3.108113 0.596426 -1.458381
v 3.120066 0.770449 -1.373524
v 3.082671 0.923439 -1.260282
v 2.999589 1.040419 -1.129742
v 2.878952 1.109939 -0.994681
v 2.732569 1.125193 -0.868319
v 2.574770 1.084688 -0.763026
v 2.421001 0.992390 -0.689110
v 2.286313 0.857333 -0.653804
v 2.183891 0.692737 -0.660565
v 2.123761 0.514714 -0.708732
v 2.160250 0.310848 -0.725785
v 2.198309 0.155473 -0.835502
v 2.284086 0.034376 -0.960424
v 2.409184 -0.040589 -1.088324
v 2.561360 -0.062083 -1.206682
v 2.725715 -0.028003 -1.303911
v 2.886163 0.058316 -1.370495
v 3.026997 0.188423 -1.399916
v 3.134431 0.349584 -1.389294
v 3.197950 0.526022 -1.339668
v 3.211335 0.700467 -1.255897
v 3.173276 0.855842 -1.146180
v 3.087500 0.976939 -1.021258
v 2.962401 1.051904 -0.893358
v 2.810226 1.073398 -0.775001
v 2.645870 1.039318 -0.677771
v 2.485423 0.952999 -0.611187
v 2.344589 0.822892 -0.581766
v 2.237154 0.661731 -0.592389
v 2.173635 0.485293 -0.642014
v 2.204574 0.279695 -0.654488
v 2.242937 0.122026 -0.760772
v 2.330887 -0.003149 -0.880036
v 2.459815 -0.083575 -1.000605
v 2.617100 -0.111381 -1.110678
v 2.787347 -0.083844 -1.199478
v 2.953890 -0.003661 -1.258315
v 3.100426 0.121321 -1.281428
v 3.212613 0.278867 -1.266556
v 3.279468 0.453555 -1.215153
v 3.294448 0.628286 -1.132253
v 3.256085 0.785955 -1.025968
v 3.168134 0.911130 -0.906704
v 3.039207 0.991556 -0.786135
v 2.881921 1.019362 -0.676063
v 2.711675 0.991825 -0.587262
v 2.545132 0.911642 -0.528425
v 2.398595 0.786660 -0.505312
v 2.286408 0.629114 -0.520184
v 2.219553 0.454426 -0.571587
v 2.244464 0.247362 -0.580000
v 2.282787 0.087504 -0.682978
v 2.372395 -0.041691 -0.796586
v 2.504515 -0.127578 -0.909703
v 2.666216 -0.161748 -1.011257
v 2.841668 -0.140857 -1.091306
v 3.013697 -0.066950 -1.142015
v 3.165464 0.052739 -1.158420
v 3.282113 0.206494 -1.138915
v 3.352225 0.379263 -1.085410
v 3.368937 0.554136 -1.003142
v 3.330614 0.713994 -0.900164
v 3.241006 0.843189 -0.786556
v 3.108886 0.929075 -0.673439
v 2.947185 0.963245 -0.571886
v 2.771733 0.942354 -0.491837
v 2.599704 0.868447 -0.441128
v 2.447937 0.748758 -0.424723
v 2.331288 0.595004 -0.444227
v 2.261176 0.422235 -0.497732
v 2.279635 0.213985 -0.502656
v 2.317594 0.052056 -0.602486
v 2.408354 -0.081088 -0.710481
v 2.543031 -0.172415 -0.816071
v 2.708443 -0.212983 -0.908920
v 2.888397 -0.198824 -0.979939
v 3.065279 -0.131321 -1.022175
v 3.221774 -0.017084 -1.031496
v 3.342563 0.132706 -1.006988
v 3.415823 0.303387 -0.951050
v 3.434382 0.478250 -0.869158
v 3.396424 0.640178 -0.769328
v 3.305664 0.773323 -0.661333
v 3.170987 0.864649 -0.555743
v 3.005575 0.905218 -0.462894
v 2.825620 0.891058 -0.391876
v 2.648739 0.823555 -0.349639
v 2.492244 0.709318 -0.340319
v 2.371454 0.559528 -0.364827
v 2.298195 0.388847 -0.420764
v 2.309837 0.179703 -0.422813
v 2.347127 0.015832 -0.519682
v 2.438548 -0.121174 -0.622149
v 2.575151 -0.217903 -0.720183
v 2.743565 -0.264887 -0.804189
v 2.927304 -0.257527 -0.865944
v 3.108382 -0.196544 -0.899402
v 3.269075 -0.087906 -0.901288
v 3.393652 0.057752 -0.871418
v 3.469919 0.226171 -0.812716
v 3.490410 0.400867 -0.730927
v 3.453120 0.564737 -0.634059
v 3.361699 0.701743 -0.531592
v 3.225096 0.798472 -0.433558
v 3.056682 0.845456 -0.349552
v 2.872943 0.838097 -0.287797
v 2.691865 0.777113 -0.254339
v 2.531172 0.668475 -0.252453
v 2.406595 0.522818 -0.282323
v 2.330329 0.354398 -0.341025
v 2.334851 0.144661 -0.340853
v 2.371195 -0.021013 -0.434975
v 2.462804 -0.161779 -0.532034
v 2.600711 -0.263858 -0.622529
v 2.771416 -0.317257 -0.697603
v 2.958210 -0.316750 -0.749905
v 3.142807 -0.262386 -0.774318
v 3.307139 -0.159486 -0.768450
v 3.435120 -0.018124 -0.732877
v 3.514221 0.147864 -0.671080
v 3.536699 0.322229 -0.589109
v 3.500355 0.487904 -0.494987
v 3.408746 0.628670 -0.397928
v 3.270839 0.730749 -0.307433
v 3.100134 0.784148 -0.232359
v 2.913340 0.783641 -0.180057
v 2.728743 0.729276 -0.155644
v 2.564411 0.626377 -0.161512
v 2.436431 0.485014 -0.197085
v 2.357330 0.319027 -0.258882
v 2.354497 0.109008 -0.257176
v 2.389645 -0.058322 -0.348789
v 2.480990 -0.202735 -0.440596
v 2.619590 -0.310095 -0.523612
v 2.791878 -0.369893 -0.589710
v 2.980989 -0.376274 -0.632420
v 3.168411 -0.328616 -0.647562
v 3.335799 -0.231581 -0.633652
v 3.466767 -0.094670 -0.592053
v 3.548495 0.068716 -0.526837
v 3.572983 0.242584 -0.444387
v 3.537834 0.409915 -0.352775
v 3.446489 0.554328 -0.260967
v 3.307889 0.661688 -0.177951
v 3.135602 0.721485 -0.111853
v 2.946491 0.727867 -0.069143
v 2.759069 0.680208 -0.054002
v 2.591681 0.583174 -0.067911
v 2.460713 0.446263 -0.109510
v 2.378985 0.282876 -0.174727
v 2.368632 0.072894 -0.172198
v 2.402366 -0.095938 -0.261559
v 2.493020 -0.243874 -0.348304
v 2.631718 -0.356432 -0.423942
v 2.804885 -0.422595 -0.481069
v 2.995570 -0.435885 -0.514093
v 3.185106 -0.395003 -0.519780
v 3.354941 -0.303950 -0.497575
v 3.488451 -0.171639 -0.449651
v 3.572566 -0.011021 -0.380699
v 3.599052 0.162181 -0.297469
v 3.565317 0.331013 -0.208108
v 3.474664 0.478948 -0.121362
v 3.335965 0.591507 -0.045724
v 3.162798 0.657669 0.011402
v 2.972114 0.670960 0.044426
v 2.782578 0.630078 0.050113
v 2.612742 0.539025 0.027908
v 2.479233 0.406714 -0.020016
v 2.395118 0.246096 -0.088968
v 2.377153 0.036471 -0.086345
v 2.409288 -0.133702 -0.173730
v 2.498849 -0.285025 -0.255632
v 2.637070 -0.402685 -0.324033
v 2.810422 -0.475165 -0.372238
v 3.001935 -0.495369 -0.395528
v 3.192862 -0.461321 -0.391623
v 3.364514 -0.376353 -0.360906
v 3.500090 -0.248782 -0.306384
v 3.586317 -0.091095 -0.233393
v 3.614755 0.081271 -0.149078
v 3.582620 0.251444 -0.061693
v 3.493059 0.402767 0.020209
v 3.354838 0.520427 0.088610
v 3.181486 0.592907 0.136815
v 2.989974 0.613111 0.160105
v 2.799046 0.579063 0.156201
v 2.627394 0.494094 0.125484
v 2.491818 0.366523 0.070961
v 2.405591 0.208837 -0.002030
usemtl band0
f 2 22 21 1
f 3 23 22 2
f 4 24 23 3
f 5 25 24 4
f 6 26 25 5
f 7 27 26 6
f 8 28 27 7
f 9 29 28 8
f 10 30 29 9
f 11 31 30 10
f 12 32 31 11
f 13 33 32 12
f 14 34 33 13
f 15 35 34 14
f 16 36 35 15
f 17 37 36 16
f 18 38 37 17
f 19 39 38 18
f 20 40 39 19
f 1 21 40 20
f 22 42 41 21
f 23 43 42 22
f 24 44 43 23
f 25 45 44 24
f 26 46 45 25
f 27 47 46 26
f 28 48 47 27
f 29 49 48 28
f 30 50 49 29
f 31 51 50 30
f 32 52 51 31
f 33 53 52 32
f 34 54 53 33
f 35 55 54 34
f 36 56 55 35
f 37 57 56 36
f 38 58 57 37
f 39 59 58 38
f 40 60 59 39
f 21 41 60 40
f 42 62 61 41
f 43 63 62 42
f 44 64 63 43
f 45 65 64 44
f 46 66 65 45
f 47 67 66 46
f 48 68 67 47
f 49 69 68 48
f 50 70 69 49
f 51 71 70 50
f 52 72 71 51
f 53 73 72 52
f 54 74 73 53
f 55 75 74 54
f 56 76 75 55
f 57 77 76 56
f 58 78 77 57
f 59 79 78 58
f 60 80 79 59
f 41 61 80 60
f 62 82 81 61
f 63 83 82 62
f 64 84 83 63
f 65 85 84 64
f 66 86 85 65
f 67 87 86 66
f 68 88 87 67
f 69 89 88 68
f 70 90 89 69
f 71 91 90 70
f 72 92 91 71
f 73 93 92 72
f 74 94 93 73
f 75 95 94 74
f 76 96 95 75
f 77 97 96 76
f 78 98 97 77
f 79 99 98 78
f 80 100 99 79
f 61 81 100 80
f 82 102 101 81
f 83 103 102 82
f 84 104 103 83
f 85 105 104 84
f 86 106 105 85
f 87 107 106 86
f 88 108 107 87
f 89 109 108 88
f 90 110 109 89
f 91 111 110 90
f 92 112 111 91
f 93 113 112 92
f 94 114 113 93
f 95 115 114 94
f 96 116 115 95
f 97 117 116 96
f 98 118 117 97
f 99 119 118 98
f 100 120 119 99
f 81 101 120 100
f 102 122 121 101
f 103 123 122 102
f 104 124 123 103
f 105 125 124 104
f 106 126 125 105
f 107 127 126 106
f 108 128 127 107
f 109 129 128 108
f 110 130 129 109
f 111 131 130 110
f 112 132 131 111
f 113 133 132 112
f 114 134 133 113
f 115 135 134 114
f 116 136 135 115
f 117 137 136 116
f 118 138 137 117
f 119 139 138 118
f 120 140 139 119
f 101 121 140 120
f 122 142 141 121
f 123 143 142 122
f 124 144 143 123
f 125 145 144 124
f 126 146 145 125
f 127 147 146 126
f 128 148 147 127
f 129 149 148 128
f 130 150 149 129
f 131 151 150 130
f 132 152 151 131
f 133 153 152 132
f 134 154 153 133
f 135 155 154 134
f 136 156 155 135
f 137 157 156 136
f 138 158 157 137
f 139 159 158 138
f 140 160 159 139
f 121 141 160 140
f 142 162 161 141
f 143 163 162 142
f 144 164 163 143
f 145 165 164 144
f 146 166 165 145
f 147 167 166 146
f 148 168 167 147
f 149 169 168 148
f 150 170 169 149
f 151 171 170 150
f 152 172 171 151
f 153 173 172 152
f 154 174 173 153
f 155 175 174 154
f 156 176 175 155
f 157 177 176 156
f 158 178 177 157
f 159 179 178 158
f 160 180 179 159
f 141 161 180 160
f 162 182 181 161
f 163 183 182 162
f 164 184 183 163
f 165 185 184 164
f 166 186 185 165
f 167 187 186 166
f 168 188 187 167
f 169 189 188 168
f 170 190 189 169
f 171 191 190 170
f 172 192 191 171
f 173 193 192 172
f 174 194 193 173
f 175 195 194 174
f 176 196 195 175
f 177 197 196 176
f 178 198 197 177
f 179 199 198 178
f 180 200 199 179
f 161 181 200 180
f 182 202 201 181
f 183 203 202 182
f 184 204 203 183
f 185 205 204 184
f 186 206 205 185
f 187 207 206 186
f 188 208 207 187
f 189 209 208 188
f 190 210 209 189
f 191 211 210 190
f 192 212 211 191
f 193 213 212 192
f 194 214 213 193
f 195 215 214 194
f 196 216 215 195
f 197 217 216 196
f 198 218 217 197
f 199 219 218 198
f 200 220 219 199
f 181 201 220 200
f 202 222 221 201
f 203 223 222 202
f 204 224 223 203
f 205 225 224 204
f 206 226 225 205
f 207 227 226 206
f 208 228 227 207
f 209 229 228 208
f 210 230 229 209
f 211 231 230 210
f 212 232 231 211
f 213 233 232 212
f 214 234 233 213
f 215 235 234 214
f 216 236 235 215
f 217 237 236 216
f 218 238 237 217
f 219 239 238 218
f 220 240 239 219
f 201 221 240 220
f 222 242 241 221
f 223 243 242 222
f 224 244 243 223
f 225 245 244 224
f 226 246 245 225
f 227 247 246 226
f 228 248 247 227
f 229 249 248 228
f 230 250 249 229
f 231 251 250 230
f 232 252 251 231
f 233 253 252 232
f 234 254 253 233
f 235 255 254 234
f 236 256 255 235
f 237 257 256 236
f 238 258 257 237
f 239 259 258 238
f 240 260 259 239
f 221 241 260 240
f 242 262 261 241
f 243 263 262 242
f 244 264 263 243
f 245 265 264 244
f 246 266 265 245
f 247 267 266 246
f 248 268 267 247
f 249 269 268 248
f 250 270 269 249
f 251 271 270 250
f 252 272 271 251
f 253 273 272 252
f 254 274 273 253
f 255 275 274 254
f 256 276 275 255
f 257 277 276 256
f 258 278 277 257
f 259 279 278 258
f 260 280 279 259
f 241 261 280 260
f 262 282 281 261
f 263 283 282 262
f 264 284 283 263
f 265 285 284 264
f 266 286 285 265
f 267 287 286 266
f 268 288 287 267
f 269 289 288 268
f 270 290 289 269
f 271 291 290 270
f 272 292 291 271
f 273 293 292 272
f 274 294 293 273
f 275 295 294 274
f 276 296 295 275
f 277 297 296 276
f 278 298 297 277
f 279 299 298 278
f 280 300 299 279
f 261 281 300 280
f 282 302 301 281
f 283 303 302 282
f 284 304 303 283
f 285 305 304 284
f 286 306 305 285
f 287 307 306 286
f 288 308 307 287
f 289 309 308 288
f 290 310 309 289
f 291 311 310 290
f 292 312 311 291
f 293 313 312 292
f 294 314 313 293
f 295 315 314 294
f 296 316 315 295
f 297 317 316 296
f 298 318 317 297
f 299 319 318 298
f 300 320 319 299
f 281 301 320 300
f 302 322 321 301
f 303 323 322 302
f 304 324 323 303
f 305 325 324 304
f 306 326 325 305
f 307 327 326 306
f 308 328 327 307
f 309 329 328 308
f 310 330 329 309
f 311 331 330 310
f 312 332 331 311
f 313 333 332 312
f 314 334 333 313
f 315 335 334 314
f 316 336 335 315
f 317 337 336 316
f 318 338 337 317
f 319 339 338 318
f 320 340 339 319
f 301 321 340 320
f 322 342 341 321
f 323 343 342 322
f 324 344 343 323
f 325 345 344 324
f 326 346 345 325
f 327 347 346 326
f 328 348 347 327
f 329 349 348 328
f 330 350 349 329
f 331 351 350 330
f 332 352 351 331
f 333 353 352 332
f 334 354 353 333
f 335 355 354 334
f 336 356 355 335
f 337 357 356 336
f 338 358 357 337
f 339 359 358 338
f 340 360 359 339
f 321 341 360 340
f 342 362 361 341
f 343 363 362 342
f 344 364 363 343
f 345 365 364 344
f 346 366 365 345
f 347 367 366 346
f 348 368 367 347
f 349 369 368 348
f 350 370 369 349
f 351 371 370 350
f 352 372 371 351
f 353 373 372 352
f 354 374 373 353
f 355 375 374 354
f 356 376 375 355
f 357 377 376 356
f 358 378 377 357
f 359 379 378 358
f 360 380 379 359
f 341 361 380 360
f 362 382 381 361
f 363 383 382 362
f 364 384 383 363
f 365 385 384 364
f 366 386 385 365
f 367 387 386 366
f 368 388 387 367
f 369 389 388 368
f 370 390 389 369
f 371 391 390 370
f 372 392 391 371
f 373 393 392 372
f 374 394 393 373
f 375 395 394 374
f 376 396 395 375
f 377 397 396 376
f 378 398 397 377
f 379 399 398 378
f 380 400 399 379
f 361 381 400 380
f 382 402 401 381
f 383 403 402 382
f 384 404 403 383
f 385 405 404 384
f 386 406 405 385
f 387 407 406 386
f 388 408 407 387
f 389 409 408 388
f 390 410 409 389
f 391 411 410 390
f 392 412 411 391
f 393 413 412 392
f 394 414 413 393
f 395 415 414 394
f 396 416 415 395
f 397 417 416 396
f 398 418 417 397
f 399 419 418 398
f 400 420 419 399
f 381 401 420 400
f 402 422 421 401
f 403 423 422 402
f 404 424 423 403
f 405 425 424 404
f 406 426 425 405
f 407 427 426 406
f 408 428 427 407
f 409 429 428 408
f 410 430 429 409
f 411 431 430 410
f 412 432 431 411
f 413 433 432 412
f 414 434 433 413
f 415 435 434 414
f 416 436 435 415
f 417 437 436 416
f 418 438 437 417
f 419 439 438 418
f 420 440 439 419
f 401 421 440 420
f 422 442 441 421
f 423 443 442 422
f 424 444 443 423
f 425 445 444 424
f 426 446 445 425
f 427 447 446 426
f 428 448 447 427
f 429 449 448 428
f 430 450 449 429
f 431 451 450 430
f 432 452 451 431
f 433 453 452 432
f 434 454 453 433
f 435 455 454 434
f 436 456 455 435
f 437 457 456 436
f 438 458 457 437
f 439 459 458 438
f 440 460 459 439
f 421 441 460 440
f 442 462 461 441
f 443 463 462 442
f 444 464 463 443
f 445 465 464 444
f 446 466 465 445
f 447 467 466 446
f 448 468 467 447
f 449 469 468 448
f 450 470 469 449
f 451 471 470 450
f 452 472 471 451
f 453 473 472 452
f 454 474 473 453
f 455 475 474 454
f 456 476 475 455
f 457 477 476 456
f 458 478 477 457
f 459 479 478 458
f 460 480 479 459
f 441 461 480 460
f 462 482 481 461
f 463 483 482 462
f 464 484 483 463
f 465 485 484 464
f 466 486 485 465
f 467 487 486 466
f 468 488 487 467
f 469 489 488 468
f 470 490 489 469
f 471 491 490 470
f 472 492 491 471
f 473 493 492 472
f 474 494 493 473
f 475 495 494 474
f 476 496 495 475
f 477 497 496 476
f 478 498 497 477
f 479 499 498 478
f 480 500 499 479
f 461 481 500 480
f 482 502 501 481
f 483 503 502 482
f 484 504 503 483
f 485 505 504 484
f 486 506 505 485
f 487 507 506 486
f 488 508 507 487
f 489 509 508 488
f 490 510 509 489
f 491 511 510 490
f 492 512 511 491
f 493 513 512 492
f 494 514 513 493
f 495 515 514 494
f 496 516 515 495
f 497 517 516 496
f 498 518 517 497
f 499 519 518 498
f 500 520 519 499
f 481 501 520 500
f 502 522 521 501
f 503 523 522 502
f 504 524 523 503
f 505 525 524 504
f 506 526 525 505
f 507 527 526 506
f 508 528 527 507
f 509 529 528 508
f 510 530 529 509
f 511 531 530 510
f 512 532 531 511
f 513 533 532 512
f 514 534 533 513
f 515 535 534 514
f 516 536 535 515
f 517 537 536 516
f 518 538 537 517
f 519 539 538 518
f 520 540 539 519
f 501 521 540 520
f 522 542 541 521
f 523 543 542 522
f 524 544 543 523
f 525 545 544 524
f 526 546 545 525
f 527 547 546 526
f 528 548 547 527
f 529 549 548 528
f 530 550 549 529
f 531 551 550 530
f 532 552 551 531
f 533 553 552 532
f 534 554 553 533
f 535 555 554 534
f 536 556 555 535
f 537 557 556 536
f 538 558 557 537
f 539 559 558 538
f 540 560 559 539
f 521 541 560 540
f 542 562 561 541
f 543 563 562 542
f 544 564 563 543
f 545 565 564 544
f 546 566 565 545
f 547 567 566 546
f 548 568 567 547
f 549 569 568 548
f 550 570 569 549
f 551 571 570 550
f 552 572 571 551
f 553 573 572 552
f 554 574 573 553
f 555 575 574 554
f 556 576 575 555
f 557 577 576 556
f 558 578 577 557
f 559 579 578 558
f 560 580 579 559
f 541 561 580 560
f 562 582 581 561
f 563 583 582 562
f 564 584 583 563
f 565 585 584 564
f 566 586 585 565
f 567 587 586 566
f 568 588 587 567
f 569 589 588 568
f 570 590 589 569
f 571 591 590 570
f 572 592 591 571
f 573 593 592 572
f 574 594 593 573
f 575 595 594 574
f 576 596 595 575
f 577 597 596 576
f 578 598 597 577
f 579 599 598 578
f 580 600 599 579
f 561 581 600 580
f 582 602 601 581
f 583 603 602 582
f 584 604 603 583
f 585 605 604 584
f 586 606 605 585
f 587 607 606 586
f 588 608 607 587
f 589 609 608 588
f 590 610 609 589
f 591 611 610 590
f 592 612 611 591
f 593 613 612 592
f 594 614 613 593
f 595 615 614 594
f 596 616 615 595
f 597 617 616 596
f 598 618 617 597
f 599 619 618 598
f 600 620 619 599
f 581 601 620 600
f 602 622 621 601
f 603 623 622 602
f 604 624 623 603
f 605 625 624 604
f 606 626 625 605
f 607 627 626 606
f 608 628 627 607
f 609 629 628 608
f 610 630 629 609
f 611 631 630 610
f 612 632 631 611
f 613 633 632 612
f 614 634 633 613
f 615 635 634 614
f 616 636 635 615
f 617 637 636 616
f 618 638 637 617
f 619 639 638 618
f 620 640 639 619
f 601 621 640 620
f 622 642 641 621
f 623 643 642 622
f 624 644 643 623
f 625 645 644 624
f 626 646 645 625
f 627 647 646 626
f 628 648 647 627
f 629 649 648 628
f 630 650 649 629
f 631 651 650 630
f 632 652 651 631
f 633 653 652 632
f 634 654 653 633
f 635 655 654 634
f 636 656 655 635
f 637 657 656 636
f 638 658 657 637
f 639 659 658 638
f 640 660 659 639
f 621 641 660 640
f 642 662 661 641
f 643 663 662 642
f 644 664 663 643
f 645 665 664 644
f 646 666 665 645
f 647 667 666 646
f 648 668 667 647
f 649 669 668 648
f 650 670 669 649
f 651 671 670 650
f 652 672 671 651
f 653 673 672 652
f 654 674 673 653
f 655 675 674 654
f 656 676 675 655
f 657 677 676 656
f 658 678 677 657
f 659 679 678 658
f 660 680 679 659
f 641 661 680 660
f 662 682 681 661
f 663 683 682 662
f 664 684 683 663
f 665 685 684 664
f 666 686 685 665
f 667 687 686 666
f 668 688 687 667
f 669 689 688 668
f 670 690 689 669
f 671 691 690 670
f 672 692 691 671
f 673 693 692 672
f 674 694 693 673
f 675 695 694 674
f 676 696 695 675
f 677 697 696 676
f 678 698 697 677
f 679 699 698 678
f 680 700 699 679
f 661 681 700 680
f 682 702 701 681
f 683 703 702 682
f 684 704 703 683
f 685 705 704 684
f 686 706 705 685
f 687 707 706 686
f 688 708 707 687
f 689 709 708 688
f 690 710 709 689
f 691 711 710 690
f 692 712 711 691
f 693 713 712 692
f 694 714 713 693
f 695 715 714 694
f 696 716 715 695
f 697 717 716 696
f 698 718 717 697
f 699 719 718 698
f 700 720 719 699
f 681 701 720 700
f 702 722 721 701
f 703 723 722 702
f 704 724 723 703
f 705 725 724 704
f 706 726 725 705
f 707 727 726 706
f 708 728 727 707
f 709 729 728 708
f 710 730 729 709
f 711 731 730 710
f 712 732 731 711
f 713 733 732 712
f 714 734 733 713
f 715 735 734 714
f 716 736 735 715
f 717 737 736 716
f 718 738 737 717
f 719 739 738 718
f 720 740 739 719
f 701 721 740 720
f 722 742 741 721
f 723 743 742 722
f 724 744 743 723
f 725 745 744 724
f 726 746 745 725
f 727 747 746 726
f 728 748 747 727
f 729 749 748 728
f 730 750 749 729
f 731 751 750 730
f 732 752 751 731
f 733 753 752 732
f 734 754 753 733
f 735 755 754 734
f 736 756 755 735
f 737 757 756 736
f 738 758 757 737
f 739 759 758 738
f 740 760 759 739
f 721 741 760 740
f 742 762 761 741
f 743 763 762 742
f 744 764 763 743
f 745 765 764 744
f 746 766 765 745
f 747 767 766 746
f 748 768 767 747
f 749 769 768 748
f 750 770 769 749
f 751 771 770 750
f 752 772 771 751
f 753 773 772 752
f 754 774 773 753
f 755 775 774 754
f 756 776 775 755
f 757 777 776 756
f 758 778 777 757
f 759 779 778 758
f 760 780 779 759
f 741 761 780 760
f 762 782 781 761
f 763 783 782 762
f 764 784 783 763
f 765 785 784 764
f 766 786 785 765
f 767 787 786 766
f 768 788 787 767
f 769 789 788 768
f 770 790 789 769
f 771 791 790 770
f 772 792 791 771
f 773 793 792 772
f 774 794 793 773
f 775 795 794 774
f 776 796 795 775
f 777 797 796 776
f 778 798 797 777
f 779 799 798 778
f 780 800 799 779
f 761 781 800 780
f 782 802 801 781
f 783 803 802 782
f 784 804 803 783
f 785 805 804 784
f 786 806 805 785
f 787 807 806 786
f 788 808 807 787
f 789 809 808 788
f 790 810 809 789
f 791 811 810 790
f 792 812 811 791
f 793 813 812 792
f 794 814 813 793
f 795 815 814 794
f 796 816 815 795
f 797 817 816 796
f 798 818 817 797
f 799 819 818 798
f 800 820 819 799
f 781 801 820 800
usemtl band1
f 802 822 821 801
f 803 823 822 802
f 804 824 823 803
f 805 825 824 804
f 806 826 825 805
f 807 827 826 806
f 808 828 827 807
f 809 829 828 808
f 810 830 829 809
f 811 831 830 810
f 812 832 831 811
f 813 833 832 812
f 814 834 833 813
f 815 835 834 814
f 816 836 835 815
f 817 837 836 816
f 818 838 837 817
f 819 839 838 818
f 820 840 839 819
f 801 821 840 820
f 822 842 841 821
f 823 843 842 822
f 824 844 843 823
f 825 845 844 824
f 826 846 845 825
f 827 847 846 826
f 828 848 847 827
f 829 849 848 828
f 830 850 849 829
f 831 851 850 830
f 832 852 851 831
f 833 853 852 832
f 834 854 853 833
f 835 855 854 834
f 836 856 855 835
f 837 857 856 836
f 838 858 857 837
f 839 859 858 838
f 840 860 859 839
f 821 841 860 840
f 842 862 861 841
f 843 863 862 842
f 844 864 863 843
f 845 865 864 844
f 846 866 865 845
f 847 867 866 846
f 848 868 867 847
f 849 869 868 848
f 850 870 869 849
f 851 871 870 850
f 852 872 871 851
f 853 873 872 852
f 854 874 873 853
f 855 875 874 854
f 856 876 875 855
f 857 877 876 856
f 858 878 877 857
f 859 879 878 858
f 860 880 879 859
f 841 861 880 860
f 862 882 881 861
f 863 883 882 862
f 864 884 883 863
f 865 885 884 864
f 866 886 885 865
f 867 887 886 866
f 868 888 887 867
f 869 889 888 868
f 870 890 889 869
f 871 891 890 870
f 872 892 891 871
f 873 893 892 872
f 874 894 893 873
f 875 895 894 874
f 876 896 895 875
f 877 897 896 876
f 878 898 897 877
f 879 899 898 878
f 880 900 899 879
f 861 881 900 880
f 882 902 901 881
f 883 903 902 882
f 884 904 903 883
f 885 905 904 884
f 886 906 905 885
f 887 907 906 886
f 888 908 907 887
f 889 909 908 888
f 890 910 909 889
f 891 911 910 890
f 892 912 911 891
f 893 913 912 892
f 894 914 913 893
f 895 915 914 894
f 896 916 915 895
f 897 917 916 896
f 898 918 917 897
f 899 919 918 898
f 900 920 919 899
f 881 901 920 900
f 902 922 921 901
f 903 923 922 902
f 904 924 923 903
f 905 925 924 904
f 906 926 925 905
f 907 927 926 906
f 908 928 927 907
f 909 929 928 908
f 910 930 929 909
f 911 931 930 910
f 912 932 931 911
f 913 933 932 912
f 914 934 933 913
f 915 935 934 914
f 916 936 935 915
f 917 937 936 916
f 918 938 937 917
f 919 939 938 918
f 920 940 939 919
f 901 921 940 920
f 922 942 941 921
f 923 943 942 922
f 924 944 943 923
f 925 945 944 924
f 926 946 945 925
f 927 947 946 926
f 928 948 947 927
f 929 949 948 928
f 930 950 949 929
f 931 951 950 930
f 932 952 951 931
f 933 953 952 932
f 934 954 953 933
f 935 955 954 934
f 936 956 955 935
f 937 957 956 936
f 938 958 957 937
f 939 959 958 938
f 940 960 959 939
f 921 941 960 940
f 942 962 961 941
f 943 963 962 942
f 944 964 963 943
f 945 965 964 944
f 946 966 965 945
f 947 967 966 946
f 948 968 967 947
f 949 969 968 948
f 950 970 969 949
f 951 971 970 950
f 952 972 971 951
f 953 973 972 952
f 954 974 973 953
f 955 975 974 954
f 956 976 975 955
f 957 977 976 956
f 958 978 977 957
f 959 979 978 958
f 960 980 979 959
f 941 961 980 960
f 962 982 981 961
f 963 983 982 962
f 964 984 983 963
f 965 985 984 964
f 966 986 985 965
f 967 987 986 966
f 968 988 987 967
f 969 989 988 968
f 970 990 989 969
f 971 991 990 970
f 972 992 991 971
f 973 993 992 972
f 974 994 993 973
f 975 995 994 974
f 976 996 995 975
f 977 997 996 976
f 978 998 997 977
f 979 999 998 978
f 980 1000 999 979
f 961 981 1000 980
f 982 1002 1001 981
f 983 1003 1002 982
f 984 1004 1003 983
f 985 1005 1004 984
f 986 1006 1005 985
f 987 1007 1006 986
f 988 1008 1007 987
f 989 1009 1008 988
f 990 1010 1009 989
f 991 1011 1010 990
f 992 1012 1011 991
f 993 1013 1012 992
f 994 1014 1013 993
f 995 1015 1014 994
f 996 1016 1015 995
f 997 1017 1016 996
f 998 1018 1017 997
f 999 1019 1018 998
f 1000 1020 1019 999
f 981 1001 1020 1000
f 1002 1022 1021 1001
f 1003 1023 1022 1002
f 1004 1024 1023 1003
f 1005 1025 1024 1004
f 1006 1026 1025 1005
f 1007 1027 1026 1006
f 1008 1028 1027 1007
f 1009 1029 1028 1008
f 1010 1030 1029 1009
f 1011 1031 1030 1010
f 1012 1032 1031 1011
f 1013 1033 1032 1012
f 1014 1034 1033 1013
f 1015 1035 1034 1014
f 1016 1036 1035 1015
f 1017 1037 1036 1016
f 1018 1038 1037 1017
f 1019 1039 1038 1018
f 1020 1040 1039 1019
f 1001 1021 1040 1020
f 1022 1042 1041 1021
f 1023 1043 1042 1022
f 1024 1044 1043 1023
f 1025 1045 1044 1024
f 1026 1046 1045 1025
f 1027 1047 1046 1026
f 1028 1048 1047 1027
f 1029 1049 1048 1028
f 1030 1050 1049 1029
f 1031 1051 1050 1030
f 1032 1052 1051 1031
f 1033 1053 1052 1032
f 1034 1054 1053 1033
f 1035 1055 1054 1034
f 1036 1056 1055 1035
f 1037 1057 1056 1036
f 1038 1058 1057 1037
f 1039 1059 1058 1038
f 1040 1060 1059 1039
f 1021 1041 1060 1040
f 1042 1062 1061 1041
f 1043 1063 1062 1042
f 1044 1064 1063 1043
f 1045 1065 1064 1044
f 1046 1066 1065 1045
f 1047 1067 1066 1046
f 1048 1068 1067 1047
f 1049 1069 1068 1048
f 1050 1070 1069 1049
f 1051 1071 1070 1050
f 1052 1072 1071 1051
f 1053 1073 1072 1052
f 1054 1074 1073 1053
f 1055 1075 1074 1054
f 1056 1076 1075 1055
f 1057 1077 1076 1056
f 1058 1078 1077 1057
f 1059 1079 1078 1058
f 1060 1080 1079 1059
f 1041 1061 1080 1060
f 1062 1082 1081 1061
f 1063 1083 1082 1062
f 1064 1084 1083 1063
f 1065 1085 1084 1064
f 1066 1086 1085 1065
f 1067 1087 1086 1066
f 1068 1088 1087 1067
f 1069 1089 1088 1068
f 1070 1090 1089 1069
f 1071 1091 1090 1070
f 1072 1092 1091 1071
f 1073 1093 1092 1072
f 1074 1094 1093 1073
f 1075 1095 1094 1074
f 1076 1096 1095 1075
f 1077 1097 1096 1076
f 1078 1098 1097 1077
f 1079 1099 1098 1078
f 1080 1100 1099 1079
f 1061 1081 1100 1080
f 1082 1102 1101 1081
f 1083 1103 1102 1082
f 1084 1104 1103 1083
f 1085 1105 1104 1084
f 1086 1106 1105 1085
f 1087 1107 1106 1086
f 1088 1108 1107 1087
f 1089 1109 1108 1088
f 1090 1110 1109 1089
f 1091 1111 1110 1090
f 1092 1112 1111 1091
f 1093 1113 1112 1092
f 1094 1114 1113 1093
f 1095 1115 1114 1094
f 1096 1116 1115 1095
f 1097 1117 1116 1096
f 1098 1118 1117 1097
f 1099 1119 1118 1098
f 1100 1120 1119 1099
f 1081 1101 1120 1100
f 1102 1122 1121 1101
f 1103 1123 1122 1102
f 1104 1124 1123 1103
f 1105 1125 1124 1104
f 1106 1126 1125 1105
f 1107 1127 1126 1106
f 1108 1128 1127 1107
f 1109 1129 1128 1108
f 1110 1130 1129 1109
f 1111 1131 1130 1110
f 1112 1132 1131 1111
f 1113 1133 1132 1112
f 1114 1134 1133 1113
f 1115 1135 1134 1114
f 1116 1136 1135 1115
f 1117 1137 1136 1116
f 1118 1138 1137 1117
f 1119 1139 1138 1118
f 1120 1140 1139 1119
f 1101 1121 1140 1120
f 1122 1142 1141 1121
f 1123 1143 1142 1122
f 1124 1144 1143 1123
f 1125 1145 1144 1124
f 1126 1146 1145 1125
f 1127 1147 1146 1126
f 1128 1148 1147 1127
f 1129 1149 1148 1128
f 1130 1150 1149 1129
f 1131 1151 1150 1130
f 1132 1152 1151 1131
f 1133 1153 1152 1132
f 1134 1154 1153 1133
f 1135 1155 1154 1134
f 1136 1156 1155 1135
f 1137 1157 1156 1136
f 1138 1158 1157 1137
f 1139 1159 1158 1138
f 1140 1160 1159 1139
f 1121 1141 1160 1140
f 1142 1162 1161 1141
f 1143 1163 1162 1142
f 1144 1164 1163 1143
f 1145 1165 1164 1144
f 1146 1166 1165 1145
f 1147 1167 1166 1146
f 1148 1168 1167 1147
f 1149 1169 1168 1148
f 1150 1170 1169 1149
f 1151 1171 1170 1150
f 1152 1172 1171 1151
f 1153 1173 1172 1152
f 1154 1174 1173 1153
f 1155 1175 1174 1154
f 1156 1176 1175 1155
f 1157 1177 1176 1156
f 1158 1178 1177 1157
f 1159 1179 1178 1158
f 1160 1180 1179 1159
f 1141 1161 1180 1160
f 1162 1182 1181 1161
f 1163 1183 1182 1162
f 1164 1184 1183 1163
f 1165 1185 1184 1164
f 1166 1186 1185 1165
f 1167 1187 1186 1166
f 1168 1188 1187 1167
f 1169 1189 1188 1168
f 1170 1190 1189 1169
f 1171 1191 1190 1170
f 1172 1192 1191 1171
f 1173 1193 1192 1172
f 1174 1194 1193 1173
f 1175 1195 1194 1174
f 1176 1196 1195 1175
f 1177 1197 1196 1176
f 1178 1198 1197 1177
f 1179 1199 1198 1178
f 1180 1200 1199 1179
f 1161 1181 1200 1180
f 1182 1202 1201 1181
f 1183 1203 1202 1182
f 1184 1204 1203 1183
f 1185 1205 1204 1184
f 1186 1206 1205 1185
f 1187 1207 1206 1186
f 1188 1208 1207 1187
f 1189 1209 1208 1188
f 1190 1210 1209 1189
f 1191 1211 1210 1190
f 1192 1212 1211 1191
f 1193 1213 1212 1192
f 1194 1214 1213 1193
f 1195 1215 1214 1194
f 1196 1216 1215 1195
f 1197 1217 1216 1196
f 1198 1218 1217 1197
f 1199 1219 1218 1198
f 1200 1220 1219 1199
f 1181 1201 1220 1200
f 1202 1222 1221 1201
f 1203 1223 1222 1202
f 1204 1224 1223 1203
f 1205 1225 1224 1204
f 1206 1226 1225 1205
f 1207 1227 1226 1206
f 1208 1228 1227 1207
f 1209 1229 1228 1208
f 1210 1230 1229 1209
f 1211 1231 1230 1210
f 1212 1232 1231 1211
f 1213 1233 1232 1212
f 1214 1234 1233 1213
f 1215 1235 1234 1214
f 1216 1236 1235 1215
f 1217 1237 1236 1216
f 1218 1238 1237 1217
f 1219 1239 1238 1218
f 1220 1240 1239 1219
f 1201 1221 1240 1220
f 1222 1242 1241 1221
f 1223 1243 1242 1222
f 1224 1244 1243 1223
f 1225 1245 1244 1224
f 1226 1246 1245 1225
f 1227 1247 1246 1226
f 1228 1248 1247 1227
f 1229 1249 1248 1228
f 1230 1250 1249 1229
f 1231 1251 1250 1230
f 1232 1252 1251 1231
f 1233 1253 1252 1232
f 1234 1254 1253 1233
f 1235 1255 1254 1234
f 1236 1256 1255 1235
f 1237 1257 1256 1236
f 1238 1258 1257 1237
f 1239 1259 1258 1238
f 1240 1260 1259 1239
f 1221 1241 1260 1240
f 1242 1262 1261 1241
f 1243 1263 1262 1242
f 1244 1264 1263 1243
f 1245 1265 1264 1244
f 1246 1266 1265 1245
f 1247 1267 1266 1246
f 1248 1268 1267 1247
f 1249 1269 1268 1248
f 1250 1270 1269 1249
f 1251 1271 1270 1250
f 1252 1272 1271 1251
f 1253 1273 1272 1252
f 1254 1274 1273 1253
f 1255 1275 1274 1254
f 1256 1276 1275 1255
f 1257 1277 1276 1256
f 1258 1278 1277 1257
f 1259 1279 1278 1258
f 1260 1280 1279 1259
f 1241 1261 1280 1260
f 1262 1282 1281 1261
f 1263 1283 1282 1262
f 1264 1284 1283 1263
f 1265 1285 1284 1264
f 1266 1286 1285 1265
f 1267 1287 1286 1266
f 1268 1288 1287 1267
f 1269 1289 1288 1268
f 1270 1290 1289 1269
f 1271 1291 1290 1270
f 1272 1292 1291 1271
f 1273 1293 1292 1272
f 1274 1294 1293 1273
f 1275 1295 1294 1274
f 1276 1296 1295 1275
f 1277 1297 1296 1276
f 1278 1298 1297 1277
f 1279 1299 1298 1278
f 1280 1300 1299 1279
f 1261 1281 1300 1280
f 1282 1302 1301 1281
f 1283 1303 1302 1282
f 1284 1304 1303 1283
f 1285 1305 1304 1284
f 1286 1306 1305 1285
f 1287 1307 1306 1286
f 1288 1308 1307 1287
f 1289 1309 1308 1288
f 1290 1310 1309 1289
f 1291 1311 1310 1290
f 1292 1312 1311 1291
f 1293 1313 1312 1292
f 1294 1314 1313 1293
f 1295 1315 1314 1294
f 1296 1316 1315 1295
f 1297 1317 1316 1296
f 1298 1318 1317 1297
f 1299 1319 1318 1298
f 1300 1320 1319 1299
f 1281 1301 1320 1300
f 1302 1322 1321 1301
f 1303 1323 1322 1302
f 1304 1324 1323 1303
f 1305 1325 1324 1304
f 1306 1326 1325 1305
f 1307 1327 1326 1306
f 1308 1328 1327 1307
f 1309 1329 1328 1308
f 1310 1330 1329 1309
f 1311 1331 1330 1310
f 1312 1332 1331 1311
f 1313 1333 1332 1312
f 1314 1334 1333 1313
f 1315 1335 1334 1314
f 1316 1336 1335 1315
f 1317 1337 1336 1316
f 1318 1338 1337 1317
f 1319 1339 1338 1318
f 1320 1340 1339 1319
f 1301 1321 1340 1320
f 1322 1342 1341 1321
f 1323 1343 1342 1322
f 1324 1344 1343 1323
f 1325 1345 1344 1324
f 1326 1346 1345 1325
f 1327 1347 1346 1326
f 1328 1348 1347 1327
f 1329 1349 1348 1328
f 1330 1350 1349 1329
f 1331 1351 1350 1330
f 1332 1352 1351 1331
f 1333 1353 1352 1332
f 1334 1354 1353 1333
f 1335 1355 1354 1334
f 1336 1356 1355 1335
f 1337 1357 1356 1336
f 1338 1358 1357 1337
f 1339 1359 1358 1338
f 1340 1360 1359 1339
f 1321 1341 1360 1340
f 1342 1362 1361 1341
f 1343 1363 1362 1342
f 1344 1364 1363 1343
f 1345 1365 1364 1344
f 1346 1366 1365 1345
f 1347 1367 1366 1346
f 1348 1368 1367 1347
f 1349 1369 1368 1348
f 1350 1370 1369 1349
f 1351 1371 1370 1350
f 1352 1372 1371 1351
f 1353 1373 1372 1352
f 1354 1374 1373 1353
f 1355 1375 1374 1354
f 1356 1376 1375 1355
f 1357 1377 1376 1356
f 1358 1378 1377 1357
f 1359 1379 1378 1358
f 1360 1380 1379 1359
f 1341 1361 1380 1360
f 1362 1382 1381 1361
f 1363 1383 1382 1362
f 1364 1384 1383 1363
f 1365 1385 1384 1364
f 1366 1386 1385 1365
f 1367 1387 1386 1366
f 1368 1388 1387 1367
f 1369 1389 1388 1368
f 1370 1390 1389 1369
f 1371 1391 1390 1370
f 1372 1392 1391 1371
f 1373 1393 1392 1372
f 1374 1394 1393 1373
f 1375 1395 1394 1374
f 1376 1396 1395 1375
f 1377 1397 1396 1376
f 1378 1398 1397 1377
f 1379 1399 1398 1378
f 1380 1400 1399 1379
f 1361 1381 1400 1380
f 1382 1402 1401 1381
f 1383 1403 1402 1382
f 1384 1404 1403 1383
f 1385 1405 1404 1384
f 1386 1406 1405 1385
f 1387 1407 1406 1386
f 1388 1408 1407 1387
f 1389 1409 1408 1388
f 1390 1410 1409 1389
f 1391 1411 1410 1390
f 1392 1412 1411 1391
f 1393 1413 1412 1392
f 1394 1414 1413 1393
f 1395 1415 1414 1394
f 1396 1416 1415 1395
f 1397 1417 1416 1396
f 1398 1418 1417 1397
f 1399 1419 1418 1398
f 1400 1420 1419 1399
f 1381 1401 1420 1400
f 1402 1422 1421 1401
f 1403 1423 1422 1402
f 1404 1424 1423 1403
f 1405 1425 1424 1404
f 1406 1426 1425 1405
f 1407 1427 1426 1406
f 1408 1428 1427 1407
f 1409 1429 1428 1408
f 1410 1430 1429 1409
f 1411 1431 1430 1410
f 1412 1432 1431 1411
f 1413 1433 1432 1412
f 1414 1434 1433 1413
f 1415 1435 1434 1414
f 1416 1436 1435 1415
f 1417 1437 1436 1416
f 1418 1438 1437 1417
f 1419 1439 1438 1418
f 1420 1440 1439 1419
f 1401 1421 1440 1420
f 1422 1442 1441 1421
f 1423 1443 1442 1422
f 1424 1444 1443 1423
f 1425 1445 1444 1424
f 1426 1446 1445 1425
f 1427 1447 1446 1426
f 1428 1448 1447 1427
f 1429 1449 1448 1428
f 1430 1450 1449 1429
f 1431 1451 1450 1430
f 1432 1452 1451 1431
f 1433 1453 1452 1432
f 1434 1454 1453 1433
f 1435 1455 1454 1434
f 1436 1456 1455 1435
f 1437 1457 1456 1436
f 1438 1458 1457 1437
f 1439 1459 1458 1438
f 1440 1460 1459 1439
f 1421 1441 1460 1440
f 1442 1462 1461 1441
f 1443 1463 1462 1442
f 1444 1464 1463 1443
f 1445 1465 1464 1444
f 1446 1466 1465 1445
f 1447 1467 1466 1446
f 1448 1468 1467 1447
f 1449 1469 1468 1448
f 1450 1470 1469 1449
f 1451 1471 1470 1450
f 1452 1472 1471 1451
f 1453 1473 1472 1452
f 1454 1474 1473 1453
f 1455 1475 1474 1454
f 1456 1476 1475 1455
f 1457 1477 1476 1456
f 1458 1478 1477 1457
f 1459 1479 1478 1458
f 1460 1480 1479 1459
f 1441 1461 1480 1460
f 1462 1482 1481 1461
f 1463 1483 1482 1462
f 1464 1484 1483 1463
f 1465 1485 1484 1464
f 1466 1486 1485 1465
f 1467 1487 1486 1466
f 1468 1488 1487 1467
f 1469 1489 1488 1468
f 1470 1490 1489 1469
f 1471 1491 1490 1470
f 1472 1492 1491 1471
f 1473 1493 1492 1472
f 1474 1494 1493 1473
f 1475 1495 1494 1474
f 1476 1496 1495 1475
f 1477 1497 1496 1476
f 1478 1498 1497 1477
f 1479 1499 1498 1478
f 1480 1500 1499 1479
f 1461 1481 1500 1480
f 1482 1502 1501 1481
f 1483 1503 1502 1482
f 1484 1504 1503 1483
f 1485 1505 1504 1484
f 1486 1506 1505 1485
f 1487 1507 1506 1486
f 1488 1508 1507 1487
f 1489 1509 1508 1488
f 1490 1510 1509 1489
f 1491 1511 1510 1490
f 1492 1512 1511 1491
f 1493 1513 1512 1492
f 1494 1514 1513 1493
f 1495 1515 1514 1494
f 1496 1516 1515 1495
f 1497 1517 1516 1496
f 1498 1518 1517 1497
f 1499 1519 1518 1498
f 1500 1520 1519 1499
f 1481 1501 1520 1500
f 1502 1522 1521 1501
f 1503 1523 1522 1502
f 1504 1524 1523 1503
f 1505 1525 1524 1504
f 1506 1526 1525 1505
f 1507 1527 1526 1506
f 1508 1528 1527 1507
f 1509 1529 1528 1508
f 1510 1530 1529 1509
f 1511 1531 1530 1510
f 1512 1532 1531 1511
f 1513 1533 1532 1512
f 1514 1534 1533 1513
f 1515 1535 1534 1514
f 1516 1536 1535 1515
f 1517 1537 1536 1516
f 1518 1538 1537 1517
f 1519 1539 1538 1518
f 1520 1540 1539 1519
f 1501 1521 1540 1520
f 1522 1542 1541 1521
f 1523 1543 1542 1522
f 1524 1544 1543 1523
f 1525 1545 1544 1524
f 1526 1546 1545 1525
f 1527 1547 1546 1526
f 1528 1548 1547 1527
f 1529 1549 1548 1528
f 1530 1550 1549 1529
f 1531 1551 1550 1530
f 1532 1552 1551 1531
f 1533 1553 1552 1532
f 1534 1554 1553 1533
f 1535 1555 1554 1534
f 1536 1556 1555 1535
f 1537 1557 1556 1536
f 1538 1558 1557 1537
f 1539 1559 1558 1538
f 1540 1560 1559 1539
f 1521 1541 1560 1540
f 1542 1562 1561 1541
f 1543 1563 1562 1542
f 1544 1564 1563 1543
f 1545 1565 1564 1544
f 1546 1566 1565 1545
f 1547 1567 1566 1546
f 1548 1568 1567 1547
f 1549 1569 1568 1548
f 1550 1570 1569 1549
f 1551 1571 1570 1550
f 1552 1572 1571 1551
f 1553 1573 1572 1552
f 1554 1574 1573 1553
f 1555 1575 1574 1554
f 1556 1576 1575 1555
f 1557 1577 1576 1556
f 1558 1578 1577 1557
f 1559 1579 1578 1558
f 1560 1580 1579 1559
f 1541 1561 1580 1560
f 1562 1582 1581 1561
f 1563 1583 1582 1562
f 1564 1584 1583 1563
f 1565 1585 1584 1564
f 1566 1586 1585 1565
f 1567 1587 1586 1566
f 1568 1588 1587 1567
f 1569 1589 1588 1568
f 1570 1590 1589 1569
f 1571 1591 1590 1570
f 1572 1592 1591 1571
f 1573 1593 1592 1572
f 1574 1594 1593 1573
f 1575 1595 1594 1574
f 1576 1596 1595 1575
f 1577 1597 1596 1576
f 1578 1598 1597 1577
f 1579 1599 1598 1578
f 1580 1600 1599 1579
f 1561 1581 1600 1580
f 1582 1602 1601 1581
f 1583 1603 1602 1582
f 1584 1604 1603 1583
f 1585 1605 1604 1584
f 1586 1606 1605 1585
f 1587 1607 1606 1586
f 1588 1608 1607 1587
f 1589 1609 1608 1588
f 1590 1610 1609 1589
f 1591 1611 1610 1590
f 1592 1612 1611 1591
f 1593 1613 1612 1592
f 1594 1614 1613 1593
f 1595 1615 1614 1594
f 1596 1616 1615 1595
f 1597 1617 1616 1596
f 1598 1618 1617 1597
f 1599 1619 1618 1598
f 1600 1620 1619 1599
f 1581 1601 1620 1600
usemtl band2
f 1602 1622 1621 1601
f 1603 1623 1622 1602
f 1604 1624 1623 1603
f 1605 1625 1624 1604
f 1606 1626 1625 1605
f 1607 1627 1626 1606
f 1608 1628 1627 1607
f 1609 1629 1628 1608
f 1610 1630 1629 1609
f 1611 1631 1630 1610
f 1612 1632 1631 1611
f 1613 1633 1632 1612
f 1614 1634 1633 1613
f 1615 1635 1634 1614
f 1616 1636 1635 1615
f 1617 1637 1636 1616
f 1618 1638 1637 1617
f 1619 1639 1638 1618
f 1620 1640 1639 1619
f 1601 1621 1640 1620
f 1622 1642 1641 1621
f 1623 1643 1642 1622
f 1624 1644 1643 1623
f 1625 1645 1644 1624
f 1626 1646 1645 1625
f 1627 1647 1646 1626
f 1628 1648 1647 1627
f 1629 1649 1648 1628
f 1630 1650 1649 1629
f 1631 1651 1650 1630
f 1632 1652 1651 1631
f 1633 1653 1652 1632
f 1634 1654 1653 1633
f 1635 1655 1654 1634
f 1636 1656 1655 1635
f 1637 1657 1656 1636
f 1638 1658 1657 1637
f 1639 1659 1658 1638
f 1640 1660 1659 1639
f 1621 1641 1660 1640
f 1642 1662 1661 1641
f 1643 1663 1662 1642
f 1644 1664 1663 1643
f 1645 1665 1664 1644
f 1646 1666 1665 1645
f 1647 1667 1666 1646
f 1648 1668 1667 1647
f 1649 1669 1668 1648
f 1650 1670 1669 1649
f 1651 1671 1670 1650
f 1652 1672 1671 1651
f 1653 1673 1672 1652
f 1654 1674 1673 1653
f 1655 1675 1674 1654
f 1656 1676 1675 1655
f 1657 1677 1676 1656
f 1658 1678 1677 1657
f 1659 1679 1678 1658
f 1660 1680 1679 1659
f 1641 1661 1680 1660
f 1662 1682 1681 1661
f 1663 1683 1682 1662
f 1664 1684 1683 1663
f 1665 1685 1684 1664
f 1666 1686 1685 1665
f 1667 1687 1686 1666
f 1668 1688 1687 1667
f 1669 1689 1688 1668
f 1670 1690 1689 1669
f 1671 1691 1690 1670
f 1672 1692 1691 1671
f 1673 1693 1692 1672
f 1674 1694 1693 1673
f 1675 1695 1694 1674
f 1676 1696 1695 1675
f 1677 1697 1696 1676
f 1678 1698 1697 1677
f 1679 1699 1698 1678
f 1680 1700 1699 1679
f 1661 1681 1700 1680
f 1682 1702 1701 1681
f 1683 1703 1702 1682
f 1684 1704 1703 1683
f 1685 1705 1704 1684
f 1686 1706 1705 1685
f 1687 1707 1706 1686
f 1688 1708 1707 1687
f 1689 1709 1708 1688
f 1690 1710 1709 1689
f 1691 1711 1710 1690
f 1692 1712 1711 1691
f 1693 1713 1712 1692
f 1694 1714 1713 1693
f 1695 1715 1714 1694
f 1696 1716 1715 1695
f 1697 1717 1716 1696
f 1698 1718 1717 1697
f 1699 1719 1718 1698
f 1700 1720 1719 1699
f 1681 1701 1720 1700
f 1702 1722 1721 1701
f 1703 1723 1722 1702
f 1704 1724 1723 1703
f 1705 1725 1724 1704
f 1706 1726 1725 1705
f 1707 1727 1726 1706
f 1708 1728 1727 1707
f 1709 1729 1728 1708
f 1710 1730 1729 1709
f 1711 1731 1730 1710
f 1712 1732 1731 1711
f 1713 1733 1732 1712
f 1714 1734 1733 1713
f 1715 1735 1734 1714
f 1716 1736 1735 1715
f 1717 1737 1736 1716
f 1718 1738 1737 1717
f 1719 1739 1738 1718
f 1720 1740 1739 1719
f 1701 1721 1740 1720
f 1722 1742 1741 1721
f 1723 1743 1742 1722
f 1724 1744 1743 1723
f 1725 1745 1744 1724
f 1726 1746 1745 1725
f 1727 1747 1746 1726
f 1728 1748 1747 1727
f 1729 1749 1748 1728
f 1730 1750 1749 1729
f 1731 1751 1750 1730
f 1732 1752 1751 1731
f 1733 1753 1752 1732
f 1734 1754 1753 1733
f 1735 1755 1754 1734
f 1736 1756 1755 1735
f 1737 1757 1756 1736
f 1738 1758 1757 1737
f 1739 1759 1758 1738
f 1740 1760 1759 1739
f 1721 1741 1760 1740
f 1742 1762 1761 1741
f 1743 1763 1762 1742
f 1744 1764 1763 1743
f 1745 1765 1764 1744
f 1746 1766 1765 1745
f 1747 1767 1766 1746
f 1748 1768 1767 1747
f 1749 1769 1768 1748
f 1750 1770 1769 1749
f 1751 1771 1770 1750
f 1752 1772 1771 1751
f 1753 1773 1772 1752
f 1754 1774 1773 1753
f 1755 1775 1774 1754
f 1756 1776 1775 1755
f 1757 1777 1776 1756
f 1758 1778 1777 1757
f 1759 1779 1778 1758
f 1760 1780 1779 1759
f 1741 1761 1780 1760
f 1762 1782 1781 1761
f 1763 1783 1782 1762
f 1764 1784 1783 1763
f 1765 1785 1784 1764
f 1766 1786 1785 1765
f 1767 1787 1786 1766
f 1768 1788 1787 1767
f 1769 1789 1788 1768
f 1770 1790 1789 1769
f 1771 1791 1790 1770
f 1772 1792 1791 1771
f 1773 1793 1792 1772
f 1774 1794 1793 1773
f 1775 1795 1794 1774
f 1776 1796 1795 1775
f 1777 1797 1796 1776
f 1778 1798 1797 1777
f 1779 1799 1798 1778
f 1780 1800 1799 1779
f 1761 1781 1800 1780
f 1782 1802 1801 1781
f 1783 1803 1802 1782
f 1784 1804 1803 1783
f 1785 1805 1804 1784
f 1786 1806 1805 1785
f 1787 1807 1806 1786
f 1788 1808 1807 1787
f 1789 1809 1808 1788
f 1790 1810 1809 1789
f 1791 1811 1810 1790
f 1792 1812 1811 1791
f 1793 1813 1812 1792
f 1794 1814 1813 1793
f 1795 1815 1814 1794
f 1796 1816 1815 1795
f 1797 1817 1816 1796
f 1798 1818 1817 1797
f 1799 1819 1818 1798
f 1800 1820 1819 1799
f 1781 1801 1820 1800
f 1802 1822 1821 1801
f 1803 1823 1822 1802
f 1804 1824 1823 1803
f 1805 1825 1824 1804
f 1806 1826 1825 1805
f 1807 1827 1826 1806
f 1808 1828 1827 1807
f 1809 1829 1828 1808
f 1810 1830 1829 1809
f 1811 1831 1830 1810
f 1812 1832 1831 1811
f 1813 1833 1832 1812
f 1814 1834 1833 1813
f 1815 1835 1834 1814
f 1816 1836 1835 1815
f 1817 1837 1836 1816
f 1818 1838 1837 1817
f 1819 1839 1838 1818
f 1820 1840 1839 1819
f 1801 1821 1840 1820
f 1822 1842 1841 1821
f 1823 1843 1842 1822
f 1824 1844 1843 1823
f 1825 1845 1844 1824
f 1826 1846 1845 1825
f 1827 1847 1846 1826
f 1828 1848 1847 1827
f 1829 1849 1848 1828
f 1830 1850 1849 1829
f 1831 1851 1850 1830
f 1832 1852 1851 1831
f 1833 1853 1852 1832
f 1834 1854 1853 1833
f 1835 1855 1854 1834
f 1836 1856 1855 1835
f 1837 1857 1856 1836
f 1838 1858 1857 1837
f 1839 1859 1858 1838
f 1840 1860 1859 1839
f 1821 1841 1860 1840
f 1842 1862 1861 1841
f 1843 1863 1862 1842
f 1844 1864 1863 1843
f 1845 1865 1864 1844
f 1846 1866 1865 1845
f 1847 1867 1866 1846
f 1848 1868 1867 1847
f 1849 1869 1868 1848
f 1850 1870 1869 1849
f 1851 1871 1870 1850
f 1852 1872 1871 1851
f 1853 1873 1872 1852
f 1854 1874 1873 1853
f 1855 1875 1874 1854
f 1856 1876 1875 1855
f 1857 1877 1876 1856
f 1858 1878 1877 1857
f 1859 1879 1878 1858
f 1860 1880 1879 1859
f 1841 1861 1880 1860
f 1862 1882 1881 1861
f 1863 1883 1882 1862
f 1864 1884 1883 1863
f 1865 1885 1884 1864
f 1866 1886 1885 1865
f 1867 1887 1886 1866
f 1868 1888 1887 1867
f 1869 1889 1888 1868
f 1870 1890 1889 1869
f 1871 1891 1890 1870
f 1872 1892 1891 1871
f 1873 1893 1892 1872
f 1874 1894 1893 1873
f 1875 1895 1894 1874
f 1876 1896 1895 1875
f 1877 1897 1896 1876
f 1878 1898 1897 1877
f 1879 1899 1898 1878
f 1880 1900 1899 1879
f 1861 1881 1900 1880
f 1882 1902 1901 1881
f 1883 1903 1902 1882
f 1884 1904 1903 1883
f 1885 1905 1904 1884
f 1886 1906 1905 1885
f 1887 1907 1906 1886
f 1888 1908 1907 1887
f 1889 1909 1908 1888
f 1890 1910 1909 1889
f 1891 1911 1910 1890
f 1892 1912 1911 1891
f 1893 1913 1912 1892
f 1894 1914 1913 1893
f 1895 1915 1914 1894
f 1896 1916 1915 1895
f 1897 1917 1916 1896
f 1898 1918 1917 1897
f 1899 1919 1918 1898
f 1900 1920 1919 1899
f 1881 1901 1920 1900
f 1902 1922 1921 1901
f 1903 1923 1922 1902
f 1904 1924 1923 1903
f 1905 1925 1924 1904
f 1906 1926 1925 1905
f 1907 1927 1926 1906
f 1908 1928 1927 1907
f 1909 1929 1928 1908
f 1910 1930 1929 1909
f 1911 1931 1930 1910
f 1912 1932 1931 1911
f 1913 1933 1932 1912
f 1914 1934 1933 1913
f 1915 1935 1934 1914
f 1916 1936 1935 1915
f 1917 1937 1936 1916
f 1918 1938 1937 1917
f 1919 1939 1938 1918
f 1920 1940 1939 1919
f 1901 1921 1940 1920
f 1922 1942 1941 1921
f 1923 1943 1942 1922
f 1924 1944 1943 1923
f 1925 1945 1944 1924
f 1926 1946 1945 1925
f 1927 1947 1946 1926
f 1928 1948 1947 1927
f 1929 1949 1948 1928
f 1930 1950 1949 1929
f 1931 1951 1950 1930
f 1932 1952 1951 1931
f 1933 1953 1952 1932
f 1934 1954 1953 1933
f 1935 1955 1954 1934
f 1936 1956 1955 1935
f 1937 1957 1956 1936
f 1938 1958 1957 1937
f 1939 1959 1958 1938
f 1940 1960 1959 1939
f 1921 1941 1960 1940
f 1942 1962 1961 1941
f 1943 1963 1962 1942
f 1944 1964 1963 1943
f 1945 1965 1964 1944
f 1946 1966 1965 1945
f 1947 1967 1966 1946
f 1948 1968 1967 1947
f 1949 1969 1968 1948
f 1950 1970 1969 1949
f 1951 1971 1970 1950
f 1952 1972 1971 1951
f 1953 1973 1972 1952
f 1954 1974 1973 1953
f 1955 1975 1974 1954
f 1956 1976 1975 1955
f 1957 1977 1976 1956
f 1958 1978 1977 1957
f 1959 1979 1978 1958
f 1960 1980 1979 1959
f 1941 1961 1980 1960
f 1962 1982 1981 1961
f 1963 1983 1982 1962
f 1964 1984 1983 1963
f 1965 1985 1984 1964
f 1966 1986 1985 1965
f 1967 1987 1986 1966
f 1968 1988 1987 1967
f 1969 1989 1988 1968
f 1970 1990 1989 1969
f 1971 1991 1990 1970
f 1972 1992 1991 1971
f 1973 1993 1992 1972
f 1974 1994 1993 1973
f 1975 1995 1994 1974
f 1976 1996 1995 1975
f 1977 1997 1996 1976
f 1978 1998 1997 1977
f 1979 1999 1998 1978
f 1980 2000 1999 1979
f 1961 1981 2000 1980
f 1982 2002 2001 1981
f 1983 2003 2002 1982
f 1984 2004 2003 1983
f 1985 2005 2004 1984
f 1986 2006 2005 1985
f 1987 2007 2006 1986
f 1988 2008 2007 1987
f 1989 2009 2008 1988
f 1990 2010 2009 1989
f 1991 2011 2010 1990
f 1992 2012 2011 1991
f 1993 2013 2012 1992
f 1994 2014 2013 1993
f 1995 2015 2014 1994
f 1996 2016 2015 1995
f 1997 2017 2016 1996
f 1998 2018 2017 1997
f 1999 2019 2018 1998
f 2000 2020 2019 1999
f 1981 2001 2020 2000
f 2002 2022 2021 2001
f 2003 2023 2022 2002
f 2004 2024 2023 2003
f 2005 2025 2024 2004
f 2006 2026 2025 2005
f 2007 2027 2026 2006
f 2008 2028 2027 2007
f 2009 2029 2028 2008
f 2010 2030 2029 2009
f 2011 2031 2030 2010
f 2012 2032 2031 2011
f 2013 2033 2032 2012
f 2014 2034 2033 2013
f 2015 2035 2034 2014
f 2016 2036 2035 2015
f 2017 2037 2036 2016
f 2018 2038 2037 2017
f 2019 2039 2038 2018
f 2020 2040 2039 2019
f 2001 2021 2040 2020
f 2022 2042 2041 2021
f 2023 2043 2042 2022
f 2024 2044 2043 2023
f 2025 2045 2044 2024
f 2026 2046 2045 2025
f 2027 2047 2046 2026
f 2028 2048 2047 2027
f 2029 2049 2048 2028
f 2030 2050 2049 2029
f 2031 2051 2050 2030
f 2032 2052 2051 2031
f 2033 2053 2052 2032
f 2034 2054 2053 2033
f 2035 2055 2054 2034
f 2036 2056 2055 2035
f 2037 2057 2056 2036
f 2038 2058 2057 2037
f 2039 2059 2058 2038
f 2040 2060 2059 2039
f 2021 2041 2060 2040
f 2042 2062 2061 2041
f 2043 2063 2062 2042
f 2044 2064 2063 2043
f 2045 2065 2064 2044
f 2046 2066 2065 2045
f 2047 2067 2066 2046
f 2048 2068 2067 2047
f 2049 2069 2068 2048
f 2050 2070 2069 2049
f 2051 2071 2070 2050
f 2052 2072 2071 2051
f 2053 2073 2072 2052
f 2054 2074 2073 2053
f 2055 2075 2074 2054
f 2056 2076 2075 2055
f 2057 2077 2076 2056
f 2058 2078 2077 2057
f 2059 2079 2078 2058
f 2060 2080 2079 2059
f 2041 2061 2080 2060
f 2062 2082 2081 2061
f 2063 2083 2082 2062
f 2064 2084 2083 2063
f 2065 2085 2084 2064
f 2066 2086 2085 2065
f 2067 2087 2086 2066
f 2068 2088 2087 2067
f 2069 2089 2088 2068
f 2070 2090 2089 2069
f 2071 2091 2090 2070
f 2072 2092 2091 2071
f 2073 2093 2092 2072
f 2074 2094 2093 2073
f 2075 2095 2094 2074
f 2076 2096 2095 2075
f 2077 2097 2096 2076
f 2078 2098 2097 2077
f 2079 2099 2098 2078
f 2080 2100 2099 2079
f 2061 2081 2100 2080
f 2082 2102 2101 2081
f 2083 2103 2102 2082
f 2084 2104 2103 2083
f 2085 2105 2104 2084
f 2086 2106 2105 2085
f 2087 2107 2106 2086
f 2088 2108 2107 2087
f 2089 2109 2108 2088
f 2090 2110 2109 2089
f 2091 2111 2110 2090
f 2092 2112 2111 2091
f 2093 2113 2112 2092
f 2094 2114 2113 2093
f 2095 2115 2114 2094
f 2096 2116 2115 2095
f 2097 2117 2116 2096
f 2098 2118 2117 2097
f 2099 2119 2118 2098
f 2100 2120 2119 2099
f 2081 2101 2120 2100
f 2102 2122 2121 2101
f 2103 2123 2122 2102
f 2104 2124 2123 2103
f 2105 2125 2124 2104
f 2106 2126 2125 2105
f 2107 2127 2126 2106
f 2108 2128 2127 2107
f 2109 2129 2128 2108
f 2110 2130 2129 2109
f 2111 2131 2130 2110
f 2112 2132 2131 2111
f 2113 2133 2132 2112
f 2114 2134 2133 2113
f 2115 2135 2134 2114
f 2116 2136 2135 2115
f 2117 2137 2136 2116
f 2118 2138 2137 2117
f 2119 2139 2138 2118
f 2120 2140 2139 2119
f 2101 2121 2140 2120
f 2122 2142 2141 2121
f 2123 2143 2142 2122
f 2124 2144 2143 2123
f 2125 2145 2144 2124
f 2126 2146 2145 2125
f 2127 2147 2146 2126
f 2128 2148 2147 2127
f 2129 2149 2148 2128
f 2130 2150 2149 2129
f 2131 2151 2150 2130
f 2132 2152 2151 2131
f 2133 2153 2152 2132
f 2134 2154 2153 2133
f 2135 2155 2154 2134
f 2136 2156 2155 2135
f 2137 2157 2156 2136
f 2138 2158 2157 2137
f 2139 2159 2158 2138
f 2140 2160 2159 2139
f 2121 2141 2160 2140
f 2142 2162 2161 2141
f 2143 2163 2162 2142
f 2144 2164 2163 2143
f 2145 2165 2164 2144
f 2146 2166 2165 2145
f 2147 2167 2166 2146
f 2148 2168 2167 2147
f 2149 2169 2168 2148
f 2150 2170 2169 2149
f 2151 2171 2170 2150
f 2152 2172 2171 2151
f 2153 2173 2172 2152
f 2154 2174 2173 2153
f 2155 2175 2174 2154
f 2156 2176 2175 2155
f 2157 2177 2176 2156
f 2158 2178 2177 2157
f 2159 2179 2178 2158
f 2160 2180 2179 2159
f 2141 2161 2180 2160
f 2162 2182 2181 2161
f 2163 2183 2182 2162
f 2164 2184 2183 2163
f 2165 2185 2184 2164
f 2166 2186 2185 2165
f 2167 2187 2186 2166
f 2168 2188 2187 2167
f 2169 2189 2188 2168
f 2170 2190 2189 2169
f 2171 2191 2190 2170
f 2172 2192 2191 2171
f 2173 2193 2192 2172
f 2174 2194 2193 2173
f 2175 2195 2194 2174
f 2176 2196 2195 2175
f 2177 2197 2196 2176
f 2178 2198 2197 2177
f 2179 2199 2198 2178
f 2180 2200 2199 2179
f 2161 2181 2200 2180
f 2182 2202 2201 2181
f 2183 2203 2202 2182
f 2184 2204 2203 2183
f 2185 2205 2204 2184
f 2186 2206 2205 2185
f 2187 2207 2206 2186
f 2188 2208 2207 2187
f 2189 2209 2208 2188
f 2190 2210 2209 2189
f 2191 2211 2210 2190
f 2192 2212 2211 2191
f 2193 2213 2212 2192
f 2194 2214 2213 2193
f 2195 2215 2214 2194
f 2196 2216 2215 2195
f 2197 2217 2216 2196
f 2198 2218 2217 2197
f 2199 2219 2218 2198
f 2200 2220 2219 2199
f 2181 2201 2220 2200
f 2202 2222 2221 2201
f 2203 2223 2222 2202
f 2204 2224 2223 2203
f 2205 2225 2224 2204
f 2206 2226 2225 2205
f 2207 2227 2226 2206
f 2208 2228 2227 2207
f 2209 2229 2228 2208
f 2210 2230 2229 2209
f 2211 2231 2230 2210
f 2212 2232 2231 2211
f 2213 2233 2232 2212
f 2214 2234 2233 2213
f 2215 2235 2234 2214
f 2216 2236 2235 2215
f 2217 2237 2236 2216
f 2218 2238 2237 2217
f 2219 2239 2238 2218
f 2220 2240 2239 2219
f 2201 2221 2240 2220
f 2222 2242 2241 2221
f 2223 2243 2242 2222
f 2224 2244 2243 2223
f 2225 2245 2244 2224
f 2226 2246 2245 2225
f 2227 2247 2246 2226
f 2228 2248 2247 2227
f 2229 2249 2248 2228
f 2230 2250 2249 2229
f 2231 2251 2250 2230
f 2232 2252 2251 2231
f 2233 2253 2252 2232
f 2234 2254 2253 2233
f 2235 2255 2254 2234
f 2236 2256 2255 2235
f 2237 2257 2256 2236
f 2238 2258 2257 2237
f 2239 2259 2258 2238
f 2240 2260 2259 2239
f 2221 2241 2260 2240
f 2242 2262 2261 2241
f 2243 2263 2262 2242
f 2244 2264 2263 2243
f 2245 2265 2264 2244
f 2246 2266 2265 2245
f 2247 2267 2266 2246
f 2248 2268 2267 2247
f 2249 2269 2268 2248
f 2250 2270 2269 2249
f 2251 2271 2270 2250
f 2252 2272 2271 2251
f 2253 2273 2272 2252
f 2254 2274 2273 2253
f 2255 2275 2274 2254
f 2256 2276 2275 2255
f 2257 2277 2276 2256
f 2258 2278 2277 2257
f 2259 2279 2278 2258
f 2260 2280 2279 2259
f 2241 2261 2280 2260
f 2262 2282 2281 2261
f 2263 2283 2282 2262
f 2264 2284 2283 2263
f 2265 2285 2284 2264
f 2266 2286 2285 2265
f 2267 2287 2286 2266
f 2268 2288 2287 2267
f 2269 2289 2288 2268
f 2270 2290 2289 2269
f 2271 2291 2290 2270
f 2272 2292 2291 2271
f 2273 2293 2292 2272
f 2274 2294 2293 2273
f 2275 2295 2294 2274
f 2276 2296 2295 2275
f 2277 2297 2296 2276
f 2278 2298 2297 2277
f 2279 2299 2298 2278
f 2280 2300 2299 2279
f 2261 2281 2300 2280
f 2282 2302 2301 2281
f 2283 2303 2302 2282
f 2284 2304 2303 2283
f 2285 2305 2304 2284
f 2286 2306 2305 2285
f 2287 2307 2306 2286
f 2288 2308 2307 2287
f 2289 2309 2308 2288
f 2290 2310 2309 2289
f 2291 2311 2310 2290
f 2292 2312 2311 2291
f 2293 2313 2312 2292
f 2294 2314 2313 2293
f 2295 2315 2314 2294
f 2296 2316 2315 2295
f 2297 2317 2316 2296
f 2298 2318 2317 2297
f 2299 2319 2318 2298
f 2300 2320 2319 2299
f 2281 2301 2320 2300
f 2302 2322 2321 2301
f 2303 2323 2322 2302
f 2304 2324 2323 2303
f 2305 2325 2324 2304
f 2306 2326 2325 2305
f 2307 2327 2326 2306
f 2308 2328 2327 2307
f 2309 2329 2328 2308
f 2310 2330 2329 2309
f 2311 2331 2330 2310
f 2312 2332 2331 2311
f 2313 2333 2332 2312
f 2314 2334 2333 2313
f 2315 2335 2334 2314
f 2316 2336 2335 2315
f 2317 2337 2336 2316
f 2318 2338 2337 2317
f 2319 2339 2338 2318
f 2320 2340 2339 2319
f 2301 2321 2340 2320
f 2322 2342 2341 2321
f 2323 2343 2342 2322
f 2324 2344 2343 2323
f 2325 2345 2344 2324
f 2326 2346 2345 2325
f 2327 2347 2346 2326
f 2328 2348 2347 2327
f 2329 2349 2348 2328
f 2330 2350 2349 2329
f 2331 2351 2350 2330
f 2332 2352 2351 2331
f 2333 2353 2352 2332
f 2334 2354 2353 2333
f 2335 2355 2354 2334
f 2336 2356 2355 2335
f 2337 2357 2356 2336
f 2338 2358 2357 2337
f 2339 2359 2358 2338
f 2340 2360 2359 2339
f 2321 2341 2360 2340
f 2342 2362 2361 2341
f 2343 2363 2362 2342
f 2344 2364 2363 2343
f 2345 2365 2364 2344
f 2346 2366 2365 2345
f 2347 2367 2366 2346
f 2348 2368 2367 2347
f 2349 2369 2368 2348
f 2350 2370 2369 2349
f 2351 2371 2370 2350
f 2352 2372 2371 2351
f 2353 2373 2372 2352
f 2354 2374 2373 2353
f 2355 2375 2374 2354
f 2356 2376 2375 2355
f 2357 2377 2376 2356
f 2358 2378 2377 2357
f 2359 2379 2378 2358
f 2360 2380 2379 2359
f 2341 2361 2380 2360
f 2362 2382 2381 2361
f 2363 2383 2382 2362
f 2364 2384 2383 2363
f 2365 2385 2384 2364
f 2366 2386 2385 2365
f 2367 2387 2386 2366
f 2368 2388 2387 2367
f 2369 2389 2388 2368
f 2370 2390 2389 2369
f 2371 2391 2390 2370
f 2372 2392 2391 2371
f 2373 2393 2392 2372
f 2374 2394 2393 2373
f 2375 2395 2394 2374
f 2376 2396 2395 2375
f 2377 2397 2396 2376
f 2378 2398 2397 2377
f 2379 2399 2398 2378
f 2380 2400 2399 2379
f 2361 2381 2400 2380
f 2382 2402 2401 2381
f 2383 2403 2402 2382
f 2384 2404 2403 2383
f 2385 2405 2404 2384
f 2386 2406 2405 2385
f 2387 2407 2406 2386
f 2388 2408 2407 2387
f 2389 2409 2408 2388
f 2390 2410 2409 2389
f 2391 2411 2410 2390
f 2392 2412 2411 2391
f 2393 2413 2412 2392
f 2394 2414 2413 2393
f 2395 2415 2414 2394
f 2396 2416 2415 2395
f 2397 2417 2416 2396
f 2398 2418 2417 2397
f 2399 2419 2418 2398
f 2400 2420 2419 2399
f 2381 2401 2420 2400
usemtl band3
f 2402 2422 2421 2401
f 2403 2423 2422 2402
f 2404 2424 2423 2403
f 2405 2425 2424 2404
f 2406 2426 2425 2405
f 2407 2427 2426 2406
f 2408 2428 2427 2407
f 2409 2429 2428 2408
f 2410 2430 2429 2409
f 2411 2431 2430 2410
f 2412 2432 2431 2411
f 2413 2433 2432 2412
f 2414 2434 2433 2413
f 2415 2435 2434 2414
f 2416 2436 2435 2415
f 2417 2437 2436 2416
f 2418 2438 2437 2417
f 2419 2439 2438 2418
f 2420 2440 2439 2419
f 2401 2421 2440 2420
f 2422 2442 2441 2421
f 2423 2443 2442 2422
f 2424 2444 2443 2423
f 2425 2445 2444 2424
f 2426 2446 2445 2425
f 2427 2447 2446 2426
f 2428 2448 2447 2427
f 2429 2449 2448 2428
f 2430 2450 2449 2429
f 2431 2451 2450 2430
f 2432 2452 2451 2431
f 2433 2453 2452 2432
f 2434 2454 2453 2433
f 2435 2455 2454 2434
f 2436 2456 2455 2435
f 2437 2457 2456 2436
f 2438 2458 2457 2437
f 2439 2459 2458 2438
f 2440 2460 2459 2439
f 2421 2441 2460 2440
f 2442 2462 2461 2441
f 2443 2463 2462 2442
f 2444 2464 2463 2443
f 2445 2465 2464 2444
f 2446 2466 2465 2445
f 2447 2467 2466 2446
f 2448 2468 2467 2447
f 2449 2469 2468 2448
f 2450 2470 2469 2449
f 2451 2471 2470 2450
f 2452 2472 2471 2451
f 2453 2473 2472 2452
f 2454 2474 2473 2453
f 2455 2475 2474 2454
f 2456 2476 2475 2455
f 2457 2477 2476 2456
f 2458 2478 2477 2457
f 2459 2479 2478 2458
f 2460 2480 2479 2459
f 2441 2461 2480 2460
f 2462 2482 2481 2461
f 2463 2483 2482 2462
f 2464 2484 2483 2463
f 2465 2485 2484 2464
f 2466 2486 2485 2465
f 2467 2487 2486 2466
f 2468 2488 2487 2467
f 2469 2489 2488 2468
f 2470 2490 2489 2469
f 2471 2491 2490 2470
f 2472 2492 2491 2471
f 2473 2493 2492 2472
f 2474 2494 2493 2473
f 2475 2495 2494 2474
f 2476 2496 2495 2475
f 2477 2497 2496 2476
f 2478 2498 2497 2477
f 2479 2499 2498 2478
f 2480 2500 2499 2479
f 2461 2481 2500 2480
f 2482 2502 2501 2481
f 2483 2503 2502 2482
f 2484 2504 2503 2483
f 2485 2505 2504 2484
f 2486 2506 2505 2485
f 2487 2507 2506 2486
f 2488 2508 2507 2487
f 2489 2509 2508 2488
f 2490 2510 2509 2489
f 2491 2511 2510 2490
f 2492 2512 2511 2491
f 2493 2513 2512 2492
f 2494 2514 2513 2493
f 2495 2515 2514 2494
f 2496 2516 2515 2495
f 2497 2517 2516 2496
f 2498 2518 2517 2497
f 2499 2519 2518 2498
f 2500 2520 2519 2499
f 2481 2501 2520 2500
f 2502 2522 2521 2501
f 2503 2523 2522 2502
f 2504 2524 2523 2503
f 2505 2525 2524 2504
f 2506 2526 2525 2505
f 2507 2527 2526 2506
f 2508 2528 2527 2507
f 2509 2529 2528 2508
f 2510 2530 2529 2509
f 2511 2531 2530 2510
f 2512 2532 2531 2511
f 2513 2533 2532 2512
f 2514 2534 2533 2513
f 2515 2535 2534 2514
f 2516 2536 2535 2515
f 2517 2537 2536 2516
f 2518 2538 2537 2517
f 2519 2539 2538 2518
f 2520 2540 2539 2519
f 2501 2521 2540 2520
f 2522 2542 2541 2521
f 2523 2543 2542 2522
f 2524 2544 2543 2523
f 2525 2545 2544 2524
f 2526 2546 2545 2525
f 2527 2547 2546 2526
f 2528 2548 2547 2527
f 2529 2549 2548 2528
f 2530 2550 2549 2529
f 2531 2551 2550 2530
f 2532 2552 2551 2531
f 2533 2553 2552 2532
f 2534 2554 2553 2533
f 2535 2555 2554 2534
f 2536 2556 2555 2535
f 2537 2557 2556 2536
f 2538 2558 2557 2537
f 2539 2559 2558 2538
f 2540 2560 2559 2539
f 2521 2541 2560 2540
f 2542 2562 2561 2541
f 2543 2563 2562 2542
f 2544 2564 2563 2543
f 2545 2565 2564 2544
f 2546 2566 2565 2545
f 2547 2567 2566 2546
f 2548 2568 2567 2547
f 2549 2569 2568 2548
f 2550 2570 2569 2549
f 2551 2571 2570 2550
f 2552 2572 2571 2551
f 2553 2573 2572 2552
f 2554 2574 2573 2553
f 2555 2575 2574 2554
f 2556 2576 2575 2555
f 2557 2577 2576 2556
f 2558 2578 2577 2557
f 2559 2579 2578 2558
f 2560 2580 2579 2559
f 2541 2561 2580 2560
f 2562 2582 2581 2561
f 2563 2583 2582 2562
f 2564 2584 2583 2563
f 2565 2585 2584 2564
f 2566 2586 2585 2565
f 2567 2587 2586 2566
f 2568 2588 2587 2567
f 2569 2589 2588 2568
f 2570 2590 2589 2569
f 2571 2591 2590 2570
f 2572 2592 2591 2571
f 2573 2593 2592 2572
f 2574 2594 2593 2573
f 2575 2595 2594 2574
f 2576 2596 2595 2575
f 2577 2597 2596 2576
f 2578 2598 2597 2577
f 2579 2599 2598 2578
f 2580 2600 2599 2579
f 2561 2581 2600 2580
f 2582 2602 2601 2581
f 2583 2603 2602 2582
f 2584 2604 2603 2583
f 2585 2605 2604 2584
f 2586 2606 2605 2585
f 2587 2607 2606 2586
f 2588 2608 2607 2587
f 2589 2609 2608 2588
f 2590 2610 2609 2589
f 2591 2611 2610 2590
f 2592 2612 2611 2591
f 2593 2613 2612 2592
f 2594 2614 2613 2593
f 2595 2615 2614 2594
f 2596 2616 2615 2595
f 2597 2617 2616 2596
f 2598 2618 2617 2597
f 2599 2619 2618 2598
f 2600 2620 2619 2599
f 2581 2601 2620 2600
f 2602 2622 2621 2601
f 2603 2623 2622 2602
f 2604 2624 2623 2603
f 2605 2625 2624 2604
f 2606 2626 2625 2605
f 2607 2627 2626 2606
f 2608 2628 2627 2607
f 2609 2629 2628 2608
f 2610 2630 2629 2609
f 2611 2631 2630 2610
f 2612 2632 2631 2611
f 2613 2633 2632 2612
f 2614 2634 2633 2613
f 2615 2635 2634 2614
f 2616 2636 2635 2615
f 2617 2637 2636 2616
f 2618 2638 2637 2617
f 2619 2639 2638 2618
f 2620 2640 2639 2619
f 2601 2621 2640 2620
f 2622 2642 2641 2621
f 2623 2643 2642 2622
f 2624 2644 2643 2623
f 2625 2645 2644 2624
f 2626 2646 2645 2625
f 2627 2647 2646 2626
f 2628 2648 2647 2627
f 2629 2649 2648 2628
f 2630 2650 2649 2629
f 2631 2651 2650 2630
f 2632 2652 2651 2631
f 2633 2653 2652 2632
f 2634 2654 2653 2633
f 2635 2655 2654 2634
f 2636 2656 2655 2635
f 2637 2657 2656 2636
f 2638 2658 2657 2637
f 2639 2659 2658 2638
f 2640 2660 2659 2639
f 2621 2641 2660 2640
f 2642 2662 2661 2641
f 2643 2663 2662 2642
f 2644 2664 2663 2643
f 2645 2665 2664 2644
f 2646 2666 2665 2645
f 2647 2667 2666 2646
f 2648 2668 2667 2647
f 2649 2669 2668 2648
f 2650 2670 2669 2649
f 2651 2671 2670 2650
f 2652 2672 2671 2651
f 2653 2673 2672 2652
f 2654 2674 2673 2653
f 2655 2675 2674 2654
f 2656 2676 2675 2655
f 2657 2677 2676 2656
f 2658 2678 2677 2657
f 2659 2679 2678 2658
f 2660 2680 2679 2659
f 2641 2661 2680 2660
f 2662 2682 2681 2661
f 2663 2683 2682 2662
f 2664 2684 2683 2663
f 2665 2685 2684 2664
f 2666 2686 2685 2665
f 2667 2687 2686 2666
f 2668 2688 2687 2667
f 2669 2689 2688 2668
f 2670 2690 2689 2669
f 2671 2691 2690 2670
f 2672 2692 2691 2671
f 2673 2693 2692 2672
f 2674 2694 2693 2673
f 2675 2695 2694 2674
f 2676 2696 2695 2675
f 2677 2697 2696 2676
f 2678 2698 2697 2677
f 2679 2699 2698 2678
f 2680 2700 2699 2679
f 2661 2681 2700 2680
f 2682 2702 2701 2681
f 2683 2703 2702 2682
f 2684 2704 2703 2683
f 2685 2705 2704 2684
f 2686 2706 2705 2685
f 2687 2707 2706 2686
f 2688 2708 2707 2687
f 2689 2709 2708 2688
f 2690 2710 2709 2689
f 2691 2711 2710 2690
f 2692 2712 2711 2691
f 2693 2713 2712 2692
f 2694 2714 2713 2693
f 2695 2715 2714 2694
f 2696 2716 2715 2695
f 2697 2717 2716 2696
f 2698 2718 2717 2697
f 2699 2719 2718 2698
f 2700 2720 2719 2699
f 2681 2701 2720 2700
f 2702 2722 2721 2701
f 2703 2723 2722 2702
f 2704 2724 2723 2703
f 2705 2725 2724 2704
f 2706 2726 2725 2705
f 2707 2727 2726 2706
f 2708 2728 2727 2707
f 2709 2729 2728 2708
f 2710 2730 2729 2709
f 2711 2731 2730 2710
f 2712 2732 2731 2711
f 2713 2733 2732 2712
f 2714 2734 2733 2713
f 2715 2735 2734 2714
f 2716 2736 2735 2715
f 2717 2737 2736 2716
f 2718 2738 2737 2717
f 2719 2739 2738 2718
f 2720 2740 2739 2719
f 2701 2721 2740 2720
f 2722 2742 2741 2721
f 2723 2743 2742 2722
f 2724 2744 2743 2723
f 2725 2745 2744 2724
f 2726 2746 2745 2725
f 2727 2747 2746 2726
f 2728 2748 2747 2727
f 2729 2749 2748 2728
f 2730 2750 2749 2729
f 2731 2751 2750 2730
f 2732 2752 2751 2731
f 2733 2753 2752 2732
f 2734 2754 2753 2733
f 2735 2755 2754 2734
f 2736 2756 2755 2735
f 2737 2757 2756 2736
f 2738 2758 2757 2737
f 2739 2759 2758 2738
f 2740 2760 2759 2739
f 2721 2741 2760 2740
f 2742 2762 2761 2741
f 2743 2763 2762 2742
f 2744 2764 2763 2743
f 2745 2765 2764 2744
f 2746 2766 2765 2745
f 2747 2767 2766 2746
f 2748 2768 2767 2747
f 2749 2769 2768 2748
f 2750 2770 2769 2749
f 2751 2771 2770 2750
f 2752 2772 2771 2751
f 2753 2773 2772 2752
f 2754 2774 2773 2753
f 2755 2775 2774 2754
f 2756 2776 2775 2755
f 2757 2777 2776 2756
f 2758 2778 2777 2757
f 2759 2779 2778 2758
f 2760 2780 2779 2759
f 2741 2761 2780 2760
f 2762 2782 2781 2761
f 2763 2783 2782 2762
f 2764 2784 2783 2763
f 2765 2785 2784 2764
f 2766 2786 2785 2765
f 2767 2787 2786 2766
f 2768 2788 2787 2767
f 2769 2789 2788 2768
f 2770 2790 2789 2769
f 2771 2791 2790 2770
f 2772 2792 2791 2771
f 2773 2793 2792 2772
f 2774 2794 2793 2773
f 2775 2795 2794 2774
f 2776 2796 2795 2775
f 2777 2797 2796 2776
f 2778 2798 2797 2777
f 2779 2799 2798 2778
f 2780 2800 2799 2779
f 2761 2781 2800 2780
f 2782 2802 2801 2781
f 2783 2803 2802 2782
f 2784 2804 2803 2783
f 2785 2805 2804 2784
f 2786 2806 2805 2785
f 2787 2807 2806 2786
f 2788 2808 2807 2787
f 2789 2809 2808 2788
f 2790 2810 2809 2789
f 2791 2811 2810 2790
f 2792 2812 2811 2791
f 2793 2813 2812 2792
f 2794 2814 2813 2793
f 2795 2815 2814 2794
f 2796 2816 2815 2795
f 2797 2817 2816 2796
f 2798 2818 2817 2797
f 2799 2819 2818 2798
f 2800 2820 2819 2799
f 2781 2801 2820 2800
f 2802 2822 2821 2801
f 2803 2823 2822 2802
f 2804 2824 2823 2803
f 2805 2825 2824 2804
f 2806 2826 2825 2805
f 2807 2827 2826 2806
f 2808 2828 2827 2807
f 2809 2829 2828 2808
f 2810 2830 2829 2809
f 2811 2831 2830 2810
f 2812 2832 2831 2811
f 2813 2833 2832 2812
f 2814 2834 2833 2813
f 2815 2835 2834 2814
f 2816 2836 2835 2815
f 2817 2837 2836 2816
f 2818 2838 2837 2817
f 2819 2839 2838 2818
f 2820 2840 2839 2819
f 2801 2821 2840 2820
f 2822 2842 2841 2821
f 2823 2843 2842 2822
f 2824 2844 2843 2823
f 2825 2845 2844 2824
f 2826 2846 2845 2825
f 2827 2847 2846 2826
f 2828 2848 2847 2827
f 2829 2849 2848 2828
f 2830 2850 2849 2829
f 2831 2851 2850 2830
f 2832 2852 2851 2831
f 2833 2853 2852 2832
f 2834 2854 2853 2833
f 2835 2855 2854 2834
f 2836 2856 2855 2835
f 2837 2857 2856 2836
f 2838 2858 2857 2837
f 2839 2859 2858 2838
f 2840 2860 2859 2839
f 2821 2841 2860 2840
f 2842 2862 2861 2841
f 2843 2863 2862 2842
f 2844 2864 2863 2843
f 2845 2865 2864 2844
f 2846 2866 2865 2845
f 2847 2867 2866 2846
f 2848 2868 2867 2847
f 2849 2869 2868 2848
f 2850 2870 2869 2849
f 2851 2871 2870 2850
f 2852 2872 2871 2851
f 2853 2873 2872 2852
f 2854 2874 2873 2853
f 2855 2875 2874 2854
f 2856 2876 2875 2855
f 2857 2877 2876 2856
f 2858 2878 2877 2857
f 2859 2879 2878 2858
f 2860 2880 2879 2859
f 2841 2861 2880 2860
f 2862 2882 2881 2861
f 2863 2883 2882 2862
f 2864 2884 2883 2863
f 2865 2885 2884 2864
f 2866 2886 2885 2865
f 2867 2887 2886 2866
f 2868 2888 2887 2867
f 2869 2889 2888 2868
f 2870 2890 2889 2869
f 2871 2891 2890 2870
f 2872 2892 2891 2871
f 2873 2893 2892 2872
f 2874 2894 2893 2873
f 2875 2895 2894 2874
f 2876 2896 2895 2875
f 2877 2897 2896 2876
f 2878 2898 2897 2877
f 2879 2899 2898 2878
f 2880 2900 2899 2879
f 2861 2881 2900 2880
f 2882 2902 2901 2881
f 2883 2903 2902 2882
f 2884 2904 2903 2883
f 2885 2905 2904 2884
f 2886 2906 2905 2885
f 2887 2907 2906 2886
f 2888 2908 2907 2887
f 2889 2909 2908 2888
f 2890 2910 2909 2889
f 2891 2911 2910 2890
f 2892 2912 2911 2891
f 2893 2913 2912 2892
f 2894 2914 2913 2893
f 2895 2915 2914 2894
f 2896 2916 2915 2895
f 2897 2917 2916 2896
f 2898 2918 2917 2897
f 2899 2919 2918 2898
f 2900 2920 2919 2899
f 2881 2901 2920 2900
f 2902 2922 2921 2901
f 2903 2923 2922 2902
f 2904 2924 2923 2903
f 2905 2925 2924 2904
f 2906 2926 2925 2905
f 2907 2927 2926 2906
f 2908 2928 2927 2907
f 2909 2929 2928 2908
f 2910 2930 2929 2909
f 2911 2931 2930 2910
f 2912 2932 2931 2911
f 2913 2933 2932 2912
f 2914 2934 2933 2913
f 2915 2935 2934 2914
f 2916 2936 2935 2915
f 2917 2937 2936 2916
f 2918 2938 2937 2917
f 2919 2939 2938 2918
f 2920 2940 2939 2919
f 2901 2921 2940 2920
f 2922 2942 2941 2921
f 2923 2943 2942 2922
f 2924 2944 2943 2923
f 2925 2945 2944 2924
f 2926 2946 2945 2925
f 2927 2947 2946 2926
f 2928 2948 2947 2927
f 2929 2949 2948 2928
f 2930 2950 2949 2929
f 2931 2951 2950 2930
f 2932 2952 2951 2931
f 2933 2953 2952 2932
f 2934 2954 2953 2933
f 2935 2955 2954 2934
f 2936 2956 2955 2935
f 2937 2957 2956 2936
f 2938 2958 2957 2937
f 2939 2959 2958 2938
f 2940 2960 2959 2939
f 2921 2941 2960 2940
f 2942 2962 2961 2941
f 2943 2963 2962 2942
f 2944 2964 2963 2943
f 2945 2965 2964 2944
f 2946 2966 2965 2945
f 2947 2967 2966 2946
f 2948 2968 2967 2947
f 2949 2969 2968 2948
f 2950 2970 2969 2949
f 2951 2971 2970 2950
f 2952 2972 2971 2951
f 2953 2973 2972 2952
f 2954 2974 2973 2953
f 2955 2975 2974 2954
f 2956 2976 2975 2955
f 2957 2977 2976 2956
f 2958 2978 2977 2957
f 2959 2979 2978 2958
f 2960 2980 2979 2959
f 2941 2961 2980 2960
f 2962 2982 2981 2961
f 2963 2983 2982 2962
f 2964 2984 2983 2963
f 2965 2985 2984 2964
f 2966 2986 2985 2965
f 2967 2987 2986 2966
f 2968 2988 2987 2967
f 2969 2989 2988 2968
f 2970 2990 2989 2969
f 2971 2991 2990 2970
f 2972 2992 2991 2971
f 2973 2993 2992 2972
f 2974 2994 2993 2973
f 2975 2995 2994 2974
f 2976 2996 2995 2975
f 2977 2997 2996 2976
f 2978 2998 2997 2977
f 2979 2999 2998 2978
f 2980 3000 2999 2979
f 2961 2981 3000 2980
f 2982 3002 3001 2981
f 2983 3003 3002 2982
f 2984 3004 3003 2983
f 2985 3005 3004 2984
f 2986 3006 3005 2985
f 2987 3007 3006 2986
f 2988 3008 3007 2987
f 2989 3009 3008 2988
f 2990 3010 3009 2989
f 2991 3011 3010 2990
f 2992 3012 3011 2991
f 2993 3013 3012 2992
f 2994 3014 3013 2993
f 2995 3015 3014 2994
f 2996 3016 3015 2995
f 2997 3017 3016 2996
f 2998 3018 3017 2997
f 2999 3019 3018 2998
f 3000 3020 3019 2999
f 2981 3001 3020 3000
f 3002 3022 3021 3001
f 3003 3023 3022 3002
f 3004 3024 3023 3003
f 3005 3025 3024 3004
f 3006 3026 3025 3005
f 3007 3027 3026 3006
f 3008 3028 3027 3007
f 3009 3029 3028 3008
f 3010 3030 3029 3009
f 3011 3031 3030 3010
f 3012 3032 3031 3011
f 3013 3033 3032 3012
f 3014 3034 3033 3013
f 3015 3035 3034 3014
f 3016 3036 3035 3015
f 3017 3037 3036 3016
f 3018 3038 3037 3017
f 3019 3039 3038 3018
f 3020 3040 3039 3019
f 3001 3021 3040 3020
f 3022 3042 3041 3021
f 3023 3043 3042 3022
f 3024 3044 3043 3023
f 3025 3045 3044 3024
f 3026 3046 3045 3025
f 3027 3047 3046 3026
f 3028 3048 3047 3027
f 3029 3049 3048 3028
f 3030 3050 3049 3029
f 3031 3051 3050 3030
f 3032 3052 3051 3031
f 3033 3053 3052 3032
f 3034 3054 3053 3033
f 3035 3055 3054 3034
f 3036 3056 3055 3035
f 3037 3057 3056 3036
f 3038 3058 3057 3037
f 3039 3059 3058 3038
f 3040 3060 3059 3039
f 3021 3041 3060 3040
f 3042 3062 3061 3041
f 3043 3063 3062 3042
f 3044 3064 3063 3043
f 3045 3065 3064 3044
f 3046 3066 3065 3045
f 3047 3067 3066 3046
f 3048 3068 3067 3047
f 3049 3069 3068 3048
f 3050 3070 3069 3049
f 3051 3071 3070 3050
f 3052 3072 3071 3051
f 3053 3073 3072 3052
f 3054 3074 3073 3053
f 3055 3075 3074 3054
f 3056 3076 3075 3055
f 3057 3077 3076 3056
f 3058 3078 3077 3057
f 3059 3079 3078 3058
f 3060 3080 3079 3059
f 3041 3061 3080 3060
f 3062 3082 3081 3061
f 3063 3083 3082 3062
f 3064 3084 3083 3063
f 3065 3085 3084 3064
f 3066 3086 3085 3065
f 3067 3087 3086 3066
f 3068 3088 3087 3067
f 3069 3089 3088 3068
f 3070 3090 3089 3069
f 3071 3091 3090 3070
f 3072 3092 3091 3071
f 3073 3093 3092 3072
f 3074 3094 3093 3073
f 3075 3095 3094 3074
f 3076 3096 3095 3075
f 3077 3097 3096 3076
f 3078 3098 3097 3077
f 3079 3099 3098 3078
f 3080 3100 3099 3079
f 3061 3081 3100 3080
f 3082 3102 3101 3081
f 3083 3103 3102 3082
f 3084 3104 3103 3083
f 3085 3105 3104 3084
f 3086 3106 3105 3085
f 3087 3107 3106 3086
f 3088 3108 3107 3087
f 3089 3109 3108 3088
f 3090 3110 3109 3089
f 3091 3111 3110 3090
f 3092 3112 3111 3091
f 3093 3113 3112 3092
f 3094 3114 3113 3093
f 3095 3115 3114 3094
f 3096 3116 3115 3095
f 3097 3117 3116 3096
f 3098 3118 3117 3097
f 3099 3119 3118 3098
f 3100 3120 3119 3099
f 3081 3101 3120 3100
f 3102 3122 3121 3101
f 3103 3123 3122 3102
f 3104 3124 3123 3103
f 3105 3125 3124 3104
f 3106 3126 3125 3105
f 3107 3127 3126 3106
f 3108 3128 3127 3107
f 3109 3129 3128 3108
f 3110 3130 3129 3109
f 3111 3131 3130 3110
f 3112 3132 3131 3111
f 3113 3133 3132 3112
f 3114 3134 3133 3113
f 3115 3135 3134 3114
f 3116 3136 3135 3115
f 3117 3137 3136 3116
f 3118 3138 3137 3117
f 3119 3139 3138 3118
f 3120 3140 3139 3119
f 3101 3121 3140 3120
f 3122 3142 3141 3121
f 3123 3143 3142 3122
f 3124 3144 3143 3123
f 3125 3145 3144 3124
f 3126 3146 3145 3125
f 3127 3147 3146 3126
f 3128 3148 3147 3127
f 3129 3149 3148 3128
f 3130 3150 3149 3129
f 3131 3151 3150 3130
f 3132 3152 3151 3131
f 3133 3153 3152 3132
f 3134 3154 3153 3133
f 3135 3155 3154 3134
f 3136 3156 3155 3135
f 3137 3157 3156 3136
f 3138 3158 3157 3137
f 3139 3159 3158 3138
f 3140 3160 3159 3139
f 3121 3141 3160 3140
f 3142 3162 3161 3141
f 3143 3163 3162 3142
f 3144 3164 3163 3143
f 3145 3165 3164 3144
f 3146 3166 3165 3145
f 3147 3167 3166 3146
f 3148 3168 3167 3147
f 3149 3169 3168 3148
f 3150 3170 3169 3149
f 3151 3171 3170 3150
f 3152 3172 3171 3151
f 3153 3173 3172 3152
f 3154 3174 3173 3153
f 3155 3175 3174 3154
f 3156 3176 3175 3155
f 3157 3177 3176 3156
f 3158 3178 3177 3157
f 3159 3179 3178 3158
f 3160 3180 3179 3159
f 3141 3161 3180 3160
f 3162 3182 3181 3161
f 3163 3183 3182 3162
f 3164 3184 3183 3163
f 3165 3185 3184 3164
f 3166 3186 3185 3165
f 3167 3187 3186 3166
f 3168 3188 3187 3167
f 3169 3189 3188 3168
f 3170 3190 3189 3169
f 3171 3191 3190 3170
f 3172 3192 3191 3171
f 3173 3193 3192 3172
f 3174 3194 3193 3173
f 3175 3195 3194 3174
f 3176 3196 3195 3175
f 3177 3197 3196 3176
f 3178 3198 3197 3177
f 3179 3199 3198 3178
f 3180 3200 3199 3179
f 3161 3181 3200 3180
f 3182 3202 3201 3181
f 3183 3203 3202 3182
f 3184 3204 3203 3183
f 3185 3205 3204 3184
f 3186 3206 3205 3185
f 3187 3207 3206 3186
f 3188 3208 3207 3187
f 3189 3209 3208 3188
f 3190 3210 3209 3189
f 3191 3211 3210 3190
f 3192 3212 3211 3191
f 3193 3213 3212 3192
f 3194 3214 3213 3193
f 3195 3215 3214 3194
f 3196 3216 3215 3195
f 3197 3217 3216 3196
f 3198 3218 3217 3197
f 3199 3219 3218 3198
f 3200 3220 3219 3199
f 3181 3201 3220 3200
usemtl band4
f 3202 3222 3221 3201
f 3203 3223 3222 3202
f 3204 3224 3223 3203
f 3205 3225 3224 3204
f 3206 3226 3225 3205
f 3207 3227 3226 3206
f 3208 3228 3227 3207
f 3209 3229 3228 3208
f 3210 3230 3229 3209
f 3211 3231 3230 3210
f 3212 3232 3231 3211
f 3213 3233 3232 3212
f 3214 3234 3233 3213
f 3215 3235 3234 3214
f 3216 3236 3235 3215
f 3217 3237 3236 3216
f 3218 3238 3237 3217
f 3219 3239 3238 3218
f 3220 3240 3239 3219
f 3201 3221 3240 3220
f 3222 3242 3241 3221
f 3223 3243 3242 3222
f 3224 3244 3243 3223
f 3225 3245 3244 3224
f 3226 3246 3245 3225
f 3227 3247 3246 3226
f 3228 3248 3247 3227
f 3229 3249 3248 3228
f 3230 3250 3249 3229
f 3231 3251 3250 3230
f 3232 3252 3251 3231
f 3233 3253 3252 3232
f 3234 3254 3253 3233
f 3235 3255 3254 3234
f 3236 3256 3255 3235
f 3237 3257 3256 3236
f 3238 3258 3257 3237
f 3239 3259 3258 3238
f 3240 3260 3259 3239
f 3221 3241 3260 3240
f 3242 3262 3261 3241
f 3243 3263 3262 3242
f 3244 3264 3263 3243
f 3245 3265 3264 3244
f 3246 3266 3265 3245
f 3247 3267 3266 3246
f 3248 3268 3267 3247
f 3249 3269 3268 3248
f 3250 3270 3269 3249
f 3251 3271 3270 3250
f 3252 3272 3271 3251
f 3253 3273 3272 3252
f 3254 3274 3273 3253
f 3255 3275 3274 3254
f 3256 3276 3275 3255
f 3257 3277 3276 3256
f 3258 3278 3277 3257
f 3259 3279 3278 3258
f 3260 3280 3279 3259
f 3241 3261 3280 3260
f 3262 3282 3281 3261
f 3263 3283 3282 3262
f 3264 3284 3283 3263
f 3265 3285 3284 3264
f 3266 3286 3285 3265
f 3267 3287 3286 3266
f 3268 3288 3287 3267
f 3269 3289 3288 3268
f 3270 3290 3289 3269
f 3271 3291 3290 3270
f 3272 3292 3291 3271
f 3273 3293 3292 3272
f 3274 3294 3293 3273
f 3275 3295 3294 3274
f 3276 3296 3295 3275
f 3277 3297 3296 3276
f 3278 3298 3297 3277
f 3279 3299 3298 3278
f 3280 3300 3299 3279
f 3261 3281 3300 3280
f 3282 3302 3301 3281
f 3283 3303 3302 3282
f 3284 3304 3303 3283
f 3285 3305 3304 3284
f 3286 3306 3305 3285
f 3287 3307 3306 3286
f 3288 3308 3307 3287
f 3289 3309 3308 3288
f 3290 3310 3309 3289
f 3291 3311 3310 3290
f 3292 3312 3311 3291
f 3293 3313 3312 3292
f 3294 3314 3313 3293
f 3295 3315 3314 3294
f 3296 3316 3315 3295
f 3297 3317 3316 3296
f 3298 3318 3317 3297
f 3299 3319 3318 3298
f 3300 3320 3319 3299
f 3281 3301 3320 3300
f 3302 3322 3321 3301
f 3303 3323 3322 3302
f 3304 3324 3323 3303
f 3305 3325 3324 3304
f 3306 3326 3325 3305
f 3307 3327 3326 3306
f 3308 3328 3327 3307
f 3309 3329 3328 3308
f 3310 3330 3329 3309
f 3311 3331 3330 3310
f 3312 3332 3331 3311
f 3313 3333 3332 3312
f 3314 3334 3333 3313
f 3315 3335 3334 3314
f 3316 3336 3335 3315
f 3317 3337 3336 3316
f 3318 3338 3337 3317
f 3319 3339 3338 3318
f 3320 3340 3339 3319
f 3301 3321 3340 3320
f 3322 3342 3341 3321
f 3323 3343 3342 3322
f 3324 3344 3343 3323
f 3325 3345 3344 3324
f 3326 3346 3345 3325
f 3327 3347 3346 3326
f 3328 3348 3347 3327
f 3329 3349 3348 3328
f 3330 3350 3349 3329
f 3331 3351 3350 3330
f 3332 3352 3351 3331
f 3333 3353 3352 3332
f 3334 3354 3353 3333
f 3335 3355 3354 3334
f 3336 3356 3355 3335
f 3337 3357 3356 3336
f 3338 3358 3357 3337
f 3339 3359 3358 3338
f 3340 3360 3359 3339
f 3321 3341 3360 3340
f 3342 3362 3361 3341
f 3343 3363 3362 3342
f 3344 3364 3363 3343
f 3345 3365 3364 3344
f 3346 3366 3365 3345
f 3347 3367 3366 3346
f 3348 3368 3367 3347
f 3349 3369 3368 3348
f 3350 3370 3369 3349
f 3351 3371 3370 3350
f 3352 3372 3371 3351
f 3353 3373 3372 3352
f 3354 3374 3373 3353
f 3355 3375 3374 3354
f 3356 3376 3375 3355
f 3357 3377 3376 3356
f 3358 3378 3377 3357
f 3359 3379 3378 3358
f 3360 3380 3379 3359
f 3341 3361 3380 3360
f 3362 3382 3381 3361
f 3363 3383 3382 3362
f 3364 3384 3383 3363
f 3365 3385 3384 3364
f 3366 3386 3385 3365
f 3367 3387 3386 3366
f 3368 3388 3387 3367
f 3369 3389 3388 3368
f 3370 3390 3389 3369
f 3371 3391 3390 3370
f 3372 3392 3391 3371
f 3373 3393 3392 3372
f 3374 3394 3393 3373
f 3375 3395 3394 3374
f 3376 3396 3395 3375
f 3377 3397 3396 3376
f 3378 3398 3397 3377
f 3379 3399 3398 3378
f 3380 3400 3399 3379
f 3361 3381 3400 3380
f 3382 3402 3401 3381
f 3383 3403 3402 3382
f 3384 3404 3403 3383
f 3385 3405 3404 3384
f 3386 3406 3405 3385
f 3387 3407 3406 3386
f 3388 3408 3407 3387
f 3389 3409 3408 3388
f 3390 3410 3409 3389
f 3391 3411 3410 3390
f 3392 3412 3411 3391
f 3393 3413 3412 3392
f 3394 3414 3413 3393
f 3395 3415 3414 3394
f 3396 3416 3415 3395
f 3397 3417 3416 3396
f 3398 3418 3417 3397
f 3399 3419 3418 3398
f 3400 3420 3419 3399
f 3381 3401 3420 3400
f 3402 3422 3421 3401
f 3403 3423 3422 3402
f 3404 3424 3423 3403
f 3405 3425 3424 3404
f 3406 3426 3425 3405
f 3407 3427 3426 3406
f 3408 3428 3427 3407
f 3409 3429 3428 3408
f 3410 3430 3429 3409
f 3411 3431 3430 3410
f 3412 3432 3431 3411
f 3413 3433 3432 3412
f 3414 3434 3433 3413
f 3415 3435 3434 3414
f 3416 3436 3435 3415
f 3417 3437 3436 3416
f 3418 3438 3437 3417
f 3419 3439 3438 3418
f 3420 3440 3439 3419
f 3401 3421 3440 3420
f 3422 3442 3441 3421
f 3423 3443 3442 3422
f 3424 3444 3443 3423
f 3425 3445 3444 3424
f 3426 3446 3445 3425
f 3427 3447 3446 3426
f 3428 3448 3447 3427
f 3429 3449 3448 3428
f 3430 3450 3449 3429
f 3431 3451 3450 3430
f 3432 3452 3451 3431
f 3433 3453 3452 3432
f 3434 3454 3453 3433
f 3435 3455 3454 3434
f 3436 3456 3455 3435
f 3437 3457 3456 3436
f 3438 3458 3457 3437
f 3439 3459 3458 3438
f 3440 3460 3459 3439
f 3421 3441 3460 3440
f 3442 3462 3461 3441
f 3443 3463 3462 3442
f 3444 3464 3463 3443
f 3445 3465 3464 3444
f 3446 3466 3465 3445
f 3447 3467 3466 3446
f 3448 3468 3467 3447
f 3449 3469 3468 3448
f 3450 3470 3469 3449
f 3451 3471 3470 3450
f 3452 3472 3471 3451
f 3453 3473 3472 3452
f 3454 3474 3473 3453
f 3455 3475 3474 3454
f 3456 3476 3475 3455
f 3457 3477 3476 3456
f 3458 3478 3477 3457
f 3459 3479 3478 3458
f 3460 3480 3479 3459
f 3441 3461 3480 3460
f 3462 3482 3481 3461
f 3463 3483 3482 3462
f 3464 3484 3483 3463
f 3465 3485 3484 3464
f 3466 3486 3485 3465
f 3467 3487 3486 3466
f 3468 3488 3487 3467
f 3469 3489 3488 3468
f 3470 3490 3489 3469
f 3471 3491 3490 3470
f 3472 3492 3491 3471
f 3473 3493 3492 3472
f 3474 3494 3493 3473
f 3475 3495 3494 3474
f 3476 3496 3495 3475
f 3477 3497 3496 3476
f 3478 3498 3497 3477
f 3479 3499 3498 3478
f 3480 3500 3499 3479
f 3461 3481 3500 3480
f 3482 3502 3501 3481
f 3483 3503 3502 3482
f 3484 3504 3503 3483
f 3485 3505 3504 3484
f 3486 3506 3505 3485
f 3487 3507 3506 3486
f 3488 3508 3507 3487
f 3489 3509 3508 3488
f 3490 3510 3509 3489
f 3491 3511 3510 3490
f 3492 3512 3511 3491
f 3493 3513 3512 3492
f 3494 3514 3513 3493
f 3495 3515 3514 3494
f 3496 3516 3515 3495
f 3497 3517 3516 3496
f 3498 3518 3517 3497
f 3499 3519 3518 3498
f 3500 3520 3519 3499
f 3481 3501 3520 3500
f 3502 3522 3521 3501
f 3503 3523 3522 3502
f 3504 3524 3523 3503
f 3505 3525 3524 3504
f 3506 3526 3525 3505
f 3507 3527 3526 3506
f 3508 3528 3527 3507
f 3509 3529 3528 3508
f 3510 3530 3529 3509
f 3511 3531 3530 3510
f 3512 3532 3531 3511
f 3513 3533 3532 3512
f 3514 3534 3533 3513
f 3515 3535 3534 3514
f 3516 3536 3535 3515
f 3517 3537 3536 3516
f 3518 3538 3537 3517
f 3519 3539 3538 3518
f 3520 3540 3539 3519
f 3501 3521 3540 3520
f 3522 3542 3541 3521
f 3523 3543 3542 3522
f 3524 3544 3543 3523
f 3525 3545 3544 3524
f 3526 3546 3545 3525
f 3527 3547 3546 3526
f 3528 3548 3547 3527
f 3529 3549 3548 3528
f 3530 3550 3549 3529
f 3531 3551 3550 3530
f 3532 3552 3551 3531
f 3533 3553 3552 3532
f 3534 3554 3553 3533
f 3535 3555 3554 3534
f 3536 3556 3555 3535
f 3537 3557 3556 3536
f 3538 3558 3557 3537
f 3539 3559 3558 3538
f 3540 3560 3559 3539
f 3521 3541 3560 3540
f 3542 3562 3561 3541
f 3543 3563 3562 3542
f 3544 3564 3563 3543
f 3545 3565 3564 3544
f 3546 3566 3565 3545
f 3547 3567 3566 3546
f 3548 3568 3567 3547
f 3549 3569 3568 3548
f 3550 3570 3569 3549
f 3551 3571 3570 3550
f 3552 3572 3571 3551
f 3553 3573 3572 3552
f 3554 3574 3573 3553
f 3555 3575 3574 3554
f 3556 3576 3575 3555
f 3557 3577 3576 3556
f 3558 3578 3577 3557
f 3559 3579 3578 3558
f 3560 3580 3579 3559
f 3541 3561 3580 3560
f 3562 3582 3581 3561
f 3563 3583 3582 3562
f 3564 3584 3583 3563
f 3565 3585 3584 3564
f 3566 3586 3585 3565
f 3567 3587 3586 3566
f 3568 3588 3587 3567
f 3569 3589 3588 3568
f 3570 3590 3589 3569
f 3571 3591 3590 3570
f 3572 3592 3591 3571
f 3573 3593 3592 3572
f 3574 3594 3593 3573
f 3575 3595 3594 3574
f 3576 3596 3595 3575
f 3577 3597 3596 3576
f 3578 3598 3597 3577
f 3579 3599 3598 3578
f 3580 3600 3599 3579
f 3561 3581 3600 3580
f 3582 3602 3601 3581
f 3583 3603 3602 3582
f 3584 3604 3603 3583
f 3585 3605 3604 3584
f 3586 3606 3605 3585
f 3587 3607 3606 3586
f 3588 3608 3607 3587
f 3589 3609 3608 3588
f 3590 3610 3609 3589
f 3591 3611 3610 3590
f 3592 3612 3611 3591
f 3593 3613 3612 3592
f 3594 3614 3613 3593
f 3595 3615 3614 3594
f 3596 3616 3615 3595
f 3597 3617 3616 3596
f 3598 3618 3617 3597
f 3599 3619 3618 3598
f 3600 3620 3619 3599
f 3581 3601 3620 3600
f 3602 3622 3621 3601
f 3603 3623 3622 3602
f 3604 3624 3623 3603
f 3605 3625 3624 3604
f 3606 3626 3625 3605
f 3607 3627 3626 3606
f 3608 3628 3627 3607
f 3609 3629 3628 3608
f 3610 3630 3629 3609
f 3611 3631 3630 3610
f 3612 3632 3631 3611
f 3613 3633 3632 3612
f 3614 3634 3633 3613
f 3615 3635 3634 3614
f 3616 3636 3635 3615
f 3617 3637 3636 3616
f 3618 3638 3637 3617
f 3619 3639 3638 3618
f 3620 3640 3639 3619
f 3601 3621 3640 3620
f 3622 3642 3641 3621
f 3623 3643 3642 3622
f 3624 3644 3643 3623
f 3625 3645 3644 3624
f 3626 3646 3645 3625
f 3627 3647 3646 3626
f 3628 3648 3647 3627
f 3629 3649 3648 3628
f 3630 3650 3649 3629
f 3631 3651 3650 3630
f 3632 3652 3651 3631
f 3633 3653 3652 3632
f 3634 3654 3653 3633
f 3635 3655 3654 3634
f 3636 3656 3655 3635
f 3637 3657 3656 3636
f 3638 3658 3657 3637
f 3639 3659 3658 3638
f 3640 3660 3659 3639
f 3621 3641 3660 3640
f 3642 3662 3661 3641
f 3643 3663 3662 3642
f 3644 3664 3663 3643
f 3645 3665 3664 3644
f 3646 3666 3665 3645
f 3647 3667 3666 3646
f 3648 3668 3667 3647
f 3649 3669 3668 3648
f 3650 3670 3669 3649
f 3651 3671 3670 3650
f 3652 3672 3671 3651
f 3653 3673 3672 3652
f 3654 3674 3673 3653
f 3655 3675 3674 3654
f 3656 3676 3675 3655
f 3657 3677 3676 3656
f 3658 3678 3677 3657
f 3659 3679 3678 3658
f 3660 3680 3679 3659
f 3641 3661 3680 3660
f 3662 3682 3681 3661
f 3663 3683 3682 3662
f 3664 3684 3683 3663
f 3665 3685 3684 3664
f 3666 3686 3685 3665
f 3667 3687 3686 3666
f 3668 3688 3687 3667
f 3669 3689 3688 3668
f 3670 3690 3689 3669
f 3671 3691 3690 3670
f 3672 3692 3691 3671
f 3673 3693 3692 3672
f 3674 3694 3693 3673
f 3675 3695 3694 3674
f 3676 3696 3695 3675
f 3677 3697 3696 3676
f 3678 3698 3697 3677
f 3679 3699 3698 3678
f 3680 3700 3699 3679
f 3661 3681 3700 3680
f 3682 3702 3701 3681
f 3683 3703 3702 3682
f 3684 3704 3703 3683
f 3685 3705 3704 3684
f 3686 3706 3705 3685
f 3687 3707 3706 3686
f 3688 3708 3707 3687
f 3689 3709 3708 3688
f 3690 3710 3709 3689
f 3691 3711 3710 3690
f 3692 3712 3711 3691
f 3693 3713 3712 3692
f 3694 3714 3713 3693
f 3695 3715 3714 3694
f 3696 3716 3715 3695
f 3697 3717 3716 3696
f 3698 3718 3717 3697
f 3699 3719 3718 3698
f 3700 3720 3719 3699
f 3681 3701 3720 3700
f 3702 3722 3721 3701
f 3703 3723 3722 3702
f 3704 3724 3723 3703
f 3705 3725 3724 3704
f 3706 3726 3725 3705
f 3707 3727 3726 3706
f 3708 3728 3727 3707
f 3709 3729 3728 3708
f 3710 3730 3729 3709
f 3711 3731 3730 3710
f 3712 3732 3731 3711
f 3713 3733 3732 3712
f 3714 3734 3733 3713
f 3715 3735 3734 3714
f 3716 3736 3735 3715
f 3717 3737 3736 3716
f 3718 3738 3737 3717
f 3719 3739 3738 3718
f 3720 3740 3739 3719
f 3701 3721 3740 3720
f 3722 3742 3741 3721
f 3723 3743 3742 3722
f 3724 3744 3743 3723
f 3725 3745 3744 3724
f 3726 3746 3745 3725
f 3727 3747 3746 3726
f 3728 3748 3747 3727
f 3729 3749 3748 3728
f 3730 3750 3749 3729
f 3731 3751 3750 3730
f 3732 3752 3751 3731
f 3733 3753 3752 3732
f 3734 3754 3753 3733
f 3735 3755 3754 3734
f 3736 3756 3755 3735
f 3737 3757 3756 3736
f 3738 3758 3757 3737
f 3739 3759 3758 3738
f 3740 3760 3759 3739
f 3721 3741 3760 3740
f 3742 3762 3761 3741
f 3743 3763 3762 3742
f 3744 3764 3763 3743
f 3745 3765 3764 3744
f 3746 3766 3765 3745
f 3747 3767 3766 3746
f 3748 3768 3767 3747
f 3749 3769 3768 3748
f 3750 3770 3769 3749
f 3751 3771 3770 3750
f 3752 3772 3771 3751
f 3753 3773 3772 3752
f 3754 3774 3773 3753
f 3755 3775 3774 3754
f 3756 3776 3775 3755
f 3757 3777 3776 3756
f 3758 3778 3777 3757
f 3759 3779 3778 3758
f 3760 3780 3779 3759
f 3741 3761 3780 3760
f 3762 3782 3781 3761
f 3763 3783 3782 3762
f 3764 3784 3783 3763
f 3765 3785 3784 3764
f 3766 3786 3785 3765
f 3767 3787 3786 3766
f 3768 3788 3787 3767
f 3769 3789 3788 3768
f 3770 3790 3789 3769
f 3771 3791 3790 3770
f 3772 3792 3791 3771
f 3773 3793 3792 3772
f 3774 3794 3793 3773
f 3775 3795 3794 3774
f 3776 3796 3795 3775
f 3777 3797 3796 3776
f 3778 3798 3797 3777
f 3779 3799 3798 3778
f 3780 3800 3799 3779
f 3761 3781 3800 3780
f 3782 3802 3801 3781
f 3783 3803 3802 3782
f 3784 3804 3803 3783
f 3785 3805 3804 3784
f 3786 3806 3805 3785
f 3787 3807 3806 3786
f 3788 3808 3807 3787
f 3789 3809 3808 3788
f 3790 3810 3809 3789
f 3791 3811 3810 3790
f 3792 3812 3811 3791
f 3793 3813 3812 3792
f 3794 3814 3813 3793
f 3795 3815 3814 3794
f 3796 3816 3815 3795
f 3797 3817 3816 3796
f 3798 3818 3817 3797
f 3799 3819 3818 3798
f 3800 3820 3819 3799
f 3781 3801 3820 3800
f 3802 3822 3821 3801
f 3803 3823 3822 3802
f 3804 3824 3823 3803
f 3805 3825 3824 3804
f 3806 3826 3825 3805
f 3807 3827 3826 3806
f 3808 3828 3827 3807
f 3809 3829 3828 3808
f 3810 3830 3829 3809
f 3811 3831 3830 3810
f 3812 3832 3831 3811
f 3813 3833 3832 3812
f 3814 3834 3833 3813
f 3815 3835 3834 3814
f 3816 3836 3835 3815
f 3817 3837 3836 3816
f 3818 3838 3837 3817
f 3819 3839 3838 3818
f 3820 3840 3839 3819
f 3801 3821 3840 3820
f 3822 3842 3841 3821
f 3823 3843 3842 3822
f 3824 3844 3843 3823
f 3825 3845 3844 3824
f 3826 3846 3845 3825
f 3827 3847 3846 3826
f 3828 3848 3847 3827
f 3829 3849 3848 3828
f 3830 3850 3849 3829
f 3831 3851 3850 3830
f 3832 3852 3851 3831
f 3833 3853 3852 3832
f 3834 3854 3853 3833
f 3835 3855 3854 3834
f 3836 3856 3855 3835
f 3837 3857 3856 3836
f 3838 3858 3857 3837
f 3839 3859 3858 3838
f 3840 3860 3859 3839
f 3821 3841 3860 3840
f 3842 3862 3861 3841
f 3843 3863 3862 3842
f 3844 3864 3863 3843
f 3845 3865 3864 3844
f 3846 3866 3865 3845
f 3847 3867 3866 3846
f 3848 3868 3867 3847
f 3849 3869 3868 3848
f 3850 3870 3869 3849
f 3851 3871 3870 3850
f 3852 3872 3871 3851
f 3853 3873 3872 3852
f 3854 3874 3873 3853
f 3855 3875 3874 3854
f 3856 3876 3875 3855
f 3857 3877 3876 3856
f 3858 3878 3877 3857
f 3859 3879 3878 3858
f 3860 3880 3879 3859
f 3841 3861 3880 3860
f 3862 3882 3881 3861
f 3863 3883 3882 3862
f 3864 3884 3883 3863
f 3865 3885 3884 3864
f 3866 3886 3885 3865
f 3867 3887 3886 3866
f 3868 3888 3887 3867
f 3869 3889 3888 3868
f 3870 3890 3889 3869
f 3871 3891 3890 3870
f 3872 3892 3891 3871
f 3873 3893 3892 3872
f 3874 3894 3893 3873
f 3875 3895 3894 3874
f 3876 3896 3895 3875
f 3877 3897 3896 3876
f 3878 3898 3897 3877
f 3879 3899 3898 3878
f 3880 3900 3899 3879
f 3861 3881 3900 3880
f 3882 3902 3901 3881
f 3883 3903 3902 3882
f 3884 3904 3903 3883
f 3885 3905 3904 3884
f 3886 3906 3905 3885
f 3887 3907 3906 3886
f 3888 3908 3907 3887
f 3889 3909 3908 3888
f 3890 3910 3909 3889
f 3891 3911 3910 3890
f 3892 3912 3911 3891
f 3893 3913 3912 3892
f 3894 3914 3913 3893
f 3895 3915 3914 3894
f 3896 3916 3915 3895
f 3897 3917 3916 3896
f 3898 3918 3917 3897
f 3899 3919 3918 3898
f 3900 3920 3919 3899
f 3881 3901 3920 3900
f 3902 3922 3921 3901
f 3903 3923 3922 3902
f 3904 3924 3923 3903
f 3905 3925 3924 3904
f 3906 3926 3925 3905
f 3907 3927 3926 3906
f 3908 3928 3927 3907
f 3909 3929 3928 3908
f 3910 3930 3929 3909
f 3911 3931 3930 3910
f 3912 3932 3931 3911
f 3913 3933 3932 3912
f 3914 3934 3933 3913
f 3915 3935 3934 3914
f 3916 3936 3935 3915
f 3917 3937 3936 3916
f 3918 3938 3937 3917
f 3919 3939 3938 3918
f 3920 3940 3939 3919
f 3901 3921 3940 3920
f 3922 3942 3941 3921
f 3923 3943 3942 3922
f 3924 3944 3943 3923
f 3925 3945 3944 3924
f 3926 3946 3945 3925
f 3927 3947 3946 3926
f 3928 3948 3947 3927
f 3929 3949 3948 3928
f 3930 3950 3949 3929
f 3931 3951 3950 3930
f 3932 3952 3951 3931
f 3933 3953 3952 3932
f 3934 3954 3953 3933
f 3935 3955 3954 3934
f 3936 3956 3955 3935
f 3937 3957 3956 3936
f 3938 3958 3957 3937
f 3939 3959 3958 3938
f 3940 3960 3959 3939
f 3921 3941 3960 3940
f 3942 3962 3961 3941
f 3943 3963 3962 3942
f 3944 3964 3963 3943
f 3945 3965 3964 3944
f 3946 3966 3965 3945
f 3947 3967 3966 3946
f 3948 3968 3967 3947
f 3949 3969 3968 3948
f 3950 3970 3969 3949
f 3951 3971 3970 3950
f 3952 3972 3971 3951
f 3953 3973 3972 3952
f 3954 3974 3973 3953
f 3955 3975 3974 3954
f 3956 3976 3975 3955
f 3957 3977 3976 3956
f 3958 3978 3977 3957
f 3959 3979 3978 3958
f 3960 3980 3979 3959
f 3941 3961 3980 3960
f 3962 3982 3981 3961
f 3963 3983 3982 3962
f 3964 3984 3983 3963
f 3965 3985 3984 3964
f 3966 3986 3985 3965
f 3967 3987 3986 3966
f 3968 3988 3987 3967
f 3969 3989 3988 3968
f 3970 3990 3989 3969
f 3971 3991 3990 3970
f 3972 3992 3991 3971
f 3973 3993 3992 3972
f 3974 3994 3993 3973
f 3975 3995 3994 3974
f 3976 3996 3995 3975
f 3977 3997 3996 3976
f 3978 3998 3997 3977
f 3979 3999 3998 3978
f 3980 4000 3999 3979
f 3961 3981 4000 3980
f 3982 4002 4001 3981
f 3983 4003 4002 3982
f 3984 4004 4003 3983
f 3985 4005 4004 3984
f 3986 4006 4005 3985
f 3987 4007 4006 3986
f 3988 4008 4007 3987
f 3989 4009 4008 3988
f 3990 4010 4009 3989
f 3991 4011 4010 3990
f 3992 4012 4011 3991
f 3993 4013 4012 3992
f 3994 4014 4013 3993
f 3995 4015 4014 3994
f 3996 4016 4015 3995
f 3997 4017 4016 3996
f 3998 4018 4017 3997
f 3999 4019 4018 3998
f 4000 4020 4019 3999
f 3981 4001 4020 4000
usemtl band5
f 4002 4022 4021 4001
f 4003 4023 4022 4002
f 4004 4024 4023 4003
f 4005 4025 4024 4004
f 4006 4026 4025 4005
f 4007 4027 4026 4006
f 4008 4028 4027 4007
f 4009 4029 4028 4008
f 4010 4030 4029 4009
f 4011 4031 4030 4010
f 4012 4032 4031 4011
f 4013 4033 4032 4012
f 4014 4034 4033 4013
f 4015 4035 4034 4014
f 4016 4036 4035 4015
f 4017 4037 4036 4016
f 4018 4038 4037 4017
f 4019 4039 4038 4018
f 4020 4040 4039 4019
f 4001 4021 4040 4020
f 4022 4042 4041 4021
f 4023 4043 4042 4022
f 4024 4044 4043 4023
f 4025 4045 4044 4024
f 4026 4046 4045 4025
f 4027 4047 4046 4026
f 4028 4048 4047 4027
f 4029 4049 4048 4028
f 4030 4050 4049 4029
f 4031 4051 4050 4030
f 4032 4052 4051 4031
f 4033 4053 4052 4032
f 4034 4054 4053 4033
f 4035 4055 4054 4034
f 4036 4056 4055 4035
f 4037 4057 4056 4036
f 4038 4058 4057 4037
f 4039 4059 4058 4038
f 4040 4060 4059 4039
f 4021 4041 4060 4040
f 4042 4062 4061 4041
f 4043 4063 4062 4042
f 4044 4064 4063 4043
f 4045 4065 4064 4044
f 4046 4066 4065 4045
f 4047 4067 4066 4046
f 4048 4068 4067 4047
f 4049 4069 4068 4048
f 4050 4070 4069 4049
f 4051 4071 4070 4050
f 4052 4072 4071 4051
f 4053 4073 4072 4052
f 4054 4074 4073 4053
f 4055 4075 4074 4054
f 4056 4076 4075 4055
f 4057 4077 4076 4056
f 4058 4078 4077 4057
f 4059 4079 4078 4058
f 4060 4080 4079 4059
f 4041 4061 4080 4060
f 4062 4082 4081 4061
f 4063 4083 4082 4062
f 4064 4084 4083 4063
f 4065 4085 4084 4064
f 4066 4086 4085 4065
f 4067 4087 4086 4066
f 4068 4088 4087 4067
f 4069 4089 4088 4068
f 4070 4090 4089 4069
f 4071 4091 4090 4070
f 4072 4092 4091 4071
f 4073 4093 4092 4072
f 4074 4094 4093 4073
f 4075 4095 4094 4074
f 4076 4096 4095 4075
f 4077 4097 4096 4076
f 4078 4098 4097 4077
f 4079 4099 4098 4078
f 4080 4100 4099 4079
f 4061 4081 4100 4080
f 4082 4102 4101 4081
f 4083 4103 4102 4082
f 4084 4104 4103 4083
f 4085 4105 4104 4084
f 4086 4106 4105 4085
f 4087 4107 4106 4086
f 4088 4108 4107 4087
f 4089 4109 4108 4088
f 4090 4110 4109 4089
f 4091 4111 4110 4090
f 4092 4112 4111 4091
f 4093 4113 4112 4092
f 4094 4114 4113 4093
f 4095 4115 4114 4094
f 4096 4116 4115 4095
f 4097 4117 4116 4096
f 4098 4118 4117 4097
f 4099 4119 4118 4098
f 4100 4120 4119 4099
f 4081 4101 4120 4100
f 4102 4122 4121 4101
f 4103 4123 4122 4102
f 4104 4124 4123 4103
f 4105 4125 4124 4104
f 4106 4126 4125 4105
f 4107 4127 4126 4106
f 4108 4128 4127 4107
f 4109 4129 4128 4108
f 4110 4130 4129 4109
f 4111 4131 4130 4110
f 4112 4132 4131 4111
f 4113 4133 4132 4112
f 4114 4134 4133 4113
f 4115 4135 4134 4114
f 4116 4136 4135 4115
f 4117 4137 4136 4116
f 4118 4138 4137 4117
f 4119 4139 4138 4118
f 4120 4140 4139 4119
f 4101 4121 4140 4120
f 4122 4142 4141 4121
f 4123 4143 4142 4122
f 4124 4144 4143 4123
f 4125 4145 4144 4124
f 4126 4146 4145 4125
f 4127 4147 4146 4126
f 4128 4148 4147 4127
f 4129 4149 4148 4128
f 4130 4150 4149 4129
f 4131 4151 4150 4130
f 4132 4152 4151 4131
f 4133 4153 4152 4132
f 4134 4154 4153 4133
f 4135 4155 4154 4134
f 4136 4156 4155 4135
f 4137 4157 4156 4136
f 4138 4158 4157 4137
f 4139 4159 4158 4138
f 4140 4160 4159 4139
f 4121 4141 4160 4140
f 4142 4162 4161 4141
f 4143 4163 4162 4142
f 4144 4164 4163 4143
f 4145 4165 4164 4144
f 4146 4166 4165 4145
f 4147 4167 4166 4146
f 4148 4168 4167 4147
f 4149 4169 4168 4148
f 4150 4170 4169 4149
f 4151 4171 4170 4150
f 4152 4172 4171 4151
f 4153 4173 4172 4152
f 4154 4174 4173 4153
f 4155 4175 4174 4154
f 4156 4176 4175 4155
f 4157 4177 4176 4156
f 4158 4178 4177 4157
f 4159 4179 4178 4158
f 4160 4180 4179 4159
f 4141 4161 4180 4160
f 4162 4182 4181 4161
f 4163 4183 4182 4162
f 4164 4184 4183 4163
f 4165 4185 4184 4164
f 4166 4186 4185 4165
f 4167 4187 4186 4166
f 4168 4188 4187 4167
f 4169 4189 4188 4168
f 4170 4190 4189 4169
f 4171 4191 4190 4170
f 4172 4192 4191 4171
f 4173 4193 4192 4172
f 4174 4194 4193 4173
f 4175 4195 4194 4174
f 4176 4196 4195 4175
f 4177 4197 4196 4176
f 4178 4198 4197 4177
f 4179 4199 4198 4178
f 4180 4200 4199 4179
f 4161 4181 4200 4180
f 4182 4202 4201 4181
f 4183 4203 4202 4182
f 4184 4204 4203 4183
f 4185 4205 4204 4184
f 4186 4206 4205 4185
f 4187 4207 4206 4186
f 4188 4208 4207 4187
f 4189 4209 4208 4188
f 4190 4210 4209 4189
f 4191 4211 4210 4190
f 4192 4212 4211 4191
f 4193 4213 4212 4192
f 4194 4214 4213 4193
f 4195 4215 4214 4194
f 4196 4216 4215 4195
f 4197 4217 4216 4196
f 4198 4218 4217 4197
f 4199 4219 4218 4198
f 4200 4220 4219 4199
f 4181 4201 4220 4200
f 4202 4222 4221 4201
f 4203 4223 4222 4202
f 4204 4224 4223 4203
f 4205 4225 4224 4204
f 4206 4226 4225 4205
f 4207 4227 4226 4206
f 4208 4228 4227 4207
f 4209 4229 4228 4208
f 4210 4230 4229 4209
f 4211 4231 4230 4210
f 4212 4232 4231 4211
f 4213 4233 4232 4212
f 4214 4234 4233 4213
f 4215 4235 4234 4214
f 4216 4236 4235 4215
f 4217 4237 4236 4216
f 4218 4238 4237 4217
f 4219 4239 4238 4218
f 4220 4240 4239 4219
f 4201 4221 4240 4220
f 4222 4242 4241 4221
f 4223 4243 4242 4222
f 4224 4244 4243 4223
f 4225 4245 4244 4224
f 4226 4246 4245 4225
f 4227 4247 4246 4226
f 4228 4248 4247 4227
f 4229 4249 4248 4228
f 4230 4250 4249 4229
f 4231 4251 4250 4230
f 4232 4252 4251 4231
f 4233 4253 4252 4232
f 4234 4254 4253 4233
f 4235 4255 4254 4234
f 4236 4256 4255 4235
f 4237 4257 4256 4236
f 4238 4258 4257 4237
f 4239 4259 4258 4238
f 4240 4260 4259 4239
f 4221 4241 4260 4240
f 4242 4262 4261 4241
f 4243 4263 4262 4242
f 4244 4264 4263 4243
f 4245 4265 4264 4244
f 4246 4266 4265 4245
f 4247 4267 4266 4246
f 4248 4268 4267 4247
f 4249 4269 4268 4248
f 4250 4270 4269 4249
f 4251 4271 4270 4250
f 4252 4272 4271 4251
f 4253 4273 4272 4252
f 4254 4274 4273 4253
f 4255 4275 4274 4254
f 4256 4276 4275 4255
f 4257 4277 4276 4256
f 4258 4278 4277 4257
f 4259 4279 4278 4258
f 4260 4280 4279 4259
f 4241 4261 4280 4260
f 4262 4282 4281 4261
f 4263 4283 4282 4262
f 4264 4284 4283 4263
f 4265 4285 4284 4264
f 4266 4286 4285 4265
f 4267 4287 4286 4266
f 4268 4288 4287 4267
f 4269 4289 4288 4268
f 4270 4290 4289 4269
f 4271 4291 4290 4270
f 4272 4292 4291 4271
f 4273 4293 4292 4272
f 4274 4294 4293 4273
f 4275 4295 4294 4274
f 4276 4296 4295 4275
f 4277 4297 4296 4276
f 4278 4298 4297 4277
f 4279 4299 4298 4278
f 4280 4300 4299 4279
f 4261 4281 4300 4280
f 4282 4302 4301 4281
f 4283 4303 4302 4282
f 4284 4304 4303 4283
f 4285 4305 4304 4284
f 4286 4306 4305 4285
f 4287 4307 4306 4286
f 4288 4308 4307 4287
f 4289 4309 4308 4288
f 4290 4310 4309 4289
f 4291 4311 4310 4290
f 4292 4312 4311 4291
f 4293 4313 4312 4292
f 4294 4314 4313 4293
f 4295 4315 4314 4294
f 4296 4316 4315 4295
f 4297 4317 4316 4296
f 4298 4318 4317 4297
f 4299 4319 4318 4298
f 4300 4320 4319 4299
f 4281 4301 4320 4300
f 4302 4322 4321 4301
f 4303 4323 4322 4302
f 4304 4324 4323 4303
f 4305 4325 4324 4304
f 4306 4326 4325 4305
f 4307 4327 4326 4306
f 4308 4328 4327 4307
f 4309 4329 4328 4308
f 4310 4330 4329 4309
f 4311 4331 4330 4310
f 4312 4332 4331 4311
f 4313 4333 4332 4312
f 4314 4334 4333 4313
f 4315 4335 4334 4314
f 4316 4336 4335 4315
f 4317 4337 4336 4316
f 4318 4338 4337 4317
f 4319 4339 4338 4318
f 4320 4340 4339 4319
f 4301 4321 4340 4320
f 4322 4342 4341 4321
f 4323 4343 4342 4322
f 4324 4344 4343 4323
f 4325 4345 4344 4324
f 4326 4346 4345 4325
f 4327 4347 4346 4326
f 4328 4348 4347 4327
f 4329 4349 4348 4328
f 4330 4350 4349 4329
f 4331 4351 4350 4330
f 4332 4352 4351 4331
f 4333 4353 4352 4332
f 4334 4354 4353 4333
f 4335 4355 4354 4334
f 4336 4356 4355 4335
f 4337 4357 4356 4336
f 4338 4358 4357 4337
f 4339 4359 4358 4338
f 4340 4360 4359 4339
f 4321 4341 4360 4340
f 4342 4362 4361 4341
f 4343 4363 4362 4342
f 4344 4364 4363 4343
f 4345 4365 4364 4344
f 4346 4366 4365 4345
f 4347 4367 4366 4346
f 4348 4368 4367 4347
f 4349 4369 4368 4348
f 4350 4370 4369 4349
f 4351 4371 4370 4350
f 4352 4372 4371 4351
f 4353 4373 4372 4352
f 4354 4374 4373 4353
f 4355 4375 4374 4354
f 4356 4376 4375 4355
f 4357 4377 4376 4356
f 4358 4378 4377 4357
f 4359 4379 4378 4358
f 4360 4380 4379 4359
f 4341 4361 4380 4360
f 4362 4382 4381 4361
f 4363 4383 4382 4362
f 4364 4384 4383 4363
f 4365 4385 4384 4364
f 4366 4386 4385 4365
f 4367 4387 4386 4366
f 4368 4388 4387 4367
f 4369 4389 4388 4368
f 4370 4390 4389 4369
f 4371 4391 4390 4370
f 4372 4392 4391 4371
f 4373 4393 4392 4372
f 4374 4394 4393 4373
f 4375 4395 4394 4374
f 4376 4396 4395 4375
f 4377 4397 4396 4376
f 4378 4398 4397 4377
f 4379 4399 4398 4378
f 4380 4400 4399 4379
f 4361 4381 4400 4380
f 4382 4402 4401 4381
f 4383 4403 4402 4382
f 4384 4404 4403 4383
f 4385 4405 4404 4384
f 4386 4406 4405 4385
f 4387 4407 4406 4386
f 4388 4408 4407 4387
f 4389 4409 4408 4388
f 4390 4410 4409 4389
f 4391 4411 4410 4390
f 4392 4412 4411 4391
f 4393 4413 4412 4392
f 4394 4414 4413 4393
f 4395 4415 4414 4394
f 4396 4416 4415 4395
f 4397 4417 4416 4396
f 4398 4418 4417 4397
f 4399 4419 4418 4398
f 4400 4420 4419 4399
f 4381 4401 4420 4400
f 4402 4422 4421 4401
f 4403 4423 4422 4402
f 4404 4424 4423 4403
f 4405 4425 4424 4404
f 4406 4426 4425 4405
f 4407 4427 4426 4406
f 4408 4428 4427 4407
f 4409 4429 4428 4408
f 4410 4430 4429 4409
f 4411 4431 4430 4410
f 4412 4432 4431 4411
f 4413 4433 4432 4412
f 4414 4434 4433 4413
f 4415 4435 4434 4414
f 4416 4436 4435 4415
f 4417 4437 4436 4416
f 4418 4438 4437 4417
f 4419 4439 4438 4418
f 4420 4440 4439 4419
f 4401 4421 4440 4420
f 4422 4442 4441 4421
f 4423 4443 4442 4422
f 4424 4444 4443 4423
f 4425 4445 4444 4424
f 4426 4446 4445 4425
f 4427 4447 4446 4426
f 4428 4448 4447 4427
f 4429 4449 4448 4428
f 4430 4450 4449 4429
f 4431 4451 4450 4430
f 4432 4452 4451 4431
f 4433 4453 4452 4432
f 4434 4454 4453 4433
f 4435 4455 4454 4434
f 4436 4456 4455 4435
f 4437 4457 4456 4436
f 4438 4458 4457 4437
f 4439 4459 4458 4438
f 4440 4460 4459 4439
f 4421 4441 4460 4440
f 4442 4462 4461 4441
f 4443 4463 4462 4442
f 4444 4464 4463 4443
f 4445 4465 4464 4444
f 4446 4466 4465 4445
f 4447 4467 4466 4446
f 4448 4468 4467 4447
f 4449 4469 4468 4448
f 4450 4470 4469 4449
f 4451 4471 4470 4450
f 4452 4472 4471 4451
f 4453 4473 4472 4452
f 4454 4474 4473 4453
f 4455 4475 4474 4454
f 4456 4476 4475 4455
f 4457 4477 4476 4456
f 4458 4478 4477 4457
f 4459 4479 4478 4458
f 4460 4480 4479 4459
f 4441 4461 4480 4460
f 4462 4482 4481 4461
f 4463 4483 4482 4462
f 4464 4484 4483 4463
f 4465 4485 4484 4464
f 4466 4486 4485 4465
f 4467 4487 4486 4466
f 4468 4488 4487 4467
f 4469 4489 4488 4468
f 4470 4490 4489 4469
f 4471 4491 4490 4470
f 4472 4492 4491 4471
f 4473 4493 4492 4472
f 4474 4494 4493 4473
f 4475 4495 4494 4474
f 4476 4496 4495 4475
f 4477 4497 4496 4476
f 4478 4498 4497 4477
f 4479 4499 4498 4478
f 4480 4500 4499 4479
f 4461 4481 4500 4480
f 4482 4502 4501 4481
f 4483 4503 4502 4482
f 4484 4504 4503 4483
f 4485 4505 4504 4484
f 4486 4506 4505 4485
f 4487 4507 4506 4486
f 4488 4508 4507 4487
f 4489 4509 4508 4488
f 4490 4510 4509 4489
f 4491 4511 4510 4490
f 4492 4512 4511 4491
f 4493 4513 4512 4492
f 4494 4514 4513 4493
f 4495 4515 4514 4494
f 4496 4516 4515 4495
f 4497 4517 4516 4496
f 4498 4518 4517 4497
f 4499 4519 4518 4498
f 4500 4520 4519 4499
f 4481 4501 4520 4500
f 4502 4522 4521 4501
f 4503 4523 4522 4502
f 4504 4524 4523 4503
f 4505 4525 4524 4504
f 4506 4526 4525 4505
f 4507 4527 4526 4506
f 4508 4528 4527 4507
f 4509 4529 4528 4508
f 4510 4530 4529 4509
f 4511 4531 4530 4510
f 4512 4532 4531 4511
f 4513 4533 4532 4512
f 4514 4534 4533 4513
f 4515 4535 4534 4514
f 4516 4536 4535 4515
f 4517 4537 4536 4516
f 4518 4538 4537 4517
f 4519 4539 4538 4518
f 4520 4540 4539 4519
f 4501 4521 4540 4520
f 4522 4542 4541 4521
f 4523 4543 4542 4522
f 4524 4544 4543 4523
f 4525 4545 4544 4524
f 4526 4546 4545 4525
f 4527 4547 4546 4526
f 4528 4548 4547 4527
f 4529 4549 4548 4528
f 4530 4550 4549 4529
f 4531 4551 4550 4530
f 4532 4552 4551 4531
f 4533 4553 4552 4532
f 4534 4554 4553 4533
f 4535 4555 4554 4534
f 4536 4556 4555 4535
f 4537 4557 4556 4536
f 4538 4558 4557 4537
f 4539 4559 4558 4538
f 4540 4560 4559 4539
f 4521 4541 4560 4540
f 4542 4562 4561 4541
f 4543 4563 4562 4542
f 4544 4564 4563 4543
f 4545 4565 4564 4544
f 4546 4566 4565 4545
f 4547 4567 4566 4546
f 4548 4568 4567 4547
f 4549 4569 4568 4548
f 4550 4570 4569 4549
f 4551 4571 4570 4550
f 4552 4572 4571 4551
f 4553 4573 4572 4552
f 4554 4574 4573 4553
f 4555 4575 4574 4554
f 4556 4576 4575 4555
f 4557 4577 4576 4556
f 4558 4578 4577 4557
f 4559 4579 4578 4558
f 4560 4580 4579 4559
f 4541 4561 4580 4560
f 4562 4582 4581 4561
f 4563 4583 4582 4562
f 4564 4584 4583 4563
f 4565 4585 4584 4564
f 4566 4586 4585 4565
f 4567 4587 4586 4566
f 4568 4588 4587 4567
f 4569 4589 4588 4568
f 4570 4590 4589 4569
f 4571 4591 4590 4570
f 4572 4592 4591 4571
f 4573 4593 4592 4572
f 4574 4594 4593 4573
f 4575 4595 4594 4574
f 4576 4596 4595 4575
f 4577 4597 4596 4576
f 4578 4598 4597 4577
f 4579 4599 4598 4578
f 4580 4600 4599 4579
f 4561 4581 4600 4580
f 4582 4602 4601 4581
f 4583 4603 4602 4582
f 4584 4604 4603 4583
f 4585 4605 4604 4584
f 4586 4606 4605 4585
f 4587 4607 4606 4586
f 4588 4608 4607 4587
f 4589 4609 4608 4588
f 4590 4610 4609 4589
f 4591 4611 4610 4590
f 4592 4612 4611 4591
f 4593 4613 4612 4592
f 4594 4614 4613 4593
f 4595 4615 4614 4594
f 4596 4616 4615 4595
f 4597 4617 4616 4596
f 4598 4618 4617 4597
f 4599 4619 4618 4598
f 4600 4620 4619 4599
f 4581 4601 4620 4600
f 4602 4622 4621 4601
f 4603 4623 4622 4602
f 4604 4624 4623 4603
f 4605 4625 4624 4604
f 4606 4626 4625 4605
f 4607 4627 4626 4606
f 4608 4628 4627 4607
f 4609 4629 4628 4608
f 4610 4630 4629 4609
f 4611 4631 4630 4610
f 4612 4632 4631 4611
f 4613 4633 4632 4612
f 4614 4634 4633 4613
f 4615 4635 4634 4614
f 4616 4636 4635 4615
f 4617 4637 4636 4616
f 4618 4638 4637 4617
f 4619 4639 4638 4618
f 4620 4640 4639 4619
f 4601 4621 4640 4620
f 4622 4642 4641 4621
f 4623 4643 4642 4622
f 4624 4644 4643 4623
f 4625 4645 4644 4624
f 4626 4646 4645 4625
f 4627 4647 4646 4626
f 4628 4648 4647 4627
f 4629 4649 4648 4628
f 4630 4650 4649 4629
f 4631 4651 4650 4630
f 4632 4652 4651 4631
f 4633 4653 4652 4632
f 4634 4654 4653 4633
f 4635 4655 4654 4634
f 4636 4656 4655 4635
f 4637 4657 4656 4636
f 4638 4658 4657 4637
f 4639 4659 4658 4638
f 4640 4660 4659 4639
f 4621 4641 4660 4640
f 4642 4662 4661 4641
f 4643 4663 4662 4642
f 4644 4664 4663 4643
f 4645 4665 4664 4644
f 4646 4666 4665 4645
f 4647 4667 4666 4646
f 4648 4668 4667 4647
f 4649 4669 4668 4648
f 4650 4670 4669 4649
f 4651 4671 4670 4650
f 4652 4672 4671 4651
f 4653 4673 4672 4652
f 4654 4674 4673 4653
f 4655 4675 4674 4654
f 4656 4676 4675 4655
f 4657 4677 4676 4656
f 4658 4678 4677 4657
f 4659 4679 4678 4658
f 4660 4680 4679 4659
f 4641 4661 4680 4660
f 4662 4682 4681 4661
f 4663 4683 4682 4662
f 4664 4684 4683 4663
f 4665 4685 4684 4664
f 4666 4686 4685 4665
f 4667 4687 4686 4666
f 4668 4688 4687 4667
f 4669 4689 4688 4668
f 4670 4690 4689 4669
f 4671 4691 4690 4670
f 4672 4692 4691 4671
f 4673 4693 4692 4672
f 4674 4694 4693 4673
f 4675 4695 4694 4674
f 4676 4696 4695 4675
f 4677 4697 4696 4676
f 4678 4698 4697 4677
f 4679 4699 4698 4678
f 4680 4700 4699 4679
f 4661 4681 4700 4680
f 4682 4702 4701 4681
f 4683 4703 4702 4682
f 4684 4704 4703 4683
f 4685 4705 4704 4684
f 4686 4706 4705 4685
f 4687 4707 4706 4686
f 4688 4708 4707 4687
f 4689 4709 4708 4688
f 4690 4710 4709 4689
f 4691 4711 4710 4690
f 4692 4712 4711 4691
f 4693 4713 4712 4692
f 4694 4714 4713 4693
f 4695 4715 4714 4694
f 4696 4716 4715 4695
f 4697 4717 4716 4696
f 4698 4718 4717 4697
f 4699 4719 4718 4698
f 4700 4720 4719 4699
f 4681 4701 4720 4700
f 4702 4722 4721 4701
f 4703 4723 4722 4702
f 4704 4724 4723 4703
f 4705 4725 4724 4704
f 4706 4726 4725 4705
f 4707 4727 4726 4706
f 4708 4728 4727 4707
f 4709 4729 4728 4708
f 4710 4730 4729 4709
f 4711 4731 4730 4710
f 4712 4732 4731 4711
f 4713 4733 4732 4712
f 4714 4734 4733 4713
f 4715 4735 4734 4714
f 4716 4736 4735 4715
f 4717 4737 4736 4716
f 4718 4738 4737 4717
f 4719 4739 4738 4718
f 4720 4740 4739 4719
f 4701 4721 4740 4720
f 4722 4742 4741 4721
f 4723 4743 4742 4722
f 4724 4744 4743 4723
f 4725 4745 4744 4724
f 4726 4746 4745 4725
f 4727 4747 4746 4726
f 4728 4748 4747 4727
f 4729 4749 4748 4728
f 4730 4750 4749 4729
f 4731 4751 4750 4730
f 4732 4752 4751 4731
f 4733 4753 4752 4732
f 4734 4754 4753 4733
f 4735 4755 4754 4734
f 4736 4756 4755 4735
f 4737 4757 4756 4736
f 4738 4758 4757 4737
f 4739 4759 4758 4738
f 4740 4760 4759 4739
f 4721 4741 4760 4740
f 4742 4762 4761 4741
f 4743 4763 4762 4742
f 4744 4764 4763 4743
f 4745 4765 4764 4744
f 4746 4766 4765 4745
f 4747 4767 4766 4746
f 4748 4768 4767 4747
f 4749 4769 4768 4748
f 4750 4770 4769 4749
f 4751 4771 4770 4750
f 4752 4772 4771 4751
f 4753 4773 4772 4752
f 4754 4774 4773 4753
f 4755 4775 4774 4754
f 4756 4776 4775 4755
f 4757 4777 4776 4756
f 4758 4778 4777 4757
f 4759 4779 4778 4758
f 4760 4780 4779 4759
f 4741 4761 4780 4760
f 4762 4782 4781 4761
f 4763 4783 4782 4762
f 4764 4784 4783 4763
f 4765 4785 4784 4764
f 4766 4786 4785 4765
f 4767 4787 4786 4766
f 4768 4788 4787 4767
f 4769 4789 4788 4768
f 4770 4790 4789 4769
f 4771 4791 4790 4770
f 4772 4792 4791 4771
f 4773 4793 4792 4772
f 4774 4794 4793 4773
f 4775 4795 4794 4774
f 4776 4796 4795 4775
f 4777 4797 4796 4776
f 4778 4798 4797 4777
f 4779 4799 4798 4778
f 4780 4800 4799 4779
f 4761 4781 4800 4780
f 4782 4802 4801 4781
f 4783 4803 4802 4782
f 4784 4804 4803 4783
f 4785 4805 4804 4784
f 4786 4806 4805 4785
f 4787 4807 4806 4786
f 4788 4808 4807 4787
f 4789 4809 4808 4788
f 4790 4810 4809 4789
f 4791 4811 4810 4790
f 4792 4812 4811 4791
f 4793 4813 4812 4792
f 4794 4814 4813 4793
f 4795 4815 4814 4794
f 4796 4816 4815 4795
f 4797 4817 4816 4796
f 4798 4818 4817 4797
f 4799 4819 4818 4798
f 4800 4820 4819 4799
f 4781 4801 4820 4800
usemtl band6
f 4802 4822 4821 4801
f 4803 4823 4822 4802
f 4804 4824 4823 4803
f 4805 4825 4824 4804
f 4806 4826 4825 4805
f 4807 4827 4826 4806
f 4808 4828 4827 4807
f 4809 4829 4828 4808
f 4810 4830 4829 4809
f 4811 4831 4830 4810
f 4812 4832 4831 4811
f 4813 4833 4832 4812
f 4814 4834 4833 4813
f 4815 4835 4834 4814
f 4816 4836 4835 4815
f 4817 4837 4836 4816
f 4818 4838 4837 4817
f 4819 4839 4838 4818
f 4820 4840 4839 4819
f 4801 4821 4840 4820
f 4822 4842 4841 4821
f 4823 4843 4842 4822
f 4824 4844 4843 4823
f 4825 4845 4844 4824
f 4826 4846 4845 4825
f 4827 4847 4846 4826
f 4828 4848 4847 4827
f 4829 4849 4848 4828
f 4830 4850 4849 4829
f 4831 4851 4850 4830
f 4832 4852 4851 4831
f 4833 4853 4852 4832
f 4834 4854 4853 4833
f 4835 4855 4854 4834
f 4836 4856 4855 4835
f 4837 4857 4856 4836
f 4838 4858 4857 4837
f 4839 4859 4858 4838
f 4840 4860 4859 4839
f 4821 4841 4860 4840
f 4842 4862 4861 4841
f 4843 4863 4862 4842
f 4844 4864 4863 4843
f 4845 4865 4864 4844
f 4846 4866 4865 4845
f 4847 4867 4866 4846
f 4848 4868 4867 4847
f 4849 4869 4868 4848
f 4850 4870 4869 4849
f 4851 4871 4870 4850
f 4852 4872 4871 4851
f 4853 4873 4872 4852
f 4854 4874 4873 4853
f 4855 4875 4874 4854
f 4856 4876 4875 4855
f 4857 4877 4876 4856
f 4858 4878 4877 4857
f 4859 4879 4878 4858
f 4860 4880 4879 4859
f 4841 4861 4880 4860
f 4862 4882 4881 4861
f 4863 4883 4882 4862
f 4864 4884 4883 4863
f 4865 4885 4884 4864
f 4866 4886 4885 4865
f 4867 4887 4886 4866
f 4868 4888 4887 4867
f 4869 4889 4888 4868
f 4870 4890 4889 4869
f 4871 4891 4890 4870
f 4872 4892 4891 4871
f 4873 4893 4892 4872
f 4874 4894 4893 4873
f 4875 4895 4894 4874
f 4876 4896 4895 4875
f 4877 4897 4896 4876
f 4878 4898 4897 4877
f 4879 4899 4898 4878
f 4880 4900 4899 4879
f 4861 4881 4900 4880
f 4882 4902 4901 4881
f 4883 4903 4902 4882
f 4884 4904 4903 4883
f 4885 4905 4904 4884
f 4886 4906 4905 4885
f 4887 4907 4906 4886
f 4888 4908 4907 4887
f 4889 4909 4908 4888
f 4890 4910 4909 4889
f 4891 4911 4910 4890
f 4892 4912 4911 4891
f 4893 4913 4912 4892
f 4894 4914 4913 4893
f 4895 4915 4914 4894
f 4896 4916 4915 4895
f 4897 4917 4916 4896
f 4898 4918 4917 4897
f 4899 4919 4918 4898
f 4900 4920 4919 4899
f 4881 4901 4920 4900
f 4902 4922 4921 4901
f 4903 4923 4922 4902
f 4904 4924 4923 4903
f 4905 4925 4924 4904
f 4906 4926 4925 4905
f 4907 4927 4926 4906
f 4908 4928 4927 4907
f 4909 4929 4928 4908
f 4910 4930 4929 4909
f 4911 4931 4930 4910
f 4912 4932 4931 4911
f 4913 4933 4932 4912
f 4914 4934 4933 4913
f 4915 4935 4934 4914
f 4916 4936 4935 4915
f 4917 4937 4936 4916
f 4918 4938 4937 4917
f 4919 4939 4938 4918
f 4920 4940 4939 4919
f 4901 4921 4940 4920
f 4922 4942 4941 4921
f 4923 4943 4942 4922
f 4924 4944 4943 4923
f 4925 4945 4944 4924
f 4926 4946 4945 4925
f 4927 4947 4946 4926
f 4928 4948 4947 4927
f 4929 4949 4948 4928
f 4930 4950 4949 4929
f 4931 4951 4950 4930
f 4932 4952 4951 4931
f 4933 4953 4952 4932
f 4934 4954 4953 4933
f 4935 4955 4954 4934
f 4936 4956 4955 4935
f 4937 4957 4956 4936
f 4938 4958 4957 4937
f 4939 4959 4958 4938
f 4940 4960 4959 4939
f 4921 4941 4960 4940
f 4942 4962 4961 4941
f 4943 4963 4962 4942
f 4944 4964 4963 4943
f 4945 4965 4964 4944
f 4946 4966 4965 4945
f 4947 4967 4966 4946
f 4948 4968 4967 4947
f 4949 4969 4968 4948
f 4950 4970 4969 4949
f 4951 4971 4970 4950
f 4952 4972 4971 4951
f 4953 4973 4972 4952
f 4954 4974 4973 4953
f 4955 4975 4974 4954
f 4956 4976 4975 4955
f 4957 4977 4976 4956
f 4958 4978 4977 4957
f 4959 4979 4978 4958
f 4960 4980 4979 4959
f 4941 4961 4980 4960
f 4962 4982 4981 4961
f 4963 4983 4982 4962
f 4964 4984 4983 4963
f 4965 4985 4984 4964
f 4966 4986 4985 4965
f 4967 4987 4986 4966
f 4968 4988 4987 4967
f 4969 4989 4988 4968
f 4970 4990 4989 4969
f 4971 4991 4990 4970
f 4972 4992 4991 4971
f 4973 4993 4992 4972
f 4974 4994 4993 4973
f 4975 4995 4994 4974
f 4976 4996 4995 4975
f 4977 4997 4996 4976
f 4978 4998 4997 4977
f 4979 4999 4998 4978
f 4980 5000 4999 4979
f 4961 4981 5000 4980
f 4982 5002 5001 4981
f 4983 5003 5002 4982
f 4984 5004 5003 4983
f 4985 5005 5004 4984
f 4986 5006 5005 4985
f 4987 5007 5006 4986
f 4988 5008 5007 4987
f 4989 5009 5008 4988
f 4990 5010 5009 4989
f 4991 5011 5010 4990
f 4992 5012 5011 4991
f 4993 5013 5012 4992
f 4994 5014 5013 4993
f 4995 5015 5014 4994
f 4996 5016 5015 4995
f 4997 5017 5016 4996
f 4998 5018 5017 4997
f 4999 5019 5018 4998
f 5000 5020 5019 4999
f 4981 5001 5020 5000
f 5002 5022 5021 5001
f 5003 5023 5022 5002
f 5004 5024 5023 5003
f 5005 5025 5024 5004
f 5006 5026 5025 5005
f 5007 5027 5026 5006
f 5008 5028 5027 5007
f 5009 5029 5028 5008
f 5010 5030 5029 5009
f 5011 5031 5030 5010
f 5012 5032 5031 5011
f 5013 5033 5032 5012
f 5014 5034 5033 5013
f 5015 5035 5034 5014
f 5016 5036 5035 5015
f 5017 5037 5036 5016
f 5018 5038 5037 5017
f 5019 5039 5038 5018
f 5020 5040 5039 5019
f 5001 5021 5040 5020
f 5022 5042 5041 5021
f 5023 5043 5042 5022
f 5024 5044 5043 5023
f 5025 5045 5044 5024
f 5026 5046 5045 5025
f 5027 5047 5046 5026
f 5028 5048 5047 5027
f 5029 5049 5048 5028
f 5030 5050 5049 5029
f 5031 5051 5050 5030
f 5032 5052 5051 5031
f 5033 5053 5052 5032
f 5034 5054 5053 5033
f 5035 5055 5054 5034
f 5036 5056 5055 5035
f 5037 5057 5056 5036
f 5038 5058 5057 5037
f 5039 5059 5058 5038
f 5040 5060 5059 5039
f 5021 5041 5060 5040
f 5042 5062 5061 5041
f 5043 5063 5062 5042
f 5044 5064 5063 5043
f 5045 5065 5064 5044
f 5046 5066 5065 5045
f 5047 5067 5066 5046
f 5048 5068 5067 5047
f 5049 5069 5068 5048
f 5050 5070 5069 5049
f 5051 5071 5070 5050
f 5052 5072 5071 5051
f 5053 5073 5072 5052
f 5054 5074 5073 5053
f 5055 5075 5074 5054
f 5056 5076 5075 5055
f 5057 5077 5076 5056
f 5058 5078 5077 5057
f 5059 5079 5078 5058
f 5060 5080 5079 5059
f 5041 5061 5080 5060
f 5062 5082 5081 5061
f 5063 5083 5082 5062
f 5064 5084 5083 5063
f 5065 5085 5084 5064
f 5066 5086 5085 5065
f 5067 5087 5086 5066
f 5068 5088 5087 5067
f 5069 5089 5088 5068
f 5070 5090 5089 5069
f 5071 5091 5090 5070
f 5072 5092 5091 5071
f 5073 5093 5092 5072
f 5074 5094 5093 5073
f 5075 5095 5094 5074
f 5076 5096 5095 5075
f 5077 5097 5096 5076
f 5078 5098 5097 5077
f 5079 5099 5098 5078
f 5080 5100 5099 5079
f 5061 5081 5100 5080
f 5082 5102 5101 5081
f 5083 5103 5102 5082
f 5084 5104 5103 5083
f 5085 5105 5104 5084
f 5086 5106 5105 5085
f 5087 5107 5106 5086
f 5088 5108 5107 5087
f 5089 5109 5108 5088
f 5090 5110 5109 5089
f 5091 5111 5110 5090
f 5092 5112 5111 5091
f 5093 5113 5112 5092
f 5094 5114 5113 5093
f 5095 5115 5114 5094
f 5096 5116 5115 5095
f 5097 5117 5116 5096
f 5098 5118 5117 5097
f 5099 5119 5118 5098
f 5100 5120 5119 5099
f 5081 5101 5120 5100
f 5102 5122 5121 5101
f 5103 5123 5122 5102
f 5104 5124 5123 5103
f 5105 5125 5124 5104
f 5106 5126 5125 5105
f 5107 5127 5126 5106
f 5108 5128 5127 5107
f 5109 5129 5128 5108
f 5110 5130 5129 5109
f 5111 5131 5130 5110
f 5112 5132 5131 5111
f 5113 5133 5132 5112
f 5114 5134 5133 5113
f 5115 5135 5134 5114
f 5116 5136 5135 5115
f 5117 5137 5136 5116
f 5118 5138 5137 5117
f 5119 5139 5138 5118
f 5120 5140 5139 5119
f 5101 5121 5140 5120
f 5122 5142 5141 5121
f 5123 5143 5142 5122
f 5124 5144 5143 5123
f 5125 5145 5144 5124
f 5126 5146 5145 5125
f 5127 5147 5146 5126
f 5128 5148 5147 5127
f 5129 5149 5148 5128
f 5130 5150 5149 5129
f 5131 5151 5150 5130
f 5132 5152 5151 5131
f 5133 5153 5152 5132
f 5134 5154 5153 5133
f 5135 5155 5154 5134
f 5136 5156 5155 5135
f 5137 5157 5156 5136
f 5138 5158 5157 5137
f 5139 5159 5158 5138
f 5140 5160 5159 5139
f 5121 5141 5160 5140
f 5142 5162 5161 5141
f 5143 5163 5162 5142
f 5144 5164 5163 5143
f 5145 5165 5164 5144
f 5146 5166 5165 5145
f 5147 5167 5166 5146
f 5148 5168 5167 5147
f 5149 5169 5168 5148
f 5150 5170 5169 5149
f 5151 5171 5170 5150
f 5152 5172 5171 5151
f 5153 5173 5172 5152
f 5154 5174 5173 5153
f 5155 5175 5174 5154
f 5156 5176 5175 5155
f 5157 5177 5176 5156
f 5158 5178 5177 5157
f 5159 5179 5178 5158
f 5160 5180 5179 5159
f 5141 5161 5180 5160
f 5162 5182 5181 5161
f 5163 5183 5182 5162
f 5164 5184 5183 5163
f 5165 5185 5184 5164
f 5166 5186 5185 5165
f 5167 5187 5186 5166
f 5168 5188 5187 5167
f 5169 5189 5188 5168
f 5170 5190 5189 5169
f 5171 5191 5190 5170
f 5172 5192 5191 5171
f 5173 5193 5192 5172
f 5174 5194 5193 5173
f 5175 5195 5194 5174
f 5176 5196 5195 5175
f 5177 5197 5196 5176
f 5178 5198 5197 5177
f 5179 5199 5198 5178
f 5180 5200 5199 5179
f 5161 5181 5200 5180
f 5182 5202 5201 5181
f 5183 5203 5202 5182
f 5184 5204 5203 5183
f 5185 5205 5204 5184
f 5186 5206 5205 5185
f 5187 5207 5206 5186
f 5188 5208 5207 5187
f 5189 5209 5208 5188
f 5190 5210 5209 5189
f 5191 5211 5210 5190
f 5192 5212 5211 5191
f 5193 5213 5212 5192
f 5194 5214 5213 5193
f 5195 5215 5214 5194
f 5196 5216 5215 5195
f 5197 5217 5216 5196
f 5198 5218 5217 5197
f 5199 5219 5218 5198
f 5200 5220 5219 5199
f 5181 5201 5220 5200
f 5202 5222 5221 5201
f 5203 5223 5222 5202
f 5204 5224 5223 5203
f 5205 5225 5224 5204
f 5206 5226 5225 5205
f 5207 5227 5226 5206
f 5208 5228 5227 5207
f 5209 5229 5228 5208
f 5210 5230 5229 5209
f 5211 5231 5230 5210
f 5212 5232 5231 5211
f 5213 5233 5232 5212
f 5214 5234 5233 5213
f 5215 5235 5234 5214
f 5216 5236 5235 5215
f 5217 5237 5236 5216
f 5218 5238 5237 5217
f 5219 5239 5238 5218
f 5220 5240 5239 5219
f 5201 5221 5240 5220
f 5222 5242 5241 5221
f 5223 5243 5242 5222
f 5224 5244 5243 5223
f 5225 5245 5244 5224
f 5226 5246 5245 5225
f 5227 5247 5246 5226
f 5228 5248 5247 5227
f 5229 5249 5248 5228
f 5230 5250 5249 5229
f 5231 5251 5250 5230
f 5232 5252 5251 5231
f 5233 5253 5252 5232
f 5234 5254 5253 5233
f 5235 5255 5254 5234
f 5236 5256 5255 5235
f 5237 5257 5256 5236
f 5238 5258 5257 5237
f 5239 5259 5258 5238
f 5240 5260 5259 5239
f 5221 5241 5260 5240
f 5242 5262 5261 5241
f 5243 5263 5262 5242
f 5244 5264 5263 5243
f 5245 5265 5264 5244
f 5246 5266 5265 5245
f 5247 5267 5266 5246
f 5248 5268 5267 5247
f 5249 5269 5268 5248
f 5250 5270 5269 5249
f 5251 5271 5270 5250
f 5252 5272 5271 5251
f 5253 5273 5272 5252
f 5254 5274 5273 5253
f 5255 5275 5274 5254
f 5256 5276 5275 5255
f 5257 5277 5276 5256
f 5258 5278 5277 5257
f 5259 5279 5278 5258
f 5260 5280 5279 5259
f 5241 5261 5280 5260
f 5262 5282 5281 5261
f 5263 5283 5282 5262
f 5264 5284 5283 5263
f 5265 5285 5284 5264
f 5266 5286 5285 5265
f 5267 5287 5286 5266
f 5268 5288 5287 5267
f 5269 5289 5288 5268
f 5270 5290 5289 5269
f 5271 5291 5290 5270
f 5272 5292 5291 5271
f 5273 5293 5292 5272
f 5274 5294 5293 5273
f 5275 5295 5294 5274
f 5276 5296 5295 5275
f 5277 5297 5296 5276
f 5278 5298 5297 5277
f 5279 5299 5298 5278
f 5280 5300 5299 5279
f 5261 5281 5300 5280
f 5282 5302 5301 5281
f 5283 5303 5302 5282
f 5284 5304 5303 5283
f 5285 5305 5304 5284
f 5286 5306 5305 5285
f 5287 5307 5306 5286
f 5288 5308 5307 5287
f 5289 5309 5308 5288
f 5290 5310 5309 5289
f 5291 5311 5310 5290
f 5292 5312 5311 5291
f 5293 5313 5312 5292
f 5294 5314 5313 5293
f 5295 5315 5314 5294
f 5296 5316 5315 5295
f 5297 5317 5316 5296
f 5298 5318 5317 5297
f 5299 5319 5318 5298
f 5300 5320 5319 5299
f 5281 5301 5320 5300
f 5302 5322 5321 5301
f 5303 5323 5322 5302
f 5304 5324 5323 5303
f 5305 5325 5324 5304
f 5306 5326 5325 5305
f 5307 5327 5326 5306
f 5308 5328 5327 5307
f 5309 5329 5328 5308
f 5310 5330 5329 5309
f 5311 5331 5330 5310
f 5312 5332 5331 5311
f 5313 5333 5332 5312
f 5314 5334 5333 5313
f 5315 5335 5334 5314
f 5316 5336 5335 5315
f 5317 5337 5336 5316
f 5318 5338 5337 5317
f 5319 5339 5338 5318
f 5320 5340 5339 5319
f 5301 5321 5340 5320
f 5322 5342 5341 5321
f 5323 5343 5342 5322
f 5324 5344 5343 5323
f 5325 5345 5344 5324
f 5326 5346 5345 5325
f 5327 5347 5346 5326
f 5328 5348 5347 5327
f 5329 5349 5348 5328
f 5330 5350 5349 5329
f 5331 5351 5350 5330
f 5332 5352 5351 5331
f 5333 5353 5352 5332
f 5334 5354 5353 5333
f 5335 5355 5354 5334
f 5336 5356 5355 5335
f 5337 5357 5356 5336
f 5338 5358 5357 5337
f 5339 5359 5358 5338
f 5340 5360 5359 5339
f 5321 5341 5360 5340
f 5342 5362 5361 5341
f 5343 5363 5362 5342
f 5344 5364 5363 5343
f 5345 5365 5364 5344
f 5346 5366 5365 5345
f 5347 5367 5366 5346
f 5348 5368 5367 5347
f 5349 5369 5368 5348
f 5350 5370 5369 5349
f 5351 5371 5370 5350
f 5352 5372 5371 5351
f 5353 5373 5372 5352
f 5354 5374 5373 5353
f 5355 5375 5374 5354
f 5356 5376 5375 5355
f 5357 5377 5376 5356
f 5358 5378 5377 5357
f 5359 5379 5378 5358
f 5360 5380 5379 5359
f 5341 5361 5380 5360
f 5362 5382 5381 5361
f 5363 5383 5382 5362
f 5364 5384 5383 5363
f 5365 5385 5384 5364
f 5366 5386 5385 5365
f 5367 5387 5386 5366
f 5368 5388 5387 5367
f 5369 5389 5388 5368
f 5370 5390 5389 5369
f 5371 5391 5390 5370
f 5372 5392 5391 5371
f 5373 5393 5392 5372
f 5374 5394 5393 5373
f 5375 5395 5394 5374
f 5376 5396 5395 5375
f 5377 5397 5396 5376
f 5378 5398 5397 5377
f 5379 5399 5398 5378
f 5380 5400 5399 5379
f 5361 5381 5400 5380
f 5382 5402 5401 5381
f 5383 5403 5402 5382
f 5384 5404 5403 5383
f 5385 5405 5404 5384
f 5386 5406 5405 5385
f 5387 5407 5406 5386
f 5388 5408 5407 5387
f 5389 5409 5408 5388
f 5390 5410 5409 5389
f 5391 5411 5410 5390
f 5392 5412 5411 5391
f 5393 5413 5412 5392
f 5394 5414 5413 5393
f 5395 5415 5414 5394
f 5396 5416 5415 5395
f 5397 5417 5416 5396
f 5398 5418 5417 5397
f 5399 5419 5418 5398
f 5400 5420 5419 5399
f 5381 5401 5420 5400
f 5402 5422 5421 5401
f 5403 5423 5422 5402
f 5404 5424 5423 5403
f 5405 5425 5424 5404
f 5406 5426 5425 5405
f 5407 5427 5426 5406
f 5408 5428 5427 5407
f 5409 5429 5428 5408
f 5410 5430 5429 5409
f 5411 5431 5430 5410
f 5412 5432 5431 5411
f 5413 5433 5432 5412
f 5414 5434 5433 5413
f 5415 5435 5434 5414
f 5416 5436 5435 5415
f 5417 5437 5436 5416
f 5418 5438 5437 5417
f 5419 5439 5438 5418
f 5420 5440 5439 5419
f 5401 5421 5440 5420
f 5422 5442 5441 5421
f 5423 5443 5442 5422
f 5424 5444 5443 5423
f 5425 5445 5444 5424
f 5426 5446 5445 5425
f 5427 5447 5446 5426
f 5428 5448 5447 5427
f 5429 5449 5448 5428
f 5430 5450 5449 5429
f 5431 5451 5450 5430
f 5432 5452 5451 5431
f 5433 5453 5452 5432
f 5434 5454 5453 5433
f 5435 5455 5454 5434
f 5436 5456 5455 5435
f 5437 5457 5456 5436
f 5438 5458 5457 5437
f 5439 5459 5458 5438
f 5440 5460 5459 5439
f 5421 5441 5460 5440
f 5442 5462 5461 5441
f 5443 5463 5462 5442
f 5444 5464 5463 5443
f 5445 5465 5464 5444
f 5446 5466 5465 5445
f 5447 5467 5466 5446
f 5448 5468 5467 5447
f 5449 5469 5468 5448
f 5450 5470 5469 5449
f 5451 5471 5470 5450
f 5452 5472 5471 5451
f 5453 5473 5472 5452
f 5454 5474 5473 5453
f 5455 5475 5474 5454
f 5456 5476 5475 5455
f 5457 5477 5476 5456
f 5458 5478 5477 5457
f 5459 5479 5478 5458
f 5460 5480 5479 5459
f 5441 5461 5480 5460
f 5462 5482 5481 5461
f 5463 5483 5482 5462
f 5464 5484 5483 5463
f 5465 5485 5484 5464
f 5466 5486 5485 5465
f 5467 5487 5486 5466
f 5468 5488 5487 5467
f 5469 5489 5488 5468
f 5470 5490 5489 5469
f 5471 5491 5490 5470
f 5472 5492 5491 5471
f 5473 5493 5492 5472
f 5474 5494 5493 5473
f 5475 5495 5494 5474
f 5476 5496 5495 5475
f 5477 5497 5496 5476
f 5478 5498 5497 5477
f 5479 5499 5498 5478
f 5480 5500 5499 5479
f 5461 5481 5500 5480
f 5482 5502 5501 5481
f 5483 5503 5502 5482
f 5484 5504 5503 5483
f 5485 5505 5504 5484
f 5486 5506 5505 5485
f 5487 5507 5506 5486
f 5488 5508 5507 5487
f 5489 5509 5508 5488
f 5490 5510 5509 5489
f 5491 5511 5510 5490
f 5492 5512 5511 5491
f 5493 5513 5512 5492
f 5494 5514 5513 5493
f 5495 5515 5514 5494
f 5496 5516 5515 5495
f 5497 5517 5516 5496
f 5498 5518 5517 5497
f 5499 5519 5518 5498
f 5500 5520 5519 5499
f 5481 5501 5520 5500
f 5502 5522 5521 5501
f 5503 5523 5522 5502
f 5504 5524 5523 5503
f 5505 5525 5524 5504
f 5506 5526 5525 5505
f 5507 5527 5526 5506
f 5508 5528 5527 5507
f 5509 5529 5528 5508
f 5510 5530 5529 5509
f 5511 5531 5530 5510
f 5512 5532 5531 5511
f 5513 5533 5532 5512
f 5514 5534 5533 5513
f 5515 5535 5534 5514
f 5516 5536 5535 5515
f 5517 5537 5536 5516
f 5518 5538 5537 5517
f 5519 5539 5538 5518
f 5520 5540 5539 5519
f 5501 5521 5540 5520
f 5522 5542 5541 5521
f 5523 5543 5542 5522
f 5524 5544 5543 5523
f 5525 5545 5544 5524
f 5526 5546 5545 5525
f 5527 5547 5546 5526
f 5528 5548 5547 5527
f 5529 5549 5548 5528
f 5530 5550 5549 5529
f 5531 5551 5550 5530
f 5532 5552 5551 5531
f 5533 5553 5552 5532
f 5534 5554 5553 5533
f 5535 5555 5554 5534
f 5536 5556 5555 5535
f 5537 5557 5556 5536
f 5538 5558 5557 5537
f 5539 5559 5558 5538
f 5540 5560 5559 5539
f 5521 5541 5560 5540
f 5542 5562 5561 5541
f 5543 5563 5562 5542
f 5544 5564 5563 5543
f 5545 5565 5564 5544
f 5546 5566 5565 5545
f 5547 5567 5566 5546
f 5548 5568 5567 5547
f 5549 5569 5568 5548
f 5550 5570 5569 5549
f 5551 5571 5570 5550
f 5552 5572 5571 5551
f 5553 5573 5572 5552
f 5554 5574 5573 5553
f 5555 5575 5574 5554
f 5556 5576 5575 5555
f 5557 5577 5576 5556
f 5558 5578 5577 5557
f 5559 5579 5578 5558
f 5560 5580 5579 5559
f 5541 5561 5580 5560
f 5562 5582 5581 5561
f 5563 5583 5582 5562
f 5564 5584 5583 5563
f 5565 5585 5584 5564
f 5566 5586 5585 5565
f 5567 5587 5586 5566
f 5568 5588 5587 5567
f 5569 5589 5588 5568
f 5570 5590 5589 5569
f 5571 5591 5590 5570
f 5572 5592 5591 5571
f 5573 5593 5592 5572
f 5574 5594 5593 5573
f 5575 5595 5594 5574
f 5576 5596 5595 5575
f 5577 5597 5596 5576
f 5578 5598 5597 5577
f 5579 5599 5598 5578
f 5580 5600 5599 5579
f 5561 5581 5600 5580
f 5582 5602 5601 5581
f 5583 5603 5602 5582
f 5584 5604 5603 5583
f 5585 5605 5604 5584
f 5586 5606 5605 5585
f 5587 5607 5606 5586
f 5588 5608 5607 5587
f 5589 5609 5608 5588
f 5590 5610 5609 5589
f 5591 5611 5610 5590
f 5592 5612 5611 5591
f 5593 5613 5612 5592
f 5594 5614 5613 5593
f 5595 5615 5614 5594
f 5596 5616 5615 5595
f 5597 5617 5616 5596
f 5598 5618 5617 5597
f 5599 5619 5618 5598
f 5600 5620 5619 5599
f 5581 5601 5620 5600
usemtl band7
f 5602 5622 5621 5601
f 5603 5623 5622 5602
f 5604 5624 5623 5603
f 5605 5625 5624 5604
f 5606 5626 5625 5605
f 5607 5627 5626 5606
f 5608 5628 5627 5607
f 5609 5629 5628 5608
f 5610 5630 5629 5609
f 5611 5631 5630 5610
f 5612 5632 5631 5611
f 5613 5633 5632 5612
f 5614 5634 5633 5613
f 5615 5635 5634 5614
f 5616 5636 5635 5615
f 5617 5637 5636 5616
f 5618 5638 5637 5617
f 5619 5639 5638 5618
f 5620 5640 5639 5619
f 5601 5621 5640 5620
f 5622 5642 5641 5621
f 5623 5643 5642 5622
f 5624 5644 5643 5623
f 5625 5645 5644 5624
f 5626 5646 5645 5625
f 5627 5647 5646 5626
f 5628 5648 5647 5627
f 5629 5649 5648 5628
f 5630 5650 5649 5629
f 5631 5651 5650 5630
f 5632 5652 5651 5631
f 5633 5653 5652 5632
f 5634 5654 5653 5633
f 5635 5655 5654 5634
f 5636 5656 5655 5635
f 5637 5657 5656 5636
f 5638 5658 5657 5637
f 5639 5659 5658 5638
f 5640 5660 5659 5639
f 5621 5641 5660 5640
f 5642 5662 5661 5641
f 5643 5663 5662 5642
f 5644 5664 5663 5643
f 5645 5665 5664 5644
f 5646 5666 5665 5645
f 5647 5667 5666 5646
f 5648 5668 5667 5647
f 5649 5669 5668 5648
f 5650 5670 5669 5649
f 5651 5671 5670 5650
f 5652 5672 5671 5651
f 5653 5673 5672 5652
f 5654 5674 5673 5653
f 5655 5675 5674 5654
f 5656 5676 5675 5655
f 5657 5677 5676 5656
f 5658 5678 5677 5657
f 5659 5679 5678 5658
f 5660 5680 5679 5659
f 5641 5661 5680 5660
f 5662 5682 5681 5661
f 5663 5683 5682 5662
f 5664 5684 5683 5663
f 5665 5685 5684 5664
f 5666 5686 5685 5665
f 5667 5687 5686 5666
f 5668 5688 5687 5667
f 5669 5689 5688 5668
f 5670 5690 5689 5669
f 5671 5691 5690 5670
f 5672 5692 5691 5671
f 5673 5693 5692 5672
f 5674 5694 5693 5673
f 5675 5695 5694 5674
f 5676 5696 5695 5675
f 5677 5697 5696 5676
f 5678 5698 5697 5677
f 5679 5699 5698 5678
f 5680 5700 5699 5679
f 5661 5681 5700 5680
f 5682 5702 5701 5681
f 5683 5703 5702 5682
f 5684 5704 5703 5683
f 5685 5705 5704 5684
f 5686 5706 5705 5685
f 5687 5707 5706 5686
f 5688 5708 5707 5687
f 5689 5709 5708 5688
f 5690 5710 5709 5689
f 5691 5711 5710 5690
f 5692 5712 5711 5691
f 5693 5713 5712 5692
f 5694 5714 5713 5693
f 5695 5715 5714 5694
f 5696 5716 5715 5695
f 5697 5717 5716 5696
f 5698 5718 5717 5697
f 5699 5719 5718 5698
f 5700 5720 5719 5699
f 5681 5701 5720 5700
f 5702 5722 5721 5701
f 5703 5723 5722 5702
f 5704 5724 5723 5703
f 5705 5725 5724 5704
f 5706 5726 5725 5705
f 5707 5727 5726 5706
f 5708 5728 5727 5707
f 5709 5729 5728 5708
f 5710 5730 5729 5709
f 5711 5731 5730 5710
f 5712 5732 5731 5711
f 5713 5733 5732 5712
f 5714 5734 5733 5713
f 5715 5735 5734 5714
f 5716 5736 5735 5715
f 5717 5737 5736 5716
f 5718 5738 5737 5717
f 5719 5739 5738 5718
f 5720 5740 5739 5719
f 5701 5721 5740 5720
f 5722 5742 5741 5721
f 5723 5743 5742 5722
f 5724 5744 5743 5723
f 5725 5745 5744 5724
f 5726 5746 5745 5725
f 5727 5747 5746 5726
f 5728 5748 5747 5727
f 5729 5749 5748 5728
f 5730 5750 5749 5729
f 5731 5751 5750 5730
f 5732 5752 5751 5731
f 5733 5753 5752 5732
f 5734 5754 5753 5733
f 5735 5755 5754 5734
f 5736 5756 5755 5735
f 5737 5757 5756 5736
f 5738 5758 5757 5737
f 5739 5759 5758 5738
f 5740 5760 5759 5739
f 5721 5741 5760 5740
f 5742 5762 5761 5741
f 5743 5763 5762 5742
f 5744 5764 5763 5743
f 5745 5765 5764 5744
f 5746 5766 5765 5745
f 5747 5767 5766 5746
f 5748 5768 5767 5747
f 5749 5769 5768 5748
f 5750 5770 5769 5749
f 5751 5771 5770 5750
f 5752 5772 5771 5751
f 5753 5773 5772 5752
f 5754 5774 5773 5753
f 5755 5775 5774 5754
f 5756 5776 5775 5755
f 5757 5777 5776 5756
f 5758 5778 5777 5757
f 5759 5779 5778 5758
f 5760 5780 5779 5759
f 5741 5761 5780 5760
f 5762 5782 5781 5761
f 5763 5783 5782 5762
f 5764 5784 5783 5763
f 5765 5785 5784 5764
f 5766 5786 5785 5765
f 5767 5787 5786 5766
f 5768 5788 5787 5767
f 5769 5789 5788 5768
f 5770 5790 5789 5769
f 5771 5791 5790 5770
f 5772 5792 5791 5771
f 5773 5793 5792 5772
f 5774 5794 5793 5773
f 5775 5795 5794 5774
f 5776 5796 5795 5775
f 5777 5797 5796 5776
f 5778 5798 5797 5777
f 5779 5799 5798 5778
f 5780 5800 5799 5779
f 5761 5781 5800 5780
f 5782 5802 5801 5781
f 5783 5803 5802 5782
f 5784 5804 5803 5783
f 5785 5805 5804 5784
f 5786 5806 5805 5785
f 5787 5807 5806 5786
f 5788 5808 5807 5787
f 5789 5809 5808 5788
f 5790 5810 5809 5789
f 5791 5811 5810 5790
f 5792 5812 5811 5791
f 5793 5813 5812 5792
f 5794 5814 5813 5793
f 5795 5815 5814 5794
f 5796 5816 5815 5795
f 5797 5817 5816 5796
f 5798 5818 5817 5797
f 5799 5819 5818 5798
f 5800 5820 5819 5799
f 5781 5801 5820 5800
f 5802 5822 5821 5801
f 5803 5823 5822 5802
f 5804 5824 5823 5803
f 5805 5825 5824 5804
f 5806 5826 5825 5805
f 5807 5827 5826 5806
f 5808 5828 5827 5807
f 5809 5829 5828 5808
f 5810 5830 5829 5809
f 5811 5831 5830 5810
f 5812 5832 5831 5811
f 5813 5833 5832 5812
f 5814 5834 5833 5813
f 5815 5835 5834 5814
f 5816 5836 5835 5815
f 5817 5837 5836 5816
f 5818 5838 5837 5817
f 5819 5839 5838 5818
f 5820 5840 5839 5819
f 5801 5821 5840 5820
f 5822 5842 5841 5821
f 5823 5843 5842 5822
f 5824 5844 5843 5823
f 5825 5845 5844 5824
f 5826 5846 5845 5825
f 5827 5847 5846 5826
f 5828 5848 5847 5827
f 5829 5849 5848 5828
f 5830 5850 5849 5829
f 5831 5851 5850 5830
f 5832 5852 5851 5831
f 5833 5853 5852 5832
f 5834 5854 5853 5833
f 5835 5855 5854 5834
f 5836 5856 5855 5835
f 5837 5857 5856 5836
f 5838 5858 5857 5837
f 5839 5859 5858 5838
f 5840 5860 5859 5839
f 5821 5841 5860 5840
f 5842 5862 5861 5841
f 5843 5863 5862 5842
f 5844 5864 5863 5843
f 5845 5865 5864 5844
f 5846 5866 5865 5845
f 5847 5867 5866 5846
f 5848 5868 5867 5847
f 5849 5869 5868 5848
f 5850 5870 5869 5849
f 5851 5871 5870 5850
f 5852 5872 5871 5851
f 5853 5873 5872 5852
f 5854 5874 5873 5853
f 5855 5875 5874 5854
f 5856 5876 5875 5855
f 5857 5877 5876 5856
f 5858 5878 5877 5857
f 5859 5879 5878 5858
f 5860 5880 5879 5859
f 5841 5861 5880 5860
f 5862 5882 5881 5861
f 5863 5883 5882 5862
f 5864 5884 5883 5863
f 5865 5885 5884 5864
f 5866 5886 5885 5865
f 5867 5887 5886 5866
f 5868 5888 5887 5867
f 5869 5889 5888 5868
f 5870 5890 5889 5869
f 5871 5891 5890 5870
f 5872 5892 5891 5871
f 5873 5893 5892 5872
f 5874 5894 5893 5873
f 5875 5895 5894 5874
f 5876 5896 5895 5875
f 5877 5897 5896 5876
f 5878 5898 5897 5877
f 5879 5899 5898 5878
f 5880 5900 5899 5879
f 5861 5881 5900 5880
f 5882 5902 5901 5881
f 5883 5903 5902 5882
f 5884 5904 5903 5883
f 5885 5905 5904 5884
f 5886 5906 5905 5885
f 5887 5907 5906 5886
f 5888 5908 5907 5887
f 5889 5909 5908 5888
f 5890 5910 5909 5889
f 5891 5911 5910 5890
f 5892 5912 5911 5891
f 5893 5913 5912 5892
f 5894 5914 5913 5893
f 5895 5915 5914 5894
f 5896 5916 5915 5895
f 5897 5917 5916 5896
f 5898 5918 5917 5897
f 5899 5919 5918 5898
f 5900 5920 5919 5899
f 5881 5901 5920 5900
f 5902 5922 5921 5901
f 5903 5923 5922 5902
f 5904 5924 5923 5903
f 5905 5925 5924 5904
f 5906 5926 5925 5905
f 5907 5927 5926 5906
f 5908 5928 5927 5907
f 5909 5929 5928 5908
f 5910 5930 5929 5909
f 5911 5931 5930 5910
f 5912 5932 5931 5911
f 5913 5933 5932 5912
f 5914 5934 5933 5913
f 5915 5935 5934 5914
f 5916 5936 5935 5915
f 5917 5937 5936 5916
f 5918 5938 5937 5917
f 5919 5939 5938 5918
f 5920 5940 5939 5919
f 5901 5921 5940 5920
f 5922 5942 5941 5921
f 5923 5943 5942 5922
f 5924 5944 5943 5923
f 5925 5945 5944 5924
f 5926 5946 5945 5925
f 5927 5947 5946 5926
f 5928 5948 5947 5927
f 5929 5949 5948 5928
f 5930 5950 5949 5929
f 5931 5951 5950 5930
f 5932 5952 5951 5931
f 5933 5953 5952 5932
f 5934 5954 5953 5933
f 5935 5955 5954 5934
f 5936 5956 5955 5935
f 5937 5957 5956 5936
f 5938 5958 5957 5937
f 5939 5959 5958 5938
f 5940 5960 5959 5939
f 5921 5941 5960 5940
f 5942 5962 5961 5941
f 5943 5963 5962 5942
f 5944 5964 5963 5943
f 5945 5965 5964 5944
f 5946 5966 5965 5945
f 5947 5967 5966 5946
f 5948 5968 5967 5947
f 5949 5969 5968 5948
f 5950 5970 5969 5949
f 5951 5971 5970 5950
f 5952 5972 5971 5951
f 5953 5973 5972 5952
f 5954 5974 5973 5953
f 5955 5975 5974 5954
f 5956 5976 5975 5955
f 5957 5977 5976 5956
f 5958 5978 5977 5957
f 5959 5979 5978 5958
f 5960 5980 5979 5959
f 5941 5961 5980 5960
f 5962 5982 5981 5961
f 5963 5983 5982 5962
f 5964 5984 5983 5963
f 5965 5985 5984 5964
f 5966 5986 5985 5965
f 5967 5987 5986 5966
f 5968 5988 5987 5967
f 5969 5989 5988 5968
f 5970 5990 5989 5969
f 5971 5991 5990 5970
f 5972 5992 5991 5971
f 5973 5993 5992 5972
f 5974 5994 5993 5973
f 5975 5995 5994 5974
f 5976 5996 5995 5975
f 5977 5997 5996 5976
f 5978 5998 5997 5977
f 5979 5999 5998 5978
f 5980 6000 5999 5979
f 5961 5981 6000 5980
f 5982 6002 6001 5981
f 5983 6003 6002 5982
f 5984 6004 6003 5983
f 5985 6005 6004 5984
f 5986 6006 6005 5985
f 5987 6007 6006 5986
f 5988 6008 6007 5987
f 5989 6009 6008 5988
f 5990 6010 6009 5989
f 5991 6011 6010 5990
f 5992 6012 6011 5991
f 5993 6013 6012 5992
f 5994 6014 6013 5993
f 5995 6015 6014 5994
f 5996 6016 6015 5995
f 5997 6017 6016 5996
f 5998 6018 6017 5997
f 5999 6019 6018 5998
f 6000 6020 6019 5999
f 5981 6001 6020 6000
f 6002 6022 6021 6001
f 6003 6023 6022 6002
f 6004 6024 6023 6003
f 6005 6025 6024 6004
f 6006 6026 6025 6005
f 6007 6027 6026 6006
f 6008 6028 6027 6007
f 6009 6029 6028 6008
f 6010 6030 6029 6009
f 6011 6031 6030 6010
f 6012 6032 6031 6011
f 6013 6033 6032 6012
f 6014 6034 6033 6013
f 6015 6035 6034 6014
f 6016 6036 6035 6015
f 6017 6037 6036 6016
f 6018 6038 6037 6017
f 6019 6039 6038 6018
f 6020 6040 6039 6019
f 6001 6021 6040 6020
f 6022 6042 6041 6021
f 6023 6043 6042 6022
f 6024 6044 6043 6023
f 6025 6045 6044 6024
f 6026 6046 6045 6025
f 6027 6047 6046 6026
f 6028 6048 6047 6027
f 6029 6049 6048 6028
f 6030 6050 6049 6029
f 6031 6051 6050 6030
f 6032 6052 6051 6031
f 6033 6053 6052 6032
f 6034 6054 6053 6033
f 6035 6055 6054 6034
f 6036 6056 6055 6035
f 6037 6057 6056 6036
f 6038 6058 6057 6037
f 6039 6059 6058 6038
f 6040 6060 6059 6039
f 6021 6041 6060 6040
f 6042 6062 6061 6041
f 6043 6063 6062 6042
f 6044 6064 6063 6043
f 6045 6065 6064 6044
f 6046 6066 6065 6045
f 6047 6067 6066 6046
f 6048 6068 6067 6047
f 6049 6069 6068 6048
f 6050 6070 6069 6049
f 6051 6071 6070 6050
f 6052 6072 6071 6051
f 6053 6073 6072 6052
f 6054 6074 6073 6053
f 6055 6075 6074 6054
f 6056 6076 6075 6055
f 6057 6077 6076 6056
f 6058 6078 6077 6057
f 6059 6079 6078 6058
f 6060 6080 6079 6059
f 6041 6061 6080 6060
f 6062 6082 6081 6061
f 6063 6083 6082 6062
f 6064 6084 6083 6063
f 6065 6085 6084 6064
f 6066 6086 6085 6065
f 6067 6087 6086 6066
f 6068 6088 6087 6067
f 6069 6089 6088 6068
f 6070 6090 6089 6069
f 6071 6091 6090 6070
f 6072 6092 6091 6071
f 6073 6093 6092 6072
f 6074 6094 6093 6073
f 6075 6095 6094 6074
f 6076 6096 6095 6075
f 6077 6097 6096 6076
f 6078 6098 6097 6077
f 6079 6099 6098 6078
f 6080 6100 6099 6079
f 6061 6081 6100 6080
f 6082 6102 6101 6081
f 6083 6103 6102 6082
f 6084 6104 6103 6083
f 6085 6105 6104 6084
f 6086 6106 6105 6085
f 6087 6107 6106 6086
f 6088 6108 6107 6087
f 6089 6109 6108 6088
f 6090 6110 6109 6089
f 6091 6111 6110 6090
f 6092 6112 6111 6091
f 6093 6113 6112 6092
f 6094 6114 6113 6093
f 6095 6115 6114 6094
f 6096 6116 6115 6095
f 6097 6117 6116 6096
f 6098 6118 6117 6097
f 6099 6119 6118 6098
f 6100 6120 6119 6099
f 6081 6101 6120 6100
f 6102 6122 6121 6101
f 6103 6123 6122 6102
f 6104 6124 6123 6103
f 6105 6125 6124 6104
f 6106 6126 6125 6105
f 6107 6127 6126 6106
f 6108 6128 6127 6107
f 6109 6129 6128 6108
f 6110 6130 6129 6109
f 6111 6131 6130 6110
f 6112 6132 6131 6111
f 6113 6133 6132 6112
f 6114 6134 6133 6113
f 6115 6135 6134 6114
f 6116 6136 6135 6115
f 6117 6137 6136 6116
f 6118 6138 6137 6117
f 6119 6139 6138 6118
f 6120 6140 6139 6119
f 6101 6121 6140 6120
f 6122 6142 6141 6121
f 6123 6143 6142 6122
f 6124 6144 6143 6123
f 6125 6145 6144 6124
f 6126 6146 6145 6125
f 6127 6147 6146 6126
f 6128 6148 6147 6127
f 6129 6149 6148 6128
f 6130 6150 6149 6129
f 6131 6151 6150 6130
f 6132 6152 6151 6131
f 6133 6153 6152 6132
f 6134 6154 6153 6133
f 6135 6155 6154 6134
f 6136 6156 6155 6135
f 6137 6157 6156 6136
f 6138 6158 6157 6137
f 6139 6159 6158 6138
f 6140 6160 6159 6139
f 6121 6141 6160 6140
f 6142 6162 6161 6141
f 6143 6163 6162 6142
f 6144 6164 6163 6143
f 6145 6165 6164 6144
f 6146 6166 6165 6145
f 6147 6167 6166 6146
f 6148 6168 6167 6147
f 6149 6169 6168 6148
f 6150 6170 6169 6149
f 6151 6171 6170 6150
f 6152 6172 6171 6151
f 6153 6173 6172 6152
f 6154 6174 6173 6153
f 6155 6175 6174 6154
f 6156 6176 6175 6155
f 6157 6177 6176 6156
f 6158 6178 6177 6157
f 6159 6179 6178 6158
f 6160 6180 6179 6159
f 6141 6161 6180 6160
f 6162 6182 6181 6161
f 6163 6183 6182 6162
f 6164 6184 6183 6163
f 6165 6185 6184 6164
f 6166 6186 6185 6165
f 6167 6187 6186 6166
f 6168 6188 6187 6167
f 6169 6189 6188 6168
f 6170 6190 6189 6169
f 6171 6191 6190 6170
f 6172 6192 6191 6171
f 6173 6193 6192 6172
f 6174 6194 6193 6173
f 6175 6195 6194 6174
f 6176 6196 6195 6175
f 6177 6197 6196 6176
f 6178 6198 6197 6177
f 6179 6199 6198 6178
f 6180 6200 6199 6179
f 6161 6181 6200 6180
f 6182 6202 6201 6181
f 6183 6203 6202 6182
f 6184 6204 6203 6183
f 6185 6205 6204 6184
f 6186 6206 6205 6185
f 6187 6207 6206 6186
f 6188 6208 6207 6187
f 6189 6209 6208 6188
f 6190 6210 6209 6189
f 6191 6211 6210 6190
f 6192 6212 6211 6191
f 6193 6213 6212 6192
f 6194 6214 6213 6193
f 6195 6215 6214 6194
f 6196 6216 6215 6195
f 6197 6217 6216 6196
f 6198 6218 6217 6197
f 6199 6219 6218 6198
f 6200 6220 6219 6199
f 6181 6201 6220 6200
f 6202 6222 6221 6201
f 6203 6223 6222 6202
f 6204 6224 6223 6203
f 6205 6225 6224 6204
f 6206 6226 6225 6205
f 6207 6227 6226 6206
f 6208 6228 6227 6207
f 6209 6229 6228 6208
f 6210 6230 6229 6209
f 6211 6231 6230 6210
f 6212 6232 6231 6211
f 6213 6233 6232 6212
f 6214 6234 6233 6213
f 6215 6235 6234 6214
f 6216 6236 6235 6215
f 6217 6237 6236 6216
f 6218 6238 6237 6217
f 6219 6239 6238 6218
f 6220 6240 6239 6219
f 6201 6221 6240 6220
f 6222 6242 6241 6221
f 6223 6243 6242 6222
f 6224 6244 6243 6223
f 6225 6245 6244 6224
f 6226 6246 6245 6225
f 6227 6247 6246 6226
f 6228 6248 6247 6227
f 6229 6249 6248 6228
f 6230 6250 6249 6229
f 6231 6251 6250 6230
f 6232 6252 6251 6231
f 6233 6253 6252 6232
f 6234 6254 6253 6233
f 6235 6255 6254 6234
f 6236 6256 6255 6235
f 6237 6257 6256 6236
f 6238 6258 6257 6237
f 6239 6259 6258 6238
f 6240 6260 6259 6239
f 6221 6241 6260 6240
f 6242 6262 6261 6241
f 6243 6263 6262 6242
f 6244 6264 6263 6243
f 6245 6265 6264 6244
f 6246 6266 6265 6245
f 6247 6267 6266 6246
f 6248 6268 6267 6247
f 6249 6269 6268 6248
f 6250 6270 6269 6249
f 6251 6271 6270 6250
f 6252 6272 6271 6251
f 6253 6273 6272 6252
f 6254 6274 6273 6253
f 6255 6275 6274 6254
f 6256 6276 6275 6255
f 6257 6277 6276 6256
f 6258 6278 6277 6257
f 6259 6279 6278 6258
f 6260 6280 6279 6259
f 6241 6261 6280 6260
f 6262 6282 6281 6261
f 6263 6283 6282 6262
f 6264 6284 6283 6263
f 6265 6285 6284 6264
f 6266 6286 6285 6265
f 6267 6287 6286 6266
f 6268 6288 6287 6267
f 6269 6289 6288 6268
f 6270 6290 6289 6269
f 6271 6291 6290 6270
f 6272 6292 6291 6271
f 6273 6293 6292 6272
f 6274 6294 6293 6273
f 6275 6295 6294 6274
f 6276 6296 6295 6275
f 6277 6297 6296 6276
f 6278 6298 6297 6277
f 6279 6299 6298 6278
f 6280 6300 6299 6279
f 6261 6281 6300 6280
f 6282 6302 6301 6281
f 6283 6303 6302 6282
f 6284 6304 6303 6283
f 6285 6305 6304 6284
f 6286 6306 6305 6285
f 6287 6307 6306 6286
f 6288 6308 6307 6287
f 6289 6309 6308 6288
f 6290 6310 6309 6289
f 6291 6311 6310 6290
f 6292 6312 6311 6291
f 6293 6313 6312 6292
f 6294 6314 6313 6293
f 6295 6315 6314 6294
f 6296 6316 6315 6295
f 6297 6317 6316 6296
f 6298 6318 6317 6297
f 6299 6319 6318 6298
f 6300 6320 6319 6299
f 6281 6301 6320 6300
f 6302 6322 6321 6301
f 6303 6323 6322 6302
f 6304 6324 6323 6303
f 6305 6325 6324 6304
f 6306 6326 6325 6305
f 6307 6327 6326 6306
f 6308 6328 6327 6307
f 6309 6329 6328 6308
f 6310 6330 6329 6309
f 6311 6331 6330 6310
f 6312 6332 6331 6311
f 6313 6333 6332 6312
f 6314 6334 6333 6313
f 6315 6335 6334 6314
f 6316 6336 6335 6315
f 6317 6337 6336 6316
f 6318 6338 6337 6317
f 6319 6339 6338 6318
f 6320 6340 6339 6319
f 6301 6321 6340 6320
f 6322 6342 6341 6321
f 6323 6343 6342 6322
f 6324 6344 6343 6323
f 6325 6345 6344 6324
f 6326 6346 6345 6325
f 6327 6347 6346 6326
f 6328 6348 6347 6327
f 6329 6349 6348 6328
f 6330 6350 6349 6329
f 6331 6351 6350 6330
f 6332 6352 6351 6331
f 6333 6353 6352 6332
f 6334 6354 6353 6333
f 6335 6355 6354 6334
f 6336 6356 6355 6335
f 6337 6357 6356 6336
f 6338 6358 6357 6337
f 6339 6359 6358 6338
f 6340 6360 6359 6339
f 6321 6341 6360 6340
f 6342 6362 6361 6341
f 6343 6363 6362 6342
f 6344 6364 6363 6343
f 6345 6365 6364 6344
f 6346 6366 6365 6345
f 6347 6367 6366 6346
f 6348 6368 6367 6347
f 6349 6369 6368 6348
f 6350 6370 6369 6349
f 6351 6371 6370 6350
f 6352 6372 6371 6351
f 6353 6373 6372 6352
f 6354 6374 6373 6353
f 6355 6375 6374 6354
f 6356 6376 6375 6355
f 6357 6377 6376 6356
f 6358 6378 6377 6357
f 6359 6379 6378 6358
f 6360 6380 6379 6359
f 6341 6361 6380 6360
f 6362 6382 6381 6361
f 6363 6383 6382 6362
f 6364 6384 6383 6363
f 6365 6385 6384 6364
f 6366 6386 6385 6365
f 6367 6387 6386 6366
f 6368 6388 6387 6367
f 6369 6389 6388 6368
f 6370 6390 6389 6369
f 6371 6391 6390 6370
f 6372 6392 6391 6371
f 6373 6393 6392 6372
f 6374 6394 6393 6373
f 6375 6395 6394 6374
f 6376 6396 6395 6375
f 6377 6397 6396 6376
f 6378 6398 6397 6377
f 6379 6399 6398 6378
f 6380 6400 6399 6379
f 6361 6381 6400 6380
f 6382 2 1 6381
f 6383 3 2 6382
f 6384 4 3 6383
f 6385 5 4 6384
f 6386 6 5 6385
f 6387 7 6 6386
f 6388 8 7 6387
f 6389 9 8 6388
f 6390 10 9 6389
f 6391 11 10 6390
f 6392 12 11 6391
f 6393 13 12 6392
f 6394 14 13 6393
f 6395 15 14 6394
f 6396 16 15 6395
f 6397 17 16 6396
f 6398 18 17 6397
f 6399 19 18 6398
f 6400 20 19 6399
f 6381 1 20 6400
